tract,price_sqft_2004,count_2004,price_sqft_2014,count_2014,apprec
010100,651.0,47,977.0,13,0.50076804915514583
010200,648.0,59,1119.0,20,0.72685185185185186
010300,683.0,43,1118.0,11,0.63689604685212298
010400,656.0,68,958.0,21,0.46036585365853666
010500,561.0,43,926.0,25,0.65062388591800357
010600,571.0,19,625.0,11,0.094570928196147097
010700,373.0,13,234.0,9,-0.37265415549597858
010800,731.0,44,993.5,16,0.35909712722298215
010900,628.0,48,894.0,21,0.42356687898089174
011000,699.0,46,706.5,18,0.010729613733905685
011100,488.0,30,747.0,11,0.53073770491803285
011200,641.5,38,745.0,21,0.16134060795011695
011300,551.0,19,507.0,9,-0.079854809437386542
011700,727.0,51,1008.5,12,0.38720770288858319
011800,780.0,3,nan,0,nan
011901,644.0,50,858.0,15,0.33229813664596275
011902,506.0,31,830.0,8,0.64031620553359692
012000,455.5,6,1080.0,2,1.3710208562019757
012100,237.0,7,782.0,7,2.2995780590717301
012201,509.0,28,750.0,3,0.47347740667976423
012202,576.0,17,791.5,4,0.37413194444444442
012301,148.5,2,nan,0,nan
012302,nan,0,nan,0,nan
012401,205.0,1,420.0,1,1.0487804878048781
012402,173.0,1,1026.0,7,4.9306358381502893
012501,nan,0,1542.0,1,nan
012502,183.0,1,nan,0,nan
012601,740.5,26,1316.5,8,0.77785280216070229
012602,667.0,41,928.0,11,0.39130434782608692
012700,720.5,58,1118.0,21,0.55170020818875787
012800,720.0,63,1178.0,22,0.63611111111111107
012901,629.0,26,1099.5,16,0.74801271860095397
012902,702.5,30,882.0,11,0.25551601423487535
013000,670.0,75,994.0,19,0.48358208955223891
013101,537.0,63,827.0,6,0.54003724394785846
013102,663.5,54,962.0,13,0.4498869630746043
013200,741.0,68,1064.5,24,0.43657219973009442
013300,707.0,58,1015.5,36,0.43635077793493626
013400,624.0,63,960.0,29,0.53846153846153855
013500,575.5,32,837.0,9,0.45438748913987848
015100,588.0,68,790.5,14,0.34438775510204089
015200,597.0,66,873.0,24,0.46231155778894473
015300,565.0,36,918.0,12,0.62477876106194685
015400,536.0,68,795.0,21,0.48320895522388052
015500,545.0,21,743.0,13,0.36330275229357789
015600,490.5,28,726.5,12,0.48114169215086644
015700,559.0,63,824.0,27,0.47406082289803231
015801,471.0,59,600.0,15,0.27388535031847128
015802,376.5,34,434.0,9,0.15272244355909703
015900,498.0,23,751.0,7,0.50803212851405632
016000,507.0,64,738.5,18,0.45660749506903353
016100,412.5,6,800.0,4,0.93939393939393945
016200,567.0,15,768.5,10,0.35537918871252194
016300,455.5,46,788.5,16,0.73106476399560916
016400,480.5,24,547.0,14,0.13839750260145678
016500,375.0,48,767.0,22,1.0453333333333332
016600,442.0,53,499.0,14,0.12895927601809953
016700,435.0,69,801.0,19,0.84137931034482749
016801,493.0,42,925.0,7,0.87626774847870181
016802,406.0,18,539.0,13,0.32758620689655182
016900,371.0,17,696.0,10,0.87601078167115909
017000,594.5,78,983.0,23,0.65349032800672835
017101,644.0,54,974.0,18,0.51242236024844723
017102,565.0,39,920.0,12,0.62831858407079655
017601,472.5,38,967.0,33,1.0465608465608467
017700,479.0,24,385.5,4,-0.19519832985386221
017801,585.0,88,1020.5,14,0.74444444444444446
017802,489.0,177,772.0,30,0.57873210633946837
018000,487.0,81,851.0,32,0.74743326488706363
020100,505.0,136,768.0,27,0.52079207920792081
020200,505.0,44,896.0,18,0.77425742574257428
020300,576.0,34,548.0,14,-0.04861111111111116
020401,625.0,53,877.0,27,0.4032
020402,553.0,61,814.5,24,0.47287522603978305
020500,545.5,58,1035.0,14,0.89734188817598537
020600,566.5,80,1070.0,27,0.88879082082965577
020700,494.5,54,862.0,17,0.74317492416582409
020800,387.0,54,673.5,22,0.74031007751937983
020900,397.0,37,875.0,9,1.2040302267002518
021000,463.0,53,744.5,20,0.60799136069114468
021100,600.0,45,981.0,21,0.63500000000000001
021200,658.0,58,1032.0,21,0.56838905775075999
021300,605.0,69,1237.5,14,1.0454545454545454
021400,583.5,50,970.0,10,0.66238217652099407
021500,585.0,69,928.5,30,0.58717948717948709
021600,545.0,117,771.5,40,0.41559633027522946
021700,495.5,62,752.0,31,0.5176589303733603
021800,580.0,53,908.0,24,0.56551724137931036
022600,479.0,98,772.0,22,0.61169102296450939
022702,574.0,29,831.5,12,0.44860627177700341
022704,541.0,81,964.0,23,0.78188539741219953
022801,526.5,80,911.5,18,0.73124406457739788
022802,405.0,27,635.0,5,0.56790123456790131
022803,396.0,39,734.5,20,0.85479797979797989
022901,292.5,24,422.0,7,0.44273504273504272
022902,411.0,15,748.5,4,0.82116788321167888
022903,365.0,36,383.0,3,0.049315068493150704
023001,358.0,34,536.0,14,0.4972067039106145
023003,395.5,48,415.0,13,0.049304677623261739
023102,327.0,21,362.5,4,0.10856269113149852
023103,371.0,14,442.5,2,0.19272237196765496
023200,365.0,55,400.5,18,0.097260273972602729
023300,396.5,16,454.0,7,0.14501891551071888
023400,314.0,45,434.0,17,0.38216560509554132
025100,519.5,60,866.0,16,0.66698748796920126
025200,588.0,73,1014.5,24,0.72534013605442182
025300,575.0,52,842.0,21,0.46434782608695646
025401,488.0,39,743.5,10,0.52356557377049184
025402,569.0,48,880.0,21,0.5465729349736379
025403,452.0,81,459.0,17,0.015486725663716783
025500,451.5,88,657.0,17,0.45514950166112955
025600,523.0,55,607.0,9,0.16061185468451233
025701,423.5,56,548.0,11,0.29397874852420314
025702,406.0,39,552.0,9,0.35960591133004915
025800,351.0,22,501.5,6,0.42877492877492873
025900,469.0,52,662.0,9,0.41151385927505335
026001,376.5,40,536.5,12,0.42496679946879157
026002,462.0,33,648.0,9,0.40259740259740262
026003,465.0,49,507.5,10,0.09139784946236551
026004,428.0,61,538.0,11,0.2570093457943925
026100,409.0,49,512.5,14,0.25305623471882632
026200,421.0,83,467.5,20,0.1104513064133017
026301,383.0,30,608.0,7,0.58746736292428192
026302,387.0,65,494.0,15,0.27648578811369506
026303,369.0,42,457.0,12,0.2384823848238482
026401,416.0,37,412.0,3,-0.0096153846153845812
026402,405.0,46,474.0,12,0.17037037037037028
026403,391.0,22,337.0,4,-0.13810741687979544
026404,303.0,33,335.5,2,0.10726072607260728
030101,517.5,50,832.0,26,0.60772946859903376
030102,509.0,68,825.0,20,0.62082514734774064
030201,431.5,30,801.0,10,0.85631517960602554
030202,370.0,33,588.0,4,0.58918918918918917
030301,429.0,61,687.0,25,0.60139860139860146
030302,529.0,44,693.5,20,0.31096408317580337
030400,504.0,64,758.0,21,0.50396825396825395
030500,643.0,33,784.5,12,0.22006220839813384
030600,516.0,35,835.0,2,0.61821705426356588
030700,573.0,139,769.0,33,0.34205933682373479
030800,515.0,72,717.0,31,0.39223300970873787
030900,505.0,103,681.0,29,0.3485148514851486
031000,471.0,44,633.5,10,0.34501061571125269
031100,501.0,89,658.0,26,0.31337325349301404
031201,420.0,35,584.0,13,0.39047619047619042
031202,371.0,36,472.0,13,0.27223719676549862
031301,471.0,62,603.5,10,0.28131634819532914
031302,510.0,310,598.5,24,0.17352941176470593
031400,461.5,130,481.5,20,0.043336944745395511
032601,430.5,20,421.5,10,-0.020905923344947785
032602,455.0,26,561.5,10,0.23406593406593412
032700,414.0,73,475.5,18,0.14855072463768115
032801,415.0,38,600.0,7,0.44578313253012047
032802,469.0,39,557.0,11,0.187633262260128
032901,434.0,44,582.5,10,0.34216589861751157
032902,471.0,34,679.0,8,0.4416135881104033
033000,450.0,91,610.0,30,0.35555555555555562
033100,444.0,57,612.0,24,0.37837837837837829
033201,nan,0,nan,0,nan
033203,nan,0,nan,0,nan
035100,483.5,88,660.5,22,0.36608066184074461
035201,479.5,68,637.5,18,0.32950990615224196
035202,420.0,36,534.0,8,0.27142857142857135
035300,484.0,57,663.0,21,0.36983471074380159
035400,494.0,86,594.0,13,0.20242914979757076
040100,634.0,35,826.5,16,0.30362776025236604
040200,537.5,30,755.5,16,0.40558139534883719
042601,366.0,25,627.0,5,0.71311475409836067
042602,459.0,25,837.0,9,0.82352941176470584
042700,459.0,26,563.5,12,0.22766884531590414
042800,619.0,35,1201.5,8,0.94103392568659117
045100,429.5,30,559.5,14,0.30267753201396963
045200,443.5,52,623.0,19,0.40473506200676446
047600,453.0,45,657.0,14,0.45033112582781465
047701,373.0,37,606.0,9,0.62466487935656834
047702,435.5,24,624.0,12,0.43283582089552231
047801,380.0,27,475.0,15,0.25
047802,400.0,29,524.0,11,0.31000000000000005
047901,442.0,79,563.0,27,0.2737556561085972
047902,444.0,43,672.0,12,0.5135135135135136
060100,855.0,2,nan,0,nan
060400,368.0,10,425.0,6,0.15489130434782616
060502,367.0,7,541.0,1,0.47411444141689363
060700,674.0,97,949.0,96,0.40801186943620182
061000,351.0,23,439.0,7,0.25071225071225078
061100,571.0,11,872.5,4,0.52802101576182126
061200,350.0,49,318.0,19,-0.091428571428571415
061400,523.0,115,778.0,32,0.48757170172084141
061500,593.0,517,1050.5,198,0.77150084317032031
101100,335.0,69,362.0,17,0.080597014925373189
101200,369.0,64,336.0,27,-0.089430894308943132
102100,329.0,64,310.0,21,-0.057750759878419489
102202,358.0,113,353.0,43,-0.013966480446927387
102203,317.0,134,326.0,21,0.028391167192429068
103100,375.0,127,378.5,46,0.0093333333333334156
103200,360.0,134,345.0,31,-0.04166666666666663
104101,326.0,305,351.0,57,0.076687116564417179
104102,355.5,138,301.0,41,-0.15330520393811531
104200,358.0,131,367.0,38,0.025139664804469275
104300,391.5,40,481.5,16,0.22988505747126431
105000,255.5,252,330.0,33,0.29158512720156549
106001,367.5,72,404.5,38,0.10068027210884356
106002,383.5,118,410.0,43,0.069100391134289341
107000,413.0,108,474.0,44,0.14769975786924938
108100,403.0,101,446.5,42,0.10794044665012414
108200,390.0,126,413.5,46,0.060256410256410264
109001,425.5,56,466.0,21,0.095182138660399485
109002,453.0,65,503.0,18,0.11037527593818974
110100,427.0,97,486.0,35,0.13817330210772827
110200,418.0,99,481.0,57,0.15071770334928236
111000,424.0,46,495.5,20,0.16863207547169812
112100,432.0,81,491.0,27,0.13657407407407418
112201,325.0,59,220.5,6,-0.32153846153846155
112202,361.5,92,305.0,19,-0.15629322268326418
113000,405.5,60,441.5,18,0.088779284833538918
114100,475.0,122,502.5,32,0.057894736842105221
114200,376.0,50,432.0,19,0.14893617021276606
115000,440.0,133,539.0,57,0.22500000000000009
116000,466.0,72,555.0,13,0.19098712446351929
117000,480.5,72,607.0,33,0.26326742976066608
118100,728.5,28,958.5,26,0.31571722717913531
119100,529.0,83,861.0,43,0.6275992438563327
119201,426.0,63,460.0,26,0.079812206572769995
119202,426.0,55,626.5,30,0.47065727699530524
120000,509.0,137,663.0,56,0.30255402750491167
120500,388.0,1,nan,0,nan
121000,nan,0,371.0,1,nan
121100,499.5,90,721.0,31,0.44344344344344355
121200,434.0,76,556.0,28,0.28110599078341014
123000,782.0,37,992.5,24,0.2691815856777493
124100,520.0,97,679.5,40,0.30673076923076925
124200,590.0,123,816.0,63,0.38305084745762707
125000,528.5,66,709.0,29,0.34153263954588464
126100,598.0,122,906.5,38,0.51588628762541799
126200,496.0,125,609.5,42,0.22883064516129026
127000,529.0,100,767.0,33,0.44990548204158798
128100,458.0,159,559.0,50,0.22052401746724892
128200,524.0,100,641.0,45,0.2232824427480915
129000,343.0,20,358.0,6,0.043731778425655898
130201,626.5,92,817.0,30,0.30407023144453316
130202,495.0,111,597.5,38,0.20707070707070696
131100,527.5,14,701.0,7,0.32890995260663503
132100,684.0,51,1003.5,18,0.46710526315789469
132200,416.0,33,519.5,10,0.24879807692307687
133000,365.0,65,386.5,18,0.05890410958904102
150100,467.0,28,419.0,7,-0.10278372591006424
150202,367.0,118,393.0,39,0.070844686648501298
150203,351.0,75,337.0,35,-0.039886039886039892
150204,380.0,99,441.0,32,0.16052631578947363
150303,321.5,104,361.0,41,0.12286158631415245
150304,349.0,119,297.0,44,-0.14899713467048714
150305,349.0,66,287.0,21,-0.17765042979942691
150306,350.0,83,399.0,18,0.1399999999999999
150500,379.0,69,460.0,34,0.21372031662269131
150601,340.0,60,257.0,13,-0.24411764705882355
150602,305.0,85,280.5,18,-0.080327868852459017
150603,323.0,135,264.5,26,-0.18111455108359131
150607,316.5,106,296.0,21,-0.064770932069510234
150609,299.0,85,261.5,16,-0.12541806020066892
150610,326.5,100,298.5,24,-0.085758039816232756
150611,287.0,58,301.5,14,0.050522648083623611
150612,295.0,53,291.0,12,-0.013559322033898313
150701,372.5,66,366.0,23,-0.017449664429530221
150702,317.5,74,321.0,19,0.011023622047244164
150800,370.0,76,322.5,24,-0.1283783783783784
150901,353.5,90,320.5,22,-0.093352192362093356
150902,326.0,70,379.5,18,0.16411042944785281
151000,351.5,42,329.0,4,-0.064011379800853474
151100,340.5,28,386.0,15,0.13362701908957408
151201,408.0,39,377.0,16,-0.075980392156862697
151203,326.0,113,241.5,26,-0.25920245398773001
151204,311.0,86,245.5,18,-0.21061093247588425
151301,299.5,80,289.0,13,-0.035058430717863076
151305,261.0,85,236.5,18,-0.093869731800766298
151306,263.0,104,224.0,26,-0.14828897338403046
151307,272.5,142,241.5,38,-0.11376146788990826
151308,269.0,55,266.5,14,-0.0092936802973977439
151309,279.5,120,252.0,25,-0.098389982110912322
151310,281.5,76,233.0,16,-0.17229129662522202
151311,282.5,212,249.0,38,-0.11858407079646016
151401,302.0,139,239.0,19,-0.20860927152317876
151402,281.0,87,230.0,27,-0.18149466192170816
151502,273.0,169,238.0,34,-0.12820512820512819
151503,302.5,76,294.0,24,-0.028099173553719048
151504,297.0,77,262.0,29,-0.11784511784511786
151601,287.0,139,316.5,42,0.10278745644599296
151602,305.0,127,306.0,65,0.0032786885245901232
151700,313.0,91,295.5,36,-0.05591054313099042
151800,340.0,136,316.0,38,-0.070588235294117618
151900,360.0,52,259.0,14,-0.28055555555555556
152000,315.0,19,245.0,7,-0.22222222222222221
152100,346.0,47,287.0,10,-0.17052023121387283
152201,325.0,65,361.0,17,0.11076923076923073
152202,296.0,129,269.0,28,-0.091216216216216228
152203,326.0,63,304.5,18,-0.065950920245398725
152300,323.0,83,302.0,33,-0.065015479876160964
152400,286.0,215,291.0,57,0.017482517482517501
152501,291.5,82,276.0,32,-0.053173241852487174
152502,307.0,61,283.0,29,-0.078175895765472347
152600,306.0,174,292.5,56,-0.044117647058823484
152701,279.5,104,251.5,22,-0.10017889087656529
152702,293.0,87,281.0,22,-0.04095563139931746
152801,312.0,124,286.0,36,-0.08333333333333337
152802,261.0,94,197.0,29,-0.24521072796934862
152903,283.0,98,217.0,28,-0.2332155477031802
152904,296.0,74,259.5,22,-0.12331081081081086
152905,295.0,72,266.0,14,-0.098305084745762716
152906,339.0,79,339.0,17,0.0
153001,293.0,91,251.5,18,-0.14163822525597269
153002,264.5,158,231.0,23,-0.12665406427221171
153003,267.0,131,220.0,29,-0.17602996254681647
153005,300.0,157,261.0,31,-0.13
153006,309.5,154,257.0,37,-0.1696284329563813
153102,309.0,86,271.5,16,-0.12135922330097082
153103,318.0,91,252.0,15,-0.20754716981132071
153104,314.0,49,229.0,9,-0.27070063694267521
153200,289.0,150,236.0,24,-0.18339100346020765
153300,272.0,223,219.5,36,-0.19301470588235292
153401,336.0,91,308.0,21,-0.08333333333333337
153403,358.0,47,311.0,22,-0.13128491620111726
153404,315.0,57,406.5,14,0.29047619047619055
153501,411.0,65,372.5,20,-0.093673965936739712
153502,418.0,48,418.0,11,0.0
153600,344.0,71,447.5,16,0.30087209302325579
153703,291.0,138,304.0,38,0.044673539518900407
153704,302.0,140,255.5,34,-0.15397350993377479
153705,324.0,61,278.0,25,-0.14197530864197527
153706,348.5,84,339.0,20,-0.027259684361549463
153801,296.0,162,260.5,42,-0.11993243243243246
153804,273.0,100,251.0,25,-0.080586080586080633
153806,303.0,92,266.0,28,-0.12211221122112215
153807,285.0,90,310.0,30,0.087719298245614086
153808,290.0,96,233.0,13,-0.19655172413793098
153809,286.0,72,233.0,17,-0.18531468531468531
153901,324.5,84,293.5,26,-0.095531587057010814
153902,324.5,64,501.0,19,0.54391371340523875
153903,348.0,78,414.0,31,0.18965517241379315
154000,391.0,11,561.0,10,0.43478260869565211
154100,334.0,39,365.0,9,0.092814371257484929
154201,322.5,62,216.0,19,-0.33023255813953489
154202,274.0,147,238.0,47,-0.13138686131386856
154302,383.0,125,399.0,38,0.041775456919060039
154303,418.0,103,349.5,32,-0.1638755980861244
154304,318.5,60,293.5,16,-0.078492935635792738
200201,364.5,60,322.0,16,-0.11659807956104251
200202,393.0,26,430.0,12,0.094147582697200916
200203,426.0,41,432.0,7,0.014084507042253502
200301,345.0,73,292.0,17,-0.15362318840579714
200302,333.0,48,300.0,13,-0.099099099099099086
200400,327.0,81,377.0,27,0.15290519877675846
200501,357.0,71,381.0,15,0.067226890756302504
200503,345.0,27,324.0,7,-0.060869565217391286
200504,293.0,163,300.5,30,0.025597269624573427
200505,293.0,28,233.0,7,-0.20477815699658708
200601,337.5,94,301.0,37,-0.1081481481481481
200602,306.0,117,283.0,28,-0.075163398692810413
200703,324.5,54,340.0,20,0.047765793528505407
200704,339.0,75,289.5,18,-0.14601769911504425
200705,328.0,26,335.0,13,0.021341463414634054
200706,324.5,78,307.0,11,-0.053929121725731943
200707,320.5,46,306.0,11,-0.04524180967238689
200802,339.0,126,283.0,35,-0.16519174041297935
200803,331.0,38,337.0,18,0.01812688821752273
200804,404.0,71,313.0,17,-0.22524752475247523
200900,nan,0,nan,0,nan
201003,209.0,49,173.0,16,-0.17224880382775121
201004,212.0,149,151.0,25,-0.28773584905660377
201005,207.0,209,217.0,10,0.048309178743961345
201006,270.0,58,208.0,20,-0.22962962962962963
201007,260.5,90,201.5,20,-0.22648752399232241
201101,338.5,40,334.0,12,-0.013293943870014813
201102,383.0,23,325.5,16,-0.15013054830287209
201200,315.0,73,341.0,23,0.082539682539682468
201300,396.0,37,485.5,16,0.22601010101010099
201401,400.0,105,404.0,43,0.010000000000000009
201402,418.5,44,430.0,18,0.027479091995221028
201403,221.0,14,670.0,4,2.0316742081447963
201500,474.0,20,528.5,14,0.11497890295358659
201601,383.0,35,507.0,14,0.32375979112271547
201602,436.0,48,524.0,28,0.201834862385321
201700,332.0,63,380.5,26,0.14608433734939763
201800,194.0,73,114.0,18,-0.41237113402061853
201900,534.0,17,795.0,5,0.4887640449438202
202000,343.5,74,355.0,19,0.033478893740902516
250103,233.0,99,155.0,31,-0.33476394849785407
250104,240.0,31,159.0,15,-0.33750000000000002
250105,259.5,178,180.0,47,-0.30635838150289019
250106,219.0,181,177.0,43,-0.19178082191780821
250200,277.0,85,175.5,34,-0.36642599277978338
250300,300.0,84,172.5,40,-0.42500000000000004
250400,275.5,110,165.0,36,-0.40108892921960071
250501,269.0,53,183.0,16,-0.3197026022304833
250502,241.0,76,164.0,27,-0.31950207468879666
250601,257.0,137,152.0,32,-0.40856031128404668
250604,265.5,172,195.0,31,-0.2655367231638418
250605,264.0,97,190.5,26,-0.27840909090909094
250701,229.0,55,145.0,17,-0.36681222707423577
250801,236.0,55,148.0,15,-0.3728813559322034
250900,222.0,41,112.0,13,-0.49549549549549554
251000,211.0,73,117.0,19,-0.4454976303317536
251100,241.0,103,122.5,20,-0.49170124481327804
251200,249.0,83,145.0,11,-0.41767068273092367
251300,261.0,91,170.5,20,-0.34674329501915713
251400,273.5,134,154.0,44,-0.43692870201096889
251500,239.0,102,144.5,24,-0.39539748953974896
251600,227.0,62,131.0,16,-0.4229074889867841
251701,235.0,100,140.0,28,-0.4042553191489362
251702,220.0,200,142.0,31,-0.3545454545454545
251802,302.0,14,199.0,1,-0.34105960264900659
251803,260.0,137,161.0,19,-0.38076923076923075
251804,250.0,66,145.0,15,-0.42000000000000004
251901,228.0,127,110.0,41,-0.51754385964912286
251902,246.0,140,144.0,29,-0.41463414634146345
251903,242.0,127,153.5,36,-0.36570247933884292
252000,330.5,84,283.0,33,-0.14372163388804837
252102,261.0,107,212.0,19,-0.1877394636015326
252103,240.0,79,173.0,29,-0.27916666666666667
252104,251.0,163,221.0,34,-0.11952191235059761
252105,272.0,79,267.0,33,-0.018382352941176516
252106,264.0,101,248.0,22,-0.060606060606060552
252107,270.5,70,252.0,23,-0.068391866913123822
252108,306.0,95,253.0,15,-0.17320261437908502
252201,248.5,388,204.0,96,-0.17907444668008043
252202,252.0,411,183.0,60,-0.27380952380952384
252305,220.0,151,179.5,28,-0.18409090909090908
252306,226.0,91,186.0,21,-0.17699115044247793
252310,239.0,69,215.0,20,-0.10041841004184104
252311,209.0,161,162.0,21,-0.22488038277511957
252312,231.0,53,177.0,13,-0.23376623376623373
252313,202.0,134,165.5,36,-0.18069306930693074
252314,220.5,96,165.0,35,-0.25170068027210879
252315,218.0,91,161.0,19,-0.26146788990825687
252316,223.5,82,172.0,23,-0.23042505592841167
252317,195.0,529,167.0,55,-0.14358974358974363
252401,256.0,136,156.5,28,-0.388671875
252402,223.0,120,151.5,18,-0.320627802690583
252501,258.0,51,139.0,13,-0.46124031007751942
252502,197.0,39,160.0,6,-0.18781725888324874
252604,214.0,218,152.0,19,-0.28971962616822433
252605,233.5,60,158.0,14,-0.32334047109207709
252606,226.0,85,176.0,25,-0.22123893805309736
252607,248.0,61,143.5,12,-0.4213709677419355
252608,202.0,102,146.0,29,-0.27722772277227725
252610,212.0,63,159.0,29,-0.25
252611,192.5,100,71.5,16,-0.62857142857142856
252702,215.5,174,165.0,52,-0.23433874709976799
252703,237.0,143,171.0,26,-0.27848101265822789
252704,221.0,94,158.0,21,-0.28506787330316741
252705,224.0,172,162.0,41,-0.2767857142857143
252706,209.0,280,173.0,27,-0.17224880382775121
252707,225.0,91,171.0,23,-0.23999999999999999
252802,nan,0,nan,0,nan
252903,309.0,61,237.0,25,-0.23300970873786409
252904,287.0,48,233.5,30,-0.18641114982578399
252908,206.0,57,164.5,14,-0.20145631067961167
252909,231.0,104,188.0,17,-0.18614718614718617
252910,229.0,167,183.0,59,-0.20087336244541487
252911,233.0,214,187.0,53,-0.19742489270386265
252912,215.5,152,183.0,41,-0.15081206496519717
252913,238.0,154,197.0,22,-0.17226890756302526
252914,234.0,207,208.0,35,-0.11111111111111116
252915,238.0,85,190.0,41,-0.20168067226890751
253101,222.5,110,193.0,36,-0.13258426966292136
253105,221.0,119,182.5,22,-0.17420814479638014
253106,233.0,66,194.0,19,-0.16738197424892709
253107,234.0,146,184.0,21,-0.21367521367521369
253108,238.0,91,193.5,28,-0.18697478991596639
253201,241.0,97,194.0,31,-0.19502074688796678
253203,229.0,101,185.5,24,-0.18995633187772931
253204,234.0,191,217.0,38,-0.072649572649572614
253205,242.0,81,191.5,26,-0.20867768595041325
253206,232.0,146,197.0,21,-0.15086206896551724
253300,339.0,22,321.0,4,-0.053097345132743334
253402,202.0,286,172.0,32,-0.14851485148514854
253403,214.0,183,186.0,46,-0.13084112149532712
253404,223.5,172,182.0,31,-0.18568232662192397
253500,189.0,450,162.0,89,-0.1428571428571429
301000,288.0,79,145.0,39,-0.49652777777777779
302005,244.0,173,202.5,40,-0.17008196721311475
302006,224.0,146,185.5,30,-0.171875
302007,236.0,155,175.5,38,-0.25635593220338981
302008,179.0,245,146.0,57,-0.18435754189944131
302009,234.0,179,163.0,50,-0.30341880341880345
302010,227.5,284,186.5,74,-0.18021978021978025
303102,237.0,81,176.0,47,-0.2573839662447257
303103,205.5,698,186.0,92,-0.094890510948905105
303201,214.5,554,173.0,97,-0.19347319347319347
303202,215.0,357,195.0,49,-0.093023255813953543
303203,213.0,321,196.0,77,-0.079812206572769995
303204,245.0,90,207.5,28,-0.15306122448979587
303205,231.0,407,220.0,105,-0.047619047619047672
304001,199.5,264,195.5,28,-0.020050125313283207
304002,284.0,18,145.0,4,-0.48943661971830987
304003,235.0,220,221.0,53,-0.059574468085106358
304004,277.0,187,252.5,58,-0.088447653429602924
304005,174.0,373,145.0,69,-0.16666666666666663
305000,238.5,142,145.0,28,-0.39203354297693915
306002,254.0,96,171.0,25,-0.32677165354330706
306003,255.5,138,162.0,44,-0.36594911937377694
306004,257.5,80,162.5,24,-0.3689320388349514
307101,230.0,101,169.0,31,-0.26521739130434785
307102,248.0,171,163.0,26,-0.342741935483871
307201,239.0,49,186.0,18,-0.22175732217573219
307202,200.0,182,97.0,30,-0.51500000000000001
307204,244.0,147,181.0,27,-0.25819672131147542
307205,255.5,168,157.0,39,-0.38551859099804309
308001,238.0,261,166.0,52,-0.30252100840336138
308002,218.5,120,152.0,41,-0.30434782608695654
309000,221.0,111,155.0,18,-0.29864253393665163
310000,201.0,244,159.0,28,-0.20895522388059706
311000,250.0,99,156.5,24,-0.374
312000,237.0,57,161.0,8,-0.32067510548523204
313101,230.0,116,158.5,26,-0.31086956521739129
313102,249.0,79,172.5,18,-0.30722891566265065
313103,213.5,196,178.5,36,-0.16393442622950816
313203,279.5,82,195.0,15,-0.30232558139534882
313204,242.0,101,196.0,25,-0.19008264462809921
313205,279.0,39,229.0,8,-0.17921146953405021
313206,262.0,108,195.5,24,-0.25381679389312972
314102,265.0,150,182.0,14,-0.31320754716981136
314103,239.0,127,175.0,18,-0.26778242677824271
314104,259.0,179,153.0,27,-0.40926640926640923
314200,276.0,99,165.0,21,-0.40217391304347827
315000,261.0,116,215.0,21,-0.17624521072796939
316000,288.0,7,198.0,3,-0.3125
317000,294.5,34,246.0,15,-0.16468590831918506
318000,313.0,81,302.0,27,-0.035143769968051131
319000,294.0,199,259.5,50,-0.11734693877551017
320001,312.0,73,224.0,15,-0.28205128205128205
320003,296.0,93,270.5,26,-0.086148648648648685
320004,289.0,157,265.0,53,-0.083044982698961989
321101,312.0,144,276.5,42,-0.11378205128205132
321102,303.0,199,296.5,72,-0.021452145214521434
321103,324.0,99,328.0,25,0.012345679012345734
321200,311.0,151,268.0,32,-0.13826366559485526
322000,332.0,158,373.5,52,0.125
323000,353.0,101,376.0,36,0.065155807365439022
324001,367.5,72,364.0,19,-0.00952380952380949
324002,333.5,86,337.0,22,0.010494752623688264
325000,350.0,111,395.0,33,0.12857142857142856
326000,351.0,80,464.0,19,0.32193732193732183
327000,255.0,206,211.0,41,-0.17254901960784319
328000,264.0,21,249.5,4,-0.054924242424242431
329000,314.5,164,279.0,29,-0.11287758346581878
330000,333.0,146,303.0,61,-0.090090090090090058
331000,301.0,163,240.0,49,-0.20265780730897009
332000,301.0,171,282.0,62,-0.063122923588039836
333101,292.0,105,270.0,32,-0.075342465753424626
333102,296.0,82,242.0,17,-0.18243243243243246
333200,292.0,141,295.0,38,0.010273972602739656
334001,328.0,95,324.0,27,-0.012195121951219523
334004,278.0,214,239.0,59,-0.14028776978417268
334006,291.0,115,304.0,31,0.044673539518900407
334200,353.5,142,472.0,48,0.33521923620933514
335000,353.0,97,302.5,20,-0.14305949008498586
336101,345.0,57,224.0,13,-0.35072463768115947
336102,243.0,134,180.0,20,-0.2592592592592593
336201,338.0,73,297.5,22,-0.11982248520710059
336202,255.0,65,257.0,10,0.0078431372549019329
337100,285.0,49,285.0,20,0.0
337200,290.5,180,286.0,41,-0.015490533562822706
337300,307.0,103,343.0,29,0.11726384364820852
338101,269.0,142,249.0,24,-0.074349442379182173
338102,316.5,88,301.5,24,-0.047393364928909998
338201,311.0,93,318.0,31,0.022508038585209
338203,351.0,153,359.0,54,0.022792022792022859
338204,326.0,181,366.0,51,0.12269938650306744
338301,336.0,46,395.0,12,0.17559523809523814
338302,367.0,109,402.5,36,0.09673024523160767
339001,338.0,27,469.0,17,0.38757396449704151
339002,336.0,149,362.0,53,0.077380952380952328
340001,340.0,171,344.5,34,0.013235294117647012
340002,364.0,197,440.5,52,0.21016483516483508
341000,398.0,104,548.0,25,0.37688442211055273
343001,364.0,169,431.0,19,0.18406593406593408
343002,349.0,92,394.0,33,0.12893982808022919
343003,359.0,53,405.0,18,0.12813370473537611
345101,335.0,185,369.0,39,0.10149253731343277
345102,368.0,96,463.0,35,0.25815217391304346
345103,329.5,122,411.0,28,0.24734446130500753
345105,350.0,173,413.5,50,0.18142857142857149
345108,350.0,282,396.0,103,0.13142857142857145
345111,314.0,73,395.0,31,0.2579617834394905
345112,344.0,122,386.0,43,0.12209302325581395
345113,338.0,145,380.0,38,0.12426035502958577
345114,362.0,158,428.5,58,0.18370165745856348
345115,329.0,168,394.5,40,0.19908814589665647
345116,347.0,68,368.0,13,0.060518731988472574
345202,353.5,220,386.0,49,0.091937765205091893
345203,371.0,170,419.0,61,0.12938005390835583
345204,418.0,73,542.0,22,0.29665071770334928
346101,375.0,69,417.5,16,0.11333333333333329
346102,389.0,159,469.0,49,0.20565552699228795
346201,400.0,149,480.0,60,0.19999999999999996
346203,344.0,86,446.5,40,0.29796511627906974
346204,357.0,201,409.0,49,0.14565826330532206
347000,350.0,116,390.0,50,0.11428571428571432
348000,444.0,74,552.0,25,0.2432432432432432
349000,404.0,63,550.0,29,0.36138613861386149
350000,390.0,85,494.0,36,0.26666666666666661
351101,303.0,125,340.0,68,0.12211221122112215
351102,314.0,95,343.0,39,0.092356687898089262
351103,306.5,110,400.0,51,0.30505709624796085
351200,441.0,88,544.0,43,0.23356009070294781
352101,369.0,49,511.0,17,0.38482384823848248
352102,370.5,98,480.0,36,0.29554655870445345
352201,379.0,138,486.0,33,0.28232189973614785
352202,360.0,75,363.0,27,0.0083333333333333037
353001,398.5,90,528.0,19,0.32496863237139273
353002,419.5,74,541.0,27,0.2896305125148988
354001,386.5,34,527.5,16,0.36481241914618368
354002,448.0,120,504.5,58,0.1261160714285714
355107,205.0,133,149.5,30,-0.27073170731707319
355108,208.0,496,155.0,71,-0.25480769230769229
355109,208.0,189,159.0,55,-0.23557692307692313
355110,234.0,153,175.0,35,-0.25213675213675213
355111,233.0,215,158.0,61,-0.32188841201716734
355112,381.0,162,430.0,43,0.1286089238845145
355113,316.0,147,357.0,54,0.129746835443038
355114,306.0,591,392.5,82,0.28267973856209161
355115,296.0,200,379.0,38,0.28040540540540548
355116,301.0,291,333.0,37,0.10631229235880402
355117,269.0,190,348.0,54,0.29368029739776946
355200,226.0,235,186.0,36,-0.17699115044247793
355301,273.0,309,276.5,58,0.012820512820512775
355302,360.0,65,421.0,15,0.16944444444444451
355304,298.0,290,288.0,50,-0.033557046979865723
355306,305.0,97,298.0,41,-0.022950819672131195
356001,300.0,71,222.0,24,-0.26000000000000001
356002,295.0,125,243.5,28,-0.1745762711864407
357000,232.0,80,176.5,18,-0.23922413793103448
358000,272.0,122,198.0,28,-0.2720588235294118
359102,288.0,99,237.0,21,-0.17708333333333337
359103,300.0,82,234.0,28,-0.21999999999999997
359104,292.0,119,237.0,27,-0.18835616438356162
359105,276.5,224,228.5,28,-0.17359855334538876
359202,307.5,98,254.0,37,-0.17398373983739834
359203,281.0,172,229.0,36,-0.18505338078291811
359204,283.0,91,219.0,9,-0.22614840989399299
360101,273.5,126,229.0,27,-0.16270566727605118
360102,274.0,72,238.0,18,-0.13138686131386856
360200,272.0,92,206.0,15,-0.24264705882352944
361000,280.5,132,206.0,23,-0.26559714795008915
362000,322.0,55,335.5,18,0.041925465838509313
363000,286.5,172,215.0,42,-0.24956369982547988
364002,333.5,82,233.5,18,-0.2998500749625187
365002,225.0,153,145.0,35,-0.35555555555555551
365003,254.5,70,168.5,14,-0.33791748526522591
366001,306.0,89,248.5,18,-0.18790849673202614
366002,283.0,97,180.0,16,-0.36395759717314491
367100,311.0,90,215.0,25,-0.3086816720257235
367200,285.5,164,228.5,14,-0.19964973730297719
368001,295.0,106,230.0,15,-0.22033898305084743
368002,285.0,74,191.0,11,-0.3298245614035088
369001,242.0,120,145.0,19,-0.40082644628099173
369002,277.0,76,196.0,18,-0.29241877256317694
370000,336.0,47,341.0,22,0.014880952380952328
371000,336.0,123,256.0,27,-0.23809523809523814
372000,336.5,152,250.0,46,-0.25705794947994054
373000,309.0,65,227.0,16,-0.2653721682847896
374000,319.5,108,237.0,22,-0.25821596244131451
375000,264.5,82,152.0,15,-0.4253308128544423
376000,210.0,281,126.0,26,-0.40000000000000002
377000,229.0,115,120.5,30,-0.47379912663755464
378000,318.5,144,314.0,27,-0.014128728414442682
379000,283.0,147,166.0,37,-0.41342756183745588
380000,316.0,101,314.5,50,-0.004746835443038
381000,271.0,122,167.0,26,-0.3837638376383764
382000,275.0,81,205.0,22,-0.25454545454545452
383000,347.5,108,385.0,25,0.1079136690647482
384000,366.0,63,386.0,26,0.05464480874316946
385100,352.5,54,396.0,17,0.123404255319149
385200,350.5,34,436.0,7,0.24393723252496424
386000,344.0,47,444.0,11,0.29069767441860472
387000,386.0,29,461.0,13,0.19430051813471505
388000,414.5,46,480.5,4,0.1592279855247285
389100,473.0,21,475.0,11,0.0042283298097252064
389200,288.0,13,363.5,4,0.26215277777777768
390100,359.0,39,419.0,21,0.16713091922005563
390200,458.0,34,589.0,6,0.2860262008733625
391000,393.5,32,466.0,21,0.1842439644218552
392000,418.5,50,441.0,15,0.053763440860215006
392200,282.0,341,207.0,54,-0.26595744680851063
392300,246.0,375,228.0,13,-0.073170731707317027
400100,384.0,86,437.0,27,0.13802083333333326
400200,404.0,33,576.5,6,0.42698019801980203
400300,448.0,65,681.0,23,0.52008928571428581
400400,459.0,47,577.0,19,0.25708061002178639
400500,338.0,39,415.0,16,0.22781065088757391
400600,339.0,22,372.5,12,0.098820058997050042
400700,256.0,67,347.0,37,0.35546875
400800,354.0,52,386.0,30,0.090395480225988756
400900,282.0,49,373.0,15,0.32269503546099298
401000,277.0,118,333.0,29,0.20216606498194944
401100,285.0,54,405.0,24,0.42105263157894735
401200,437.5,38,546.0,12,0.248
401300,390.0,73,405.0,10,0.038461538461538547
401400,215.5,76,203.0,24,-0.058004640371229654
401500,267.0,73,208.0,16,-0.22097378277153557
401600,224.0,40,146.0,9,-0.3482142857142857
401700,260.0,51,320.5,28,0.23269230769230775
401800,190.5,38,205.0,7,0.076115485564304475
402200,208.0,48,216.5,12,0.040865384615384581
402400,206.0,23,277.0,9,0.34466019417475735
402500,239.0,10,168.0,2,-0.29707112970711302
402600,226.0,4,482.0,3,1.1327433628318584
402700,174.0,18,116.0,1,-0.33333333333333337
402800,121.0,3,424.0,5,2.5041322314049586
402900,nan,0,nan,0,nan
403000,542.0,60,394.5,16,-0.27214022140221406
403100,375.0,12,383.0,3,0.021333333333333426
403300,389.0,82,394.0,39,0.012853470437018011
403400,456.0,146,448.5,12,-0.016447368421052655
403501,265.5,28,384.5,8,0.44821092278719399
403502,312.5,62,341.5,14,0.092799999999999994
403600,339.0,56,368.5,22,0.087020648967551573
403701,346.0,34,334.0,13,-0.034682080924855474
403702,327.0,30,372.0,13,0.13761467889908263
403800,382.5,48,382.0,17,-0.0013071895424836555
403900,345.0,124,394.0,22,0.1420289855072463
404000,351.0,63,423.0,15,0.20512820512820507
404101,401.0,53,498.0,22,0.24189526184538646
404102,373.0,20,404.0,8,0.083109919571045632
404200,422.0,73,493.0,23,0.16824644549763024
404300,428.0,78,530.5,22,0.23948598130841114
404400,406.0,183,399.0,53,-0.017241379310344862
404501,396.0,40,519.0,13,0.31060606060606055
404502,409.0,153,477.0,42,0.16625916870415658
404600,362.5,124,436.0,30,0.20275862068965522
404700,431.0,54,482.5,20,0.11948955916473314
404800,417.0,45,461.0,17,0.10551558752997603
404900,411.0,87,460.5,26,0.12043795620437958
405000,406.0,72,453.0,23,0.11576354679802958
405100,401.0,61,540.0,21,0.34663341645885293
405200,232.0,49,321.0,14,0.38362068965517238
405301,307.0,20,185.0,5,-0.39739413680781754
405302,184.0,11,48.0,2,-0.73913043478260865
405401,243.0,33,215.0,5,-0.1152263374485597
405402,262.0,27,228.0,5,-0.12977099236641221
405500,255.0,40,247.0,10,-0.031372549019607843
405600,263.5,34,317.5,6,0.20493358633776082
405700,303.0,41,234.0,9,-0.2277227722772277
405800,239.0,69,224.5,10,-0.060669456066945626
405901,257.5,34,183.5,10,-0.28737864077669906
405902,248.0,29,195.5,10,-0.21169354838709675
406000,233.0,14,364.5,8,0.56437768240343344
406100,280.0,27,286.0,21,0.021428571428571352
406201,229.5,44,181.0,10,-0.21132897603485834
406202,271.0,23,220.5,6,-0.18634686346863472
406300,253.0,49,185.5,12,-0.26679841897233203
406400,301.0,33,292.0,6,-0.029900332225913595
406500,304.0,57,253.0,19,-0.16776315789473684
406601,310.0,83,283.0,26,-0.087096774193548332
406602,299.0,37,219.0,15,-0.26755852842809369
406700,419.0,109,450.0,53,0.07398568019093088
406800,400.0,67,376.0,18,-0.060000000000000053
406900,382.0,66,362.0,23,-0.052356020942408432
407000,351.0,86,296.0,17,-0.15669515669515666
407101,256.0,25,184.5,12,-0.279296875
407102,270.5,58,255.5,12,-0.055452865064695045
407200,249.0,29,174.0,9,-0.3012048192771084
407300,269.0,37,281.0,2,0.044609665427509215
407400,283.0,41,180.0,11,-0.36395759717314491
407500,257.0,78,157.5,20,-0.38715953307392992
407600,289.0,105,263.0,31,-0.089965397923875479
407700,310.0,103,306.5,50,-0.011290322580645107
407800,372.0,51,383.0,8,0.029569892473118253
407900,375.0,78,423.0,20,0.12799999999999989
408000,347.0,51,376.0,11,0.0835734870317002
408100,351.0,136,305.0,63,-0.13105413105413111
408200,280.5,102,252.0,27,-0.10160427807486627
408300,312.0,136,292.0,35,-0.064102564102564097
408400,286.0,91,184.5,22,-0.3548951048951049
408500,270.0,143,170.0,44,-0.37037037037037035
408600,280.5,112,182.0,32,-0.35115864527629237
408700,262.0,124,175.0,30,-0.33206106870229013
408800,311.0,89,131.0,19,-0.5787781350482315
408900,235.0,69,154.5,12,-0.3425531914893617
409000,289.0,67,193.0,16,-0.33217993079584773
409100,306.0,57,148.0,9,-0.51633986928104569
409200,265.0,51,195.5,18,-0.26226415094339628
409300,273.5,80,186.0,32,-0.31992687385740404
409400,252.5,84,159.5,16,-0.36831683168316831
409500,256.5,70,126.0,15,-0.50877192982456143
409600,243.0,123,179.0,26,-0.26337448559670784
409700,253.0,102,130.0,22,-0.48616600790513831
409800,285.0,63,270.0,29,-0.052631578947368474
409900,296.0,79,249.5,22,-0.15709459459459463
410000,350.0,56,302.5,22,-0.13571428571428568
410100,262.0,65,248.5,26,-0.051526717557251911
410200,311.5,62,181.5,24,-0.4173354735152488
410300,267.5,94,177.0,15,-0.33831775700934574
410400,302.0,97,217.0,25,-0.2814569536423841
410500,218.0,9,239.0,3,0.096330275229357776
420100,481.5,30,642.0,5,0.33333333333333326
420200,443.0,33,502.0,17,0.13318284424379234
420300,344.0,113,362.0,35,0.05232558139534893
420500,471.0,27,677.5,8,0.43842887473460723
420600,487.0,45,614.5,16,0.26180698151950721
421100,509.0,31,629.0,14,0.23575638506876229
421200,437.0,50,621.5,14,0.4221967963386728
421300,501.5,60,545.0,16,0.0867397806580259
421400,454.0,15,654.0,7,0.44052863436123357
421500,421.5,54,568.0,21,0.34756820877817329
421600,456.0,59,583.0,25,0.27850877192982448
421700,371.0,31,685.5,6,0.84770889487870615
421800,511.0,21,596.0,7,0.16634050880626217
421900,480.0,58,636.0,17,0.32499999999999996
422000,344.0,27,538.5,10,0.56540697674418605
422100,419.0,36,480.0,17,0.14558472553699287
422200,449.0,29,610.5,12,0.35968819599109136
422300,440.0,34,587.0,9,0.33409090909090899
422400,325.5,14,514.0,7,0.57910906298003062
422500,442.0,26,641.5,4,0.45135746606334837
422600,nan,0,383.0,1,nan
422700,447.0,7,589.5,6,0.31879194630872476
422800,432.5,6,372.0,1,-0.1398843930635838
422900,412.0,5,339.5,2,-0.17597087378640774
423000,398.5,48,397.5,8,-0.0025094102885822034
423100,384.0,63,467.0,21,0.21614583333333326
423200,356.0,35,345.0,7,-0.030898876404494402
423300,394.0,57,454.0,23,0.15228426395939088
423400,336.0,43,390.0,18,0.16071428571428581
423500,342.5,24,246.0,9,-0.28175182481751826
423601,465.0,25,548.0,6,0.17849462365591395
423602,369.0,23,671.0,3,0.81842818428184283
423700,469.0,36,643.0,13,0.37100213219616207
423800,469.0,44,717.0,11,0.52878464818763327
423901,406.5,20,421.5,2,0.036900369003689981
423902,429.0,16,509.0,5,0.18648018648018638
424001,261.5,28,409.0,15,0.56405353728489493
424002,348.0,39,468.0,15,0.34482758620689657
425101,422.0,91,439.0,29,0.040284360189573487
425102,462.0,53,411.0,56,-0.11038961038961037
425103,437.0,56,444.0,17,0.016018306636155666
425104,331.0,47,389.0,14,0.17522658610271913
426100,513.0,81,701.0,57,0.3664717348927875
426200,500.0,68,652.5,32,0.30499999999999994
427100,427.5,54,532.0,21,0.24444444444444446
427200,352.0,39,388.5,14,0.10369318181818188
427300,382.0,68,435.0,13,0.1387434554973821
427600,343.5,18,399.0,2,0.16157205240174677
427700,381.0,65,360.0,14,-0.055118110236220486
427800,358.0,62,496.0,21,0.38547486033519562
427900,346.0,37,391.0,12,0.13005780346820806
428000,343.0,29,420.0,5,0.22448979591836737
428100,367.0,60,474.0,17,0.29155313351498635
428200,405.0,97,436.0,28,0.076543209876543283
428301,362.0,158,388.0,31,0.07182320441988943
428302,357.5,124,426.0,50,0.19160839160839171
428400,315.0,33,342.0,15,0.085714285714285632
428500,359.0,47,420.0,17,0.16991643454039007
428600,366.0,71,356.5,10,-0.025956284153005438
428700,310.0,45,352.0,8,0.13548387096774195
430101,319.0,105,337.0,26,0.056426332288401326
430102,324.0,28,385.0,9,0.18827160493827155
430200,331.5,110,371.0,33,0.11915535444947212
430300,335.0,64,362.0,25,0.080597014925373189
430400,314.5,32,324.5,16,0.031796502384737746
430500,326.0,119,310.5,24,-0.047546012269938598
430600,314.0,139,351.5,28,0.11942675159235661
430700,380.0,68,414.5,18,0.090789473684210531
430800,350.0,96,336.0,29,-0.040000000000000036
430900,315.0,41,388.5,12,0.23333333333333339
431000,346.0,33,399.0,7,0.15317919075144504
431100,343.5,48,362.0,13,0.053857350800582182
431200,319.0,159,295.0,47,-0.075235109717868287
432100,346.5,74,316.0,25,-0.088023088023088003
432200,330.0,57,256.5,18,-0.22272727272727277
432300,302.0,180,322.5,18,0.067880794701986824
432400,361.0,74,253.0,19,-0.29916897506925211
432501,363.5,48,333.5,8,-0.082530949105914742
432502,355.0,65,321.0,11,-0.095774647887323927
432600,292.0,106,242.0,23,-0.17123287671232879
432700,336.0,61,314.0,13,-0.065476190476190466
432800,299.0,75,278.5,24,-0.068561872909698951
433000,350.0,93,336.5,24,-0.03857142857142859
433102,307.0,61,276.5,14,-0.099348534201954442
433103,303.5,30,253.0,15,-0.16639209225700169
433104,314.0,35,235.0,9,-0.25159235668789814
433200,329.0,83,310.0,24,-0.057750759878419489
433300,361.0,102,371.0,25,0.027700831024930705
433400,306.0,145,303.0,21,-0.0098039215686274161
433500,364.0,53,352.5,26,-0.031593406593406592
433600,371.0,78,320.5,10,-0.13611859838274931
433700,296.0,52,297.0,12,0.0033783783783782884
433800,345.0,107,266.0,19,-0.22898550724637678
433900,334.5,56,251.5,6,-0.24813153961136025
434000,286.0,107,309.0,19,0.080419580419580416
435102,282.0,134,266.0,21,-0.05673758865248224
435103,332.0,127,355.0,31,0.069277108433734913
435104,322.0,88,315.0,19,-0.021739130434782594
435200,303.5,98,312.0,20,0.028006589785831926
435300,304.5,84,268.0,20,-0.11986863711001638
435400,293.0,113,250.0,17,-0.14675767918088733
435500,311.5,62,320.0,9,0.027287319422150791
435601,319.0,78,254.0,13,-0.20376175548589337
435602,306.0,60,272.0,10,-0.11111111111111116
435700,352.0,72,318.0,19,-0.096590909090909061
435800,368.0,119,340.5,22,-0.074728260869565188
435900,333.0,108,333.0,33,0.0
436000,355.0,95,358.0,21,0.0084507042253521014
436100,332.0,71,321.0,19,-0.033132530120481896
436200,319.0,24,243.0,5,-0.23824451410658309
436300,338.0,160,289.0,35,-0.1449704142011834
436401,292.0,162,275.0,47,-0.058219178082191791
436402,299.0,59,286.0,17,-0.043478260869565188
436500,358.0,54,271.0,19,-0.24301675977653636
436601,367.0,79,335.0,12,-0.08719346049046317
436602,302.5,56,280.5,6,-0.072727272727272751
436700,359.5,56,280.0,26,-0.22114047287899863
436800,326.0,63,276.0,12,-0.15337423312883436
436900,345.0,81,305.0,23,-0.11594202898550721
437000,334.0,109,335.5,24,0.0044910179640718084
437101,290.0,179,310.0,31,0.068965517241379226
437102,271.0,121,251.0,23,-0.073800738007380073
437200,314.5,74,295.0,23,-0.062003179650238494
437300,352.0,51,336.0,14,-0.045454545454545414
437400,374.0,70,312.0,19,-0.16577540106951871
437500,303.5,44,314.0,6,0.034596375617792496
437600,299.0,67,283.0,17,-0.053511705685618693
437701,300.5,40,220.0,11,-0.26788685524126454
437702,252.5,16,299.0,7,0.1841584158415841
437800,325.0,99,292.0,17,-0.10153846153846158
437900,357.0,27,203.5,12,-0.42997198879551823
438000,333.0,61,349.5,22,0.049549549549549488
438100,324.0,150,370.0,34,0.14197530864197527
438201,384.0,61,300.0,17,-0.21875
438203,304.0,69,258.5,10,-0.14967105263157898
438204,314.0,79,287.0,18,-0.085987261146496796
438300,360.5,84,308.0,12,-0.14563106796116509
438400,353.0,38,323.5,4,-0.083569405099150118
440100,318.0,77,343.5,8,0.080188679245283057
440200,315.0,85,323.0,21,0.025396825396825307
440301,346.0,122,363.0,21,0.049132947976878505
440304,305.0,84,326.0,15,0.068852459016393475
440305,361.0,47,371.5,14,0.029085872576177341
440306,290.0,127,319.0,19,0.10000000000000009
440307,307.0,78,339.5,18,0.10586319218241047
440308,312.0,61,363.0,15,0.16346153846153855
440331,335.0,57,321.5,8,-0.040298507462686595
440332,303.0,59,341.0,5,0.12541254125412538
440333,324.0,61,320.0,5,-0.012345679012345734
440334,322.0,73,359.0,9,0.11490683229813659
440335,343.0,128,361.5,22,0.053935860058309082
440336,316.0,103,352.5,18,0.115506329113924
441100,341.0,100,429.0,22,0.25806451612903225
441200,348.0,139,445.0,28,0.27873563218390807
441301,343.0,47,440.0,6,0.28279883381924198
441302,345.0,93,469.5,24,0.36086956521739122
441401,320.0,159,363.0,27,0.13437499999999991
441402,329.5,100,421.0,24,0.27769347496206365
441501,327.0,102,344.0,19,0.051987767584097844
441503,364.0,71,496.0,71,0.36263736263736268
441521,365.0,108,492.5,24,0.34931506849315075
441522,330.5,132,421.5,32,0.27534039334341909
441523,371.0,88,487.0,14,0.31266846361185974
441524,364.0,106,485.0,20,0.33241758241758235
441601,349.5,96,450.0,19,0.28755364806866957
441602,320.0,133,413.0,28,0.29062499999999991
441700,333.0,201,380.0,51,0.14114114114114118
441800,317.0,157,388.0,43,0.22397476340694
441921,410.0,41,520.5,6,0.26951219512195124
441923,291.5,30,345.0,5,0.18353344768439106
441924,329.0,320,394.0,47,0.19756838905775087
441925,330.0,141,394.5,24,0.19545454545454555
441926,284.0,49,338.0,11,0.1901408450704225
441927,340.0,74,428.0,28,0.25882352941176467
442000,401.5,50,592.0,19,0.47447073474470725
442100,404.0,100,600.0,25,0.48514851485148514
442200,421.0,150,646.0,39,0.53444180522565321
442301,349.0,58,558.5,18,0.60028653295128942
442302,304.0,96,452.5,16,0.48848684210526305
442400,393.0,111,434.5,24,0.1055979643765903
442500,355.5,118,423.5,26,0.19127988748241909
442601,368.0,67,485.0,17,0.31793478260869557
442602,366.0,87,421.0,17,0.1502732240437159
442700,390.0,55,427.0,11,0.094871794871794979
442800,336.0,68,427.5,12,0.2723214285714286
442900,362.0,154,430.5,28,0.18922651933701662
443001,395.0,43,517.5,14,0.31012658227848111
443002,326.0,100,521.0,36,0.59815950920245409
443102,350.0,84,533.0,10,0.52285714285714291
443103,402.5,68,563.0,16,0.39875776397515539
443104,409.0,85,611.5,20,0.49511002444987784
443105,376.5,92,509.0,20,0.35192563081009287
443200,355.0,55,550.0,10,0.54929577464788726
443301,342.0,85,497.0,16,0.45321637426900585
443321,325.0,133,453.0,27,0.39384615384615396
443322,354.0,61,598.5,18,0.69067796610169485
444100,350.0,163,394.0,36,0.12571428571428567
444200,358.0,133,352.0,27,-0.016759776536312887
444301,332.0,59,373.0,19,0.12349397590361444
444302,327.0,51,394.5,14,0.20642201834862384
444400,372.0,83,428.5,16,0.1518817204301075
444500,330.5,104,332.0,19,0.0045385779122542047
444601,342.0,70,368.0,21,0.076023391812865437
444602,296.0,199,323.0,45,0.091216216216216228
450101,335.0,83,401.0,18,0.19701492537313436
450102,329.0,78,381.0,18,0.15805471124620052
450200,353.0,127,383.0,25,0.084985835694050937
450300,339.0,111,418.0,31,0.23303834808259594
450400,385.0,145,430.0,41,0.11688311688311681
450501,374.0,86,410.0,35,0.09625668449197855
450502,335.0,119,386.0,33,0.15223880597014916
450601,382.0,118,394.5,28,0.032722513089005201
450602,349.5,182,389.0,53,0.11301859799713876
450603,368.0,105,439.0,31,0.19293478260869557
450604,365.0,74,428.0,24,0.17260273972602747
450605,377.0,75,434.0,28,0.1511936339522546
450606,353.0,108,425.0,27,0.20396600566572243
450607,311.5,134,413.0,19,0.32584269662921339
450701,376.5,232,428.0,60,0.13678618857901736
450741,380.0,75,475.0,27,0.25
450742,360.0,117,412.0,23,0.14444444444444438
450743,356.0,113,402.0,18,0.1292134831460674
450744,346.5,108,386.0,22,0.1139971139971141
450745,363.5,154,425.0,31,0.1691884456671251
450746,363.0,57,465.0,18,0.28099173553719003
450750,318.0,181,326.0,35,0.02515723270440251
450751,332.5,40,343.0,41,0.031578947368421151
450752,275.5,322,344.0,45,0.24863883847549917
451101,316.0,253,316.5,42,0.0015822784810126667
451102,294.0,176,368.0,21,0.2517006802721089
451201,325.0,217,344.0,55,0.058461538461538565
451202,342.5,88,355.0,49,0.03649635036496357
451300,333.0,166,353.0,33,0.060060060060060039
451401,289.5,160,315.0,30,0.088082901554404236
451403,328.0,70,397.0,13,0.21036585365853666
451404,344.5,164,381.5,26,0.10740203193033371
451501,289.0,123,326.0,28,0.12802768166089962
451503,344.0,119,374.5,38,0.088662790697674465
451504,337.0,56,360.5,16,0.06973293768545985
451505,314.0,95,376.0,24,0.19745222929936301
451506,316.0,41,339.0,9,0.072784810126582222
451601,309.5,188,353.5,26,0.14216478190630055
451602,315.0,141,351.5,36,0.11587301587301591
451701,333.0,59,384.0,21,0.15315315315315314
451703,312.0,89,415.0,20,0.33012820512820507
451704,314.5,90,387.0,27,0.2305246422893481
500100,344.0,84,379.0,31,0.10174418604651159
500200,347.0,72,436.0,21,0.25648414985590784
500300,388.0,49,431.5,22,0.11211340206185572
500400,399.0,37,493.0,15,0.23558897243107779
500500,431.0,101,491.0,40,0.13921113689095121
500600,431.5,62,481.5,24,0.11587485515643103
500800,335.0,101,473.0,45,0.41194029850746272
500901,309.0,59,417.0,21,0.34951456310679618
500902,316.5,6,215.0,2,-0.32069510268562407
501000,336.5,62,378.5,20,0.12481426448736999
501101,355.0,116,409.0,21,0.15211267605633805
501102,388.0,79,455.5,16,0.1739690721649485
501200,321.0,73,419.0,15,0.30529595015576327
501300,343.5,56,410.0,9,0.19359534206695783
501401,356.5,54,382.0,11,0.071528751753155762
501402,341.0,39,377.0,7,0.10557184750733128
501501,327.0,46,350.0,7,0.070336391437308965
501502,325.0,51,368.5,16,0.13384615384615395
501600,362.0,70,314.0,20,-0.13259668508287292
501700,339.0,45,298.0,12,-0.12094395280235992
501800,410.0,125,540.0,29,0.31707317073170738
501900,347.0,190,397.0,53,0.144092219020173
502001,420.0,97,414.0,29,-0.014285714285714235
502002,382.5,68,492.0,16,0.28627450980392166
502101,365.5,76,464.5,48,0.27086183310533518
502102,323.0,105,394.0,23,0.21981424148606821
502201,326.0,71,399.0,19,0.2239263803680982
502202,397.0,83,511.0,23,0.28715365239294721
502301,408.0,73,566.0,21,0.38725490196078427
502302,435.0,32,639.5,14,0.47011494252873565
502400,404.0,230,568.0,81,0.40594059405940586
502500,428.5,164,608.5,56,0.42007001166861135
502601,348.5,50,452.0,28,0.2969870875179339
502603,387.0,56,608.0,13,0.57105943152454786
502604,346.0,67,448.0,16,0.2947976878612717
502701,380.0,128,421.0,19,0.10789473684210527
502702,365.0,188,481.0,62,0.31780821917808222
502800,399.0,78,546.0,25,0.36842105263157898
502901,400.0,107,526.0,35,0.31499999999999995
502902,379.0,172,515.0,67,0.35883905013192607
502903,408.0,127,545.5,40,0.33700980392156854
502906,371.0,105,459.5,22,0.23854447439353099
502907,375.0,76,487.5,32,0.30000000000000004
502908,402.0,115,524.0,33,0.30348258706467668
502909,333.0,114,432.0,29,0.29729729729729737
502910,347.5,86,421.0,18,0.21151079136690654
503001,395.0,91,581.0,41,0.47088607594936716
503002,391.0,67,484.0,21,0.23785166240409206
503003,385.5,104,502.5,20,0.30350194552529186
503105,336.5,24,332.5,4,-0.011887072808320909
503108,336.0,140,408.0,31,0.21428571428571419
503110,249.5,76,294.0,4,0.17835671342685377
503111,366.0,101,339.0,13,-0.073770491803278659
503112,318.0,69,347.0,21,0.09119496855345921
503113,342.5,74,371.5,32,0.084671532846715358
503115,335.0,235,354.5,72,0.058208955223880698
503116,332.0,83,372.0,19,0.12048192771084332
503117,283.0,57,291.0,7,0.028268551236749095
503118,320.0,95,343.0,13,0.071874999999999911
503121,346.0,79,400.5,18,0.15751445086705207
503122,321.0,52,337.0,9,0.049844236760124616
503123,349.5,20,386.0,7,0.10443490701001434
503204,311.0,228,315.0,37,0.012861736334405238
503207,320.5,76,332.0,9,0.035881435257410388
503208,365.5,76,414.0,20,0.13269493844049252
503210,356.0,63,283.5,10,-0.2036516853932584
503211,336.5,86,372.0,11,0.10549777117384851
503212,338.0,75,348.0,9,0.029585798816567976
503213,311.0,81,319.0,31,0.025723472668810254
503214,343.5,34,359.0,3,0.04512372634643369
503217,272.5,164,281.0,31,0.031192660550458662
503218,366.5,52,374.0,19,0.020463847203274321
503304,302.5,154,306.0,21,0.011570247933884392
503305,352.0,82,385.0,12,0.09375
503306,388.0,63,413.0,7,0.064432989690721643
503312,281.5,72,329.5,16,0.17051509769094131
503313,345.0,73,373.5,18,0.08260869565217388
503315,344.0,112,389.0,20,0.1308139534883721
503321,309.0,75,375.0,10,0.21359223300970864
503322,333.0,74,329.0,11,-0.012012012012011963
503323,359.0,79,420.0,15,0.16991643454039007
503324,332.0,63,394.0,17,0.18674698795180733
503325,383.0,100,435.0,11,0.13577023498694518
503326,322.5,190,430.5,30,0.33488372093023266
503327,340.0,93,340.0,17,0.0
503329,350.5,76,487.0,14,0.3894436519258202
503330,355.0,136,486.0,36,0.36901408450704221
503331,248.0,134,274.0,32,0.10483870967741926
503332,309.0,206,344.0,83,0.11326860841423958
503333,367.0,137,431.0,26,0.17438692098092634
503334,346.0,517,440.5,64,0.27312138728323698
503336,345.5,92,361.5,16,0.046309696092619479
503337,293.0,71,337.5,6,0.15187713310580198
503401,380.0,71,408.0,9,0.073684210526315796
503402,361.0,50,371.5,12,0.029085872576177341
503504,401.5,100,343.0,12,-0.14570361145703614
503506,374.5,66,374.0,16,-0.0013351134846462109
503507,336.0,30,269.0,7,-0.19940476190476186
503508,399.5,106,380.0,21,-0.048811013767208977
503509,342.0,73,363.0,19,0.061403508771929793
503510,363.0,84,350.5,22,-0.03443526170798894
503511,366.5,56,348.5,8,-0.049113233287858105
503601,373.0,32,390.5,12,0.046916890080428875
503602,311.0,63,351.0,13,0.12861736334405149
503703,370.5,48,410.0,3,0.10661268556005399
503707,281.5,162,284.0,17,0.0088809946714032417
503708,345.0,46,475.5,8,0.37826086956521743
503709,333.0,33,360.5,8,0.082582582582582553
503710,351.0,45,333.0,9,-0.051282051282051322
503711,328.0,56,322.0,10,-0.018292682926829285
503712,294.0,67,308.0,23,0.047619047619047672
503713,279.0,63,293.0,11,0.05017921146953408
503802,383.5,130,373.0,27,-0.027379400260756248
503803,310.0,123,363.0,18,0.17096774193548381
503804,308.5,94,369.0,29,0.19611021069692058
503902,346.0,82,332.0,25,-0.040462427745664775
503903,335.0,47,320.5,14,-0.043283582089552186
504001,356.5,100,328.5,22,-0.078541374474053294
504002,359.0,111,339.0,17,-0.055710306406685284
504101,370.0,87,407.0,13,0.10000000000000009
504102,356.0,125,358.0,17,0.0056179775280897903
504201,325.0,104,356.0,25,0.095384615384615401
504202,319.5,116,334.0,25,0.045383411580594668
504307,330.0,118,388.5,38,0.17727272727272725
504308,342.0,79,411.0,20,0.20175438596491224
504311,341.0,223,450.5,48,0.32111436950146621
504314,378.0,75,503.0,9,0.3306878306878307
504315,324.0,168,414.0,38,0.27777777777777768
504316,362.0,156,406.5,18,0.1229281767955801
504317,345.5,94,464.0,13,0.34298118668596245
504318,2769.0,1,447.0,4,-0.83856988082340189
504319,307.0,108,337.5,28,0.099348534201954442
504320,329.0,52,350.0,16,0.063829787234042534
504321,330.5,86,443.5,16,0.34190620272314676
504322,335.5,102,408.0,33,0.21609538002980622
504323,360.0,109,443.0,22,0.23055555555555562
504410,358.5,60,418.0,14,0.16596931659693159
504411,342.0,115,403.0,35,0.17836257309941517
504412,322.0,77,380.5,16,0.18167701863354035
504413,335.0,49,438.0,10,0.30746268656716413
504414,343.0,78,476.0,11,0.38775510204081631
504415,340.0,102,463.0,17,0.36176470588235299
504416,330.5,76,404.5,14,0.22390317700453854
504417,346.0,4,nan,0,nan
504418,342.0,41,416.0,11,0.21637426900584789
504420,327.5,76,427.5,18,0.30534351145038174
504421,342.5,84,450.0,19,0.31386861313868608
504422,383.0,39,478.0,6,0.24804177545691908
504423,343.0,35,416.5,14,0.21428571428571419
504504,337.5,98,416.5,64,0.2340740740740741
504505,360.0,64,430.0,18,0.19444444444444442
504506,343.0,94,399.0,20,0.16326530612244894
504507,365.5,92,475.0,21,0.29958960328317374
504601,nan,0,nan,0,nan
504602,302.0,27,291.0,3,-0.036423841059602613
504802,442.0,53,567.0,14,0.2828054298642535
504803,386.0,76,541.0,28,0.40155440414507781
504805,419.0,6,556.5,4,0.32816229116945106
504806,439.0,46,411.0,4,-0.063781321184510298
504901,368.0,248,515.0,50,0.39945652173913038
505001,343.0,128,472.0,55,0.37609329446064144
505006,362.0,105,455.5,14,0.25828729281767959
505007,342.0,46,507.5,4,0.48391812865497075
505009,411.0,45,496.5,6,0.20802919708029188
505100,386.0,33,422.0,24,0.093264248704663322
505202,365.0,105,462.0,25,0.26575342465753415
505203,425.5,42,418.0,31,-0.01762632197414804
505301,442.0,60,535.0,7,0.21040723981900444
505302,394.5,76,493.0,17,0.24968314321926499
505303,391.0,261,497.0,33,0.2710997442455243
505304,410.0,64,541.0,14,0.31951219512195128
505305,384.0,79,611.5,26,0.59244791666666674
505401,368.5,54,527.0,13,0.4301221166892808
505402,367.0,68,460.0,13,0.2534059945504088
505403,338.0,138,442.0,37,0.30769230769230771
505500,358.0,62,522.0,19,0.45810055865921795
505600,379.0,31,493.5,12,0.30211081794195249
505700,392.0,63,554.5,28,0.4145408163265305
505800,432.0,85,599.5,24,0.3877314814814814
505900,417.0,81,540.0,25,0.29496402877697836
506000,372.0,83,525.0,21,0.41129032258064524
506101,410.5,88,534.5,20,0.30207064555420216
506102,349.5,92,566.5,20,0.62088698140200282
506103,435.0,71,766.0,25,0.76091954022988495
506202,436.0,99,695.0,35,0.59403669724770647
506203,310.5,112,424.5,22,0.36714975845410636
506204,375.0,108,607.0,30,0.6186666666666667
506301,352.0,73,450.0,29,0.27840909090909083
506302,361.0,113,520.0,44,0.44044321329639891
506304,386.0,57,480.5,12,0.24481865284974091
506305,335.0,63,395.0,17,0.17910447761194037
506401,355.5,40,524.5,28,0.47538677918424743
506402,365.0,51,558.0,13,0.52876712328767117
506501,326.0,74,420.5,26,0.28987730061349692
506502,391.0,97,500.5,26,0.28005115089514065
506503,355.0,71,467.0,24,0.3154929577464789
506601,413.5,70,622.5,12,0.50544135429262393
506603,399.0,76,543.0,24,0.36090225563909772
506604,446.0,157,674.0,43,0.51121076233183849
506605,361.5,40,483.0,12,0.33609958506224058
506606,398.0,77,478.5,8,0.20226130653266328
506701,371.5,84,609.0,25,0.63930013458950197
506702,364.0,104,527.0,38,0.44780219780219777
506703,339.0,87,465.0,26,0.37168141592920345
506801,465.5,114,667.5,46,0.43394199785177223
506802,390.5,118,607.0,37,0.5544174135723432
506803,394.0,135,596.5,34,0.51395939086294407
506804,451.5,70,607.5,24,0.345514950166113
506900,461.0,163,642.0,39,0.39262472885032529
507001,537.0,164,726.0,64,0.35195530726256985
507002,563.0,51,787.5,24,0.39875666074600358
507100,571.5,38,886.0,19,0.55030621172353467
507203,440.0,43,799.5,18,0.81704545454545463
507205,403.0,138,576.5,48,0.4305210918114144
507206,538.0,39,796.0,16,0.47955390334572501
507301,545.0,89,808.0,45,0.48256880733944962
507302,515.5,54,785.0,19,0.52279340446168776
507401,462.5,90,710.0,19,0.53513513513513522
507402,410.0,109,644.0,37,0.57073170731707323
507500,522.0,91,892.5,24,0.70977011494252884
507600,544.5,84,736.5,38,0.35261707988980717
507701,452.0,67,787.0,22,0.74115044247787609
507702,513.0,91,852.5,28,0.66179337231968804
507703,424.5,114,701.5,48,0.65253239104829208
507805,404.0,64,693.0,15,0.71534653465346532
507806,759.0,89,733.0,13,-0.034255599472990728
507807,473.0,47,879.0,10,0.85835095137420714
507808,490.5,78,944.0,15,0.92456676860346576
507903,475.5,68,776.0,19,0.63196635120925349
507904,477.0,64,912.5,10,0.91299790356394128
507905,423.0,98,677.0,16,0.60047281323877066
507906,471.5,62,908.0,15,0.92576882290562046
508001,437.0,141,704.5,34,0.61212814645308922
508003,462.0,20,1088.0,3,1.3549783549783552
508004,414.5,122,913.0,25,1.2026537997587456
508101,429.0,109,703.5,20,0.63986013986013979
508102,450.0,28,761.0,9,0.69111111111111101
508202,404.0,117,624.0,26,0.54455445544554459
508203,416.0,86,794.0,24,0.90865384615384626
508204,451.0,45,669.0,22,0.48337028824833705
508301,451.5,44,743.0,13,0.64562569213732002
508303,497.0,41,881.0,10,0.77263581488933597
508304,378.5,66,576.0,18,0.5217965653896961
508401,441.5,102,948.0,29,1.1472253680634203
508403,431.5,40,865.5,14,1.0057937427578216
508404,430.0,75,830.0,20,0.93023255813953498
508503,372.0,78,565.5,8,0.52016129032258074
508504,367.0,56,548.0,19,0.49318801089918263
508505,394.0,102,501.5,22,0.27284263959390853
508507,325.0,74,421.0,14,0.29538461538461536
508508,388.5,36,724.0,9,0.86357786357786348
508601,484.0,73,774.5,18,0.60020661157024802
508602,424.5,44,687.0,13,0.61837455830388688
508703,354.0,128,523.0,45,0.47740112994350281
508704,416.0,50,523.0,19,0.25721153846153855
508800,445.0,38,591.0,8,0.32808988764044944
508900,366.0,77,500.0,15,0.36612021857923494
509000,401.0,135,541.5,38,0.35037406483790523
509102,345.0,86,500.0,18,0.44927536231884058
509105,372.5,68,627.0,17,0.68322147651006704
509106,361.5,80,676.5,8,0.87136929460580914
509107,268.0,8,422.0,5,0.57462686567164178
509108,380.0,83,568.5,24,0.4960526315789473
509109,424.0,123,643.0,29,0.51650943396226423
509201,400.5,110,599.5,36,0.4968789013732835
509202,410.0,71,750.0,17,0.8292682926829269
509302,510.0,52,900.5,12,0.76568627450980387
509303,397.0,51,636.5,20,0.60327455919395456
509304,346.0,41,568.0,21,0.64161849710982666
509401,394.5,30,677.5,6,0.71736375158428389
509403,348.0,39,536.0,8,0.54022988505747116
509404,400.0,119,625.0,24,0.5625
509500,429.0,53,530.0,11,0.23543123543123534
509600,487.5,40,649.5,12,0.33230769230769241
509700,438.0,49,800.5,8,0.82762557077625565
509801,558.0,75,885.0,23,0.58602150537634401
509802,535.5,46,965.5,12,0.80298786181139126
509901,528.0,23,1099.5,2,1.0823863636363638
509902,461.0,61,828.0,25,0.79609544468546645
510001,557.0,73,1015.0,29,0.82226211849192099
510002,569.0,45,872.0,9,0.5325131810193322
510100,573.0,53,896.0,18,0.56369982547993014
510200,648.0,60,1045.0,17,0.61265432098765427
510300,499.0,80,937.0,39,0.87775551102204408
510400,493.0,49,1165.0,41,1.3630831643002028
510500,598.0,77,1032.5,30,0.72658862876254182
510600,535.0,59,1102.5,18,1.0607476635514019
510700,477.0,44,998.0,19,1.0922431865828091
510801,467.0,58,1095.0,29,1.3447537473233404
510802,528.0,18,1076.0,9,1.0378787878787881
510803,632.0,23,1371.0,12,1.1693037974683542
510900,589.0,41,1397.0,15,1.3718166383701189
511000,525.0,76,1267.5,14,1.4142857142857141
511100,616.0,51,1485.0,15,1.4107142857142856
511200,701.5,32,1593.5,20,1.2715609408410549
511301,699.0,39,1163.0,11,0.66380543633762512
511302,522.0,59,1205.0,27,1.3084291187739465
511400,666.5,30,1660.0,17,1.4906226556639162
511500,463.0,52,1203.0,15,1.5982721382289418
511608,634.0,2,nan,0,nan
511701,581.5,48,1063.0,22,0.82803095442820296
511702,546.0,38,853.0,16,0.56227106227106227
511704,638.0,43,963.0,29,0.50940438871473348
511705,646.0,11,1240.0,6,0.91950464396284826
511707,508.0,31,684.0,11,0.34645669291338588
511800,388.0,89,507.0,27,0.30670103092783507
511905,360.0,63,517.0,21,0.43611111111111112
511907,374.0,78,569.0,21,0.52139037433155089
511909,377.0,155,493.0,38,0.30769230769230771
511910,405.0,73,506.0,23,0.24938271604938267
511911,366.0,133,464.0,35,0.26775956284153013
511912,392.0,103,550.5,30,0.40433673469387754
511913,376.5,78,522.0,31,0.38645418326693237
511914,340.0,105,468.0,32,0.37647058823529411
511915,355.5,70,478.0,13,0.3445850914205344
511916,364.5,104,550.5,36,0.5102880658436213
512001,342.5,178,380.0,33,0.10948905109489049
512005,345.0,139,408.5,32,0.18405797101449273
512017,338.0,158,331.5,32,-0.019230769230769273
512019,328.0,101,378.0,26,0.15243902439024382
512020,347.0,35,395.5,10,0.13976945244956762
512021,329.5,208,356.5,44,0.081942336874051502
512022,347.0,32,377.0,13,0.086455331412103709
512023,306.5,318,325.5,48,0.061990212071778128
512024,292.0,93,388.0,29,0.32876712328767121
512025,327.0,66,362.0,15,0.10703363914373099
512026,314.0,160,330.0,21,0.050955414012738842
512027,342.0,55,362.5,18,0.059941520467836185
512029,333.0,201,403.0,64,0.21021021021021014
512030,340.5,56,409.0,26,0.2011747430249633
512031,348.5,90,418.5,26,0.2008608321377332
512032,397.0,73,503.0,15,0.26700251889168758
512033,334.0,115,434.5,30,0.30089820359281427
512034,331.5,102,341.5,20,0.030165912518853588
512035,343.0,94,385.0,28,0.12244897959183665
512036,348.0,81,383.0,12,0.10057471264367823
512037,367.0,71,424.5,20,0.15667574931880113
512038,365.0,78,367.0,8,0.005479452054794498
512039,356.0,71,387.0,13,0.087078651685393194
512042,308.5,46,349.0,7,0.13128038897893024
512043,306.5,86,366.0,20,0.19412724306688411
512045,383.5,138,455.5,36,0.18774445893089964
512047,343.0,117,430.5,36,0.25510204081632648
512052,389.0,79,449.0,23,0.15424164524421591
512053,310.0,159,354.0,37,0.14193548387096766
512100,355.0,8,366.0,5,0.030985915492957705
512200,248.5,118,294.5,30,0.18511066398390352
512305,283.5,102,355.0,25,0.25220458553791891
512307,293.0,180,321.5,30,0.097269624573378843
512308,336.0,164,349.0,55,0.038690476190476275
512309,295.5,164,339.5,34,0.14890016920473781
512310,302.0,58,304.0,25,0.0066225165562914245
512311,309.0,89,281.5,50,-0.088996763754045305
512312,311.0,89,315.0,21,0.012861736334405238
512313,297.0,66,304.5,14,0.025252525252525304
512314,294.0,204,320.0,31,0.088435374149659962
512401,354.0,83,418.0,12,0.18079096045197751
512402,388.0,74,384.0,19,-0.010309278350515427
512503,282.0,332,290.5,54,0.030141843971631221
512505,301.5,174,298.0,31,-0.011608623548922004
512506,301.5,126,303.0,25,0.0049751243781095411
512508,273.0,144,266.0,35,-0.025641025641025661
512509,256.0,87,289.0,14,0.12890625
512510,289.0,235,300.0,35,0.038062283737024138
512602,331.5,20,314.0,7,-0.052790346907994001
512603,312.0,44,339.0,8,0.086538461538461453
512604,315.0,48,262.0,10,-0.16825396825396821
513500,345.0,3,409.0,1,0.18550724637681149
600100,388.0,195,456.0,43,0.17525773195876293
600200,376.0,43,449.0,10,0.19414893617021267
600300,373.0,69,397.0,13,0.064343163538874037
600401,448.0,89,489.0,12,0.091517857142857206
600402,439.0,63,542.0,14,0.23462414578587709
600500,392.0,109,392.5,22,0.0012755102040815647
600600,476.5,48,433.0,11,-0.091290661070304258
600700,514.0,84,498.5,18,-0.030155642023346307
600800,513.0,9,499.0,2,-0.027290448343079921
600900,470.0,63,573.5,18,0.22021276595744688
601000,504.0,123,537.0,33,0.065476190476190466
601100,532.0,77,596.0,20,0.12030075187969924
601200,441.0,72,560.0,14,0.26984126984126977
601300,355.0,82,447.0,9,0.25915492957746489
601400,429.5,86,432.0,15,0.0058207217694994373
601501,521.0,59,560.0,15,0.074856046065259196
601502,408.0,13,361.0,1,-0.11519607843137258
601601,433.0,7,431.0,5,-0.0046189376443418473
601603,394.0,101,487.5,14,0.23730964467005067
601604,370.0,157,413.0,24,0.11621621621621614
601605,485.5,74,544.0,7,0.12049433573635437
601700,453.0,60,626.5,18,0.38300220750551883
601800,460.0,81,612.0,12,0.33043478260869574
601901,454.0,55,433.0,9,-0.046255506607929542
601902,424.0,57,453.5,10,0.069575471698113178
602000,421.0,141,510.0,21,0.21140142517814731
602100,422.0,37,442.5,6,0.048578199052132787
602200,405.0,48,455.0,6,0.12345679012345689
602300,494.0,54,539.0,15,0.09109311740890691
602400,535.0,82,478.0,21,-0.1065420560747663
602500,403.0,124,367.5,16,-0.088089330024813894
602600,396.0,156,448.0,37,0.13131313131313127
602700,431.0,85,484.5,20,0.12412993039443165
602800,445.5,76,469.0,32,0.052749719416386176
602900,509.0,51,530.0,12,0.041257367387033339
603000,490.0,55,628.5,20,0.28265306122448974
603100,430.0,53,473.0,12,0.10000000000000009
603200,493.0,66,575.0,17,0.16632860040567943
603300,519.0,95,500.0,31,-0.036608863198458574
603400,418.5,96,444.0,25,0.060931899641577081
603700,544.0,67,545.5,12,0.0027573529411764053
603801,375.0,175,448.0,44,0.19466666666666677
603802,463.5,48,590.0,22,0.27292340884573885
603900,481.0,71,558.0,28,0.16008316008316004
604000,531.0,43,575.0,13,0.082862523540489619
604101,422.0,83,470.5,22,0.11492890995260674
604102,453.0,89,548.0,21,0.20971302428256067
604200,504.5,64,556.0,8,0.10208126858275524
604400,454.0,51,619.0,11,0.36343612334801767
604500,493.0,49,773.5,16,0.56896551724137923
604600,537.5,38,702.0,7,0.30604651162790697
604700,510.0,37,751.0,6,0.47254901960784323
604800,461.5,52,797.0,10,0.72697724810400866
604900,481.0,49,649.0,23,0.34927234927234929
605000,520.0,106,856.0,28,0.64615384615384608
605100,516.0,42,900.0,13,0.7441860465116279
605200,602.0,75,939.0,29,0.55980066445182719
605300,499.5,94,914.0,25,0.82982982982982989
605400,504.0,75,914.0,26,0.81349206349206349
605500,444.5,86,655.0,19,0.47356580427446571
605600,613.0,97,922.0,45,0.50407830342577498
605700,639.0,99,964.5,44,0.50938967136150226
605800,634.0,50,814.0,20,0.28391167192429023
605900,401.0,89,517.0,20,0.28927680798004984
606000,437.0,156,529.0,33,0.21052631578947367
606100,492.0,46,518.0,21,0.052845528455284452
606200,447.5,64,495.0,28,0.1061452513966481
606300,413.0,70,517.0,29,0.25181598062953992
606400,422.0,93,589.0,29,0.39573459715639814
606500,548.0,59,858.0,17,0.56569343065693434
606600,491.0,75,554.0,23,0.12830957230142559
606700,459.0,33,848.0,11,0.84749455337690627
606800,448.0,68,703.0,18,0.5691964285714286
606900,435.5,34,678.0,9,0.55683122847301947
607000,433.0,41,538.0,15,0.2424942263279446
607100,542.0,75,837.0,10,0.54428044280442811
607200,542.0,45,708.0,6,0.30627306273062738
607300,529.5,70,759.5,14,0.43437204910292726
607400,445.0,88,572.5,24,0.28651685393258419
607500,478.0,50,651.0,8,0.36192468619246854
607600,478.0,65,708.5,20,0.48221757322175729
607701,490.0,57,606.5,18,0.2377551020408164
607702,508.0,43,654.0,16,0.28740157480314954
607800,491.0,71,594.0,18,0.20977596741344207
607900,434.0,109,574.0,34,0.32258064516129026
608001,367.5,72,528.5,24,0.43809523809523809
608002,431.0,96,558.0,20,0.2946635730858469
608004,420.0,147,551.0,29,0.31190476190476191
608013,424.0,88,554.0,12,0.30660377358490565
608023,456.5,38,624.0,7,0.36692223439211391
608100,396.5,72,533.0,19,0.34426229508196715
608200,436.0,51,553.0,7,0.2683486238532109
608300,408.0,44,566.5,12,0.3884803921568627
608400,427.0,89,521.0,21,0.22014051522248246
608501,556.0,82,689.0,17,0.23920863309352525
608502,411.5,52,508.5,16,0.23572296476306187
608600,436.5,56,705.5,12,0.61626575028636887
608700,460.0,148,700.0,37,0.52173913043478271
608800,477.0,123,681.0,31,0.42767295597484267
608900,429.0,77,693.0,35,0.61538461538461542
609000,513.5,28,775.0,9,0.50925024342745862
609100,640.0,27,684.0,7,0.068750000000000089
609201,501.0,71,916.5,24,0.8293413173652695
609202,430.0,49,601.0,19,0.39767441860465125
609300,516.0,51,960.5,16,0.86143410852713176
609400,555.0,57,893.0,21,0.60900900900900901
609500,454.0,97,790.5,18,0.74118942731277526
609601,457.0,71,655.0,20,0.43326039387308524
609602,422.0,43,717.0,16,0.69905213270142186
609603,467.5,134,626.0,29,0.33903743315508028
609700,463.5,104,754.5,30,0.62783171521035608
609800,478.5,110,755.0,11,0.57784743991640553
609900,520.0,38,750.0,15,0.44230769230769229
610000,435.0,74,667.0,20,0.53333333333333344
610100,540.0,45,692.0,16,0.28148148148148144
610201,367.0,41,262.0,6,-0.28610354223433243
610202,413.5,4,481.5,2,0.16444981862152352
610203,396.0,23,437.0,4,0.10353535353535359
610302,445.5,6,558.0,3,0.2525252525252526
610303,448.0,235,592.0,35,0.3214285714285714
610304,481.0,171,655.5,44,0.36278586278586289
610400,373.0,51,529.0,13,0.41823056300268102
610500,465.0,51,526.5,14,0.13225806451612909
610601,394.0,70,402.0,17,0.020304568527918843
610602,519.5,72,670.5,16,0.29066410009624644
610700,376.0,53,545.0,16,0.44946808510638303
610800,376.0,34,477.5,8,0.26994680851063824
610900,417.0,75,484.0,29,0.1606714628297361
611000,396.0,77,618.0,18,0.56060606060606055
611100,458.0,98,679.0,43,0.48253275109170302
611200,517.5,52,714.0,15,0.37971014492753619
611300,482.5,110,704.0,41,0.45906735751295336
611400,750.0,56,1337.0,23,0.78266666666666662
611500,655.0,21,1031.0,19,0.57404580152671758
611600,512.0,40,1247.5,2,1.4365234375
611700,460.0,53,450.5,18,-0.020652173913043526
611800,426.5,64,376.0,9,-0.11840562719812431
611900,329.0,158,312.5,26,-0.050151975683890626
612000,419.0,109,393.0,21,-0.062052505966587068
612100,344.0,53,477.0,12,0.38662790697674421
612500,475.0,58,885.0,18,0.86315789473684212
612600,590.0,41,1005.0,21,0.70338983050847448
612700,744.5,28,1285.5,14,0.72666218938885163
612800,686.0,40,1086.5,8,0.58381924198250723
612900,522.0,66,983.5,24,0.88409961685823757
613000,458.0,75,661.0,14,0.44323144104803491
613200,633.0,65,1006.0,47,0.58925750394944698
613300,756.0,35,1038.0,13,0.37301587301587302
613400,727.5,38,937.0,19,0.28797250859106538
613501,385.0,57,437.0,20,0.13506493506493511
613502,360.0,161,428.0,45,0.18888888888888888
613600,383.0,98,456.0,37,0.19060052219321144
613700,381.0,192,445.0,49,0.16797900262467191
613800,443.5,42,438.0,11,-0.012401352874859106
613900,566.0,79,989.5,18,0.74823321554770317
614000,377.0,98,603.0,11,0.59946949602122013
980200,638.0,2,nan,0,nan
980300,537.0,3,984.0,1,0.83240223463687157
980501,453.5,6,725.0,1,0.59867695700110257
980600,225.0,11,247.0,2,0.097777777777777741
980900,425.5,6,nan,0,nan
982000,331.0,6,299.0,5,-0.096676737160120818
983200,378.5,6,255.5,12,-0.32496697490092474
