"geo_id","med_sqft","count1","med_sqft_2014_sales","count2"
"06001005206",0.0,1,"",0
"06001352202",2221.5,28,2253.0,3
"06001353001",2900.0,21,2957.0,1
"06001354001",4382.0,5,"",0
"06001355112",0.0,1,"",0
"06001400100",2516.0,1379,2285.5,22
"06001400200",1953.0,622,1744.5,6
"06001400300",1500.0,1468,1269.0,18
"06001400400",1669.5,1112,1738.0,11
"06001400500",1369.5,946,1320.0,14
"06001400600",1554.0,443,1687.0,7
"06001400700",1438.0,1129,1278.0,35
"06001400800",1246.0,1091,1170.0,23
"06001400900",1384.0,665,1602.0,14
"06001401000",1340.0,1405,1106.5,26
"06001401100",1652.0,797,1851.0,24
"06001401200",1348.0,711,1324.0,7
"06001401300",1312.0,453,1592.0,13
"06001401400",1853.0,727,1880.0,21
"06001401500",1350.0,677,1709.0,17
"06001401600",1524.0,357,1678.5,8
"06001401700",1135.0,974,1153.0,19
"06001401800",1609.5,346,1474.0,10
"06001402200",1505.5,554,1626.0,11
"06001402400",1932.0,398,1780.0,7
"06001402500",1520.0,160,2360.0,2
"06001402600",1969.5,96,800.0,3
"06001402700",2058.0,304,1081.0,1
"06001402800",1100.0,193,1103.5,4
"06001402900",25662.0,13,"",0
"06001403000",848.0,973,813.0,12
"06001403100",906.0,358,906.0,3
"06001403300",1062.0,1014,1129.5,36
"06001403400",1076.0,693,1061.0,9
"06001403501",1363.0,590,706.0,5
"06001403502",971.0,525,911.0,9
"06001403600",1179.5,688,2039.0,18
"06001403701",1003.0,431,1148.5,10
"06001403702",1243.0,389,1160.0,9
"06001403800",1960.0,977,2157.0,13
"06001403900",1150.0,1083,620.0,52
"06001404000",1028.0,855,1073.5,12
"06001404101",1250.5,950,935.5,20
"06001404102",1236.0,391,835.0,15
"06001404200",1958.0,1304,2312.5,8
"06001404300",2412.0,1289,2578.0,15
"06001404400",1719.0,2316,1629.0,41
"06001404501",2278.0,693,1964.0,10
"06001404502",1859.5,2362,1690.0,34
"06001404600",2060.0,1833,2132.0,21
"06001404700",1927.0,807,2237.0,17
"06001404800",1501.0,767,1594.5,16
"06001404900",1444.0,1406,1514.0,21
"06001405000",1692.5,1124,1601.5,16
"06001405100",2169.5,1624,2082.0,17
"06001405200",1987.5,1028,2231.0,12
"06001405301",2237.0,301,2166.5,4
"06001405302",2660.0,222,"",0
"06001405401",2003.0,399,1576.0,3
"06001405402",2100.0,315,1579.0,4
"06001405500",1555.0,714,1381.5,8
"06001405600",1771.0,589,1369.0,3
"06001405700",1329.0,630,1358.5,8
"06001405800",1333.0,811,1212.0,11
"06001405901",1457.0,539,1579.5,10
"06001405902",1399.0,527,1260.0,6
"06001406000",1249.5,424,1599.5,4
"06001406100",1247.0,777,1027.0,17
"06001406201",1521.0,558,3451.0,6
"06001406202",1451.5,386,1603.5,4
"06001406300",1405.0,725,1541.0,10
"06001406400",1377.0,476,1098.0,5
"06001406500",1309.5,1008,1323.0,17
"06001406601",1162.0,1090,1210.5,26
"06001406602",1299.0,441,1266.0,12
"06001406700",1329.0,1874,1383.0,43
"06001406800",1423.0,1213,1450.5,16
"06001406900",1412.0,1111,1480.0,15
"06001407000",1100.5,1266,1077.0,21
"06001407101",1246.0,537,1342.0,13
"06001407102",1230.5,970,1224.0,9
"06001407200",1293.5,846,1996.5,8
"06001407300",1024.5,408,1137.0,3
"06001407400",1237.0,629,1400.0,13
"06001407500",1191.0,649,1302.0,15
"06001407600",1284.0,1425,1316.5,30
"06001407700",1264.0,1638,1216.0,40
"06001407800",1307.0,636,1211.0,7
"06001407900",1318.0,1027,1311.0,15
"06001408000",1879.5,960,1725.0,12
"06001408100",1962.0,2715,1929.5,56
"06001408200",1316.0,1161,1394.0,24
"06001408300",1255.0,1519,1166.0,23
"06001408400",1080.0,887,1046.0,22
"06001408500",1142.0,1216,1088.0,38
"06001408600",1114.5,1354,1076.0,27
"06001408700",1182.0,1657,1133.5,24
"06001408800",1005.0,835,1152.0,19
"06001408900",1071.5,594,1132.5,14
"06001409000",1013.0,905,975.5,16
"06001409100",993.0,615,1014.0,11
"06001409200",1100.0,775,1118.0,15
"06001409300",1153.0,1088,1099.0,25
"06001409400",1234.0,970,1338.5,14
"06001409500",1085.0,647,1191.5,12
"06001409600",1194.0,1045,1109.0,23
"06001409700",1177.0,987,1232.0,21
"06001409800",1543.0,963,1489.0,23
"06001409900",1851.0,1383,2346.5,20
"06001410000",1858.5,1138,2076.0,18
"06001410100",1212.0,809,1214.0,19
"06001410200",1110.0,819,1452.0,14
"06001410300",1167.0,665,1190.0,13
"06001410400",1148.0,1113,1150.0,23
"06001410500",1886.0,184,3064.5,4
"06001420100",1344.0,776,1712.0,3
"06001420200",1160.0,804,986.0,14
"06001420300",1170.0,1737,1113.0,33
"06001420500",1183.0,685,878.0,5
"06001420600",1336.5,1162,1323.0,13
"06001421100",1891.5,832,1961.0,12
"06001421200",2175.0,1429,2134.0,12
"06001421300",1575.0,1577,1665.0,16
"06001421400",2000.5,610,2105.0,7
"06001421500",1870.0,1504,2244.0,19
"06001421600",1917.0,1451,2349.0,19
"06001421700",1735.5,808,1757.0,6
"06001421800",1409.0,723,1361.0,6
"06001421900",1229.0,1372,1116.0,13
"06001422000",1260.0,413,1099.0,10
"06001422100",1206.5,724,1218.0,13
"06001422200",1263.5,912,1762.5,14
"06001422300",1406.0,858,1137.5,8
"06001422400",2187.0,505,2286.0,5
"06001422500",2068.0,579,2181.0,4
"06001422600",2397.0,15,2331.0,1
"06001422700",2329.0,239,1055.0,6
"06001422800",3782.0,148,4321.5,2
"06001422900",3066.0,147,"",0
"06001423000",1454.0,1094,1712.0,9
"06001423100",1185.0,999,1268.5,14
"06001423200",1436.0,541,1659.0,4
"06001423300",1206.0,1065,1422.0,19
"06001423400",1478.0,1103,1403.0,20
"06001423500",1708.5,582,3057.5,4
"06001423601",1966.0,687,1131.5,4
"06001423602",1888.0,645,9350.0,3
"06001423700",2499.5,712,2837.0,11
"06001423800",2409.0,1127,2012.0,8
"06001423901",1623.5,460,929.0,2
"06001423902",1858.0,415,2109.0,2
"06001424001",1830.0,643,2224.0,9
"06001424002",1214.5,556,1489.0,7
"06001425101",666.0,1255,636.0,25
"06001425102",768.0,1131,743.0,42
"06001425103",1183.0,730,1226.0,14
"06001425104",1154.0,949,1094.0,11
"06001426100",2802.5,2174,3540.5,36
"06001426200",2033.5,1628,2048.0,23
"06001427100",1660.0,1241,1487.0,15
"06001427200",1502.0,907,1208.5,14
"06001427300",1455.5,1232,1824.0,9
"06001427600",1590.0,264,645.0,5
"06001427700",1565.0,1074,2080.0,14
"06001427800",1790.5,1124,1438.0,15
"06001427900",2066.0,1055,1176.0,7
"06001428000",2052.5,392,1309.0,5
"06001428100",1666.0,1275,1553.0,18
"06001428200",1440.0,1959,1393.0,24
"06001428301",1584.0,2558,1371.0,25
"06001428302",2044.0,2787,1894.5,32
"06001428400",1764.5,782,2838.0,10
"06001428500",1468.0,833,1335.0,13
"06001428600",1271.0,1099,1360.0,11
"06001428700",2361.0,590,2539.0,6
"06001430101",2102.0,2419,1666.0,24
"06001430102",1944.0,910,1901.0,7
"06001430200",1820.0,2533,1533.0,23
"06001430300",1886.5,1334,1680.0,24
"06001430400",1814.0,767,1943.0,8
"06001430500",1411.0,1581,1371.0,22
"06001430600",1703.5,2158,1637.0,28
"06001430700",1434.0,1323,1350.0,15
"06001430800",1360.0,1763,1318.0,28
"06001430900",1443.0,688,1400.0,11
"06001431000",1298.0,499,1271.5,4
"06001431100",1241.0,660,1142.5,14
"06001431200",1199.0,1940,1171.0,40
"06001432100",1461.0,1260,1649.5,18
"06001432200",1719.0,980,1683.0,17
"06001432300",1347.0,1392,1380.5,12
"06001432400",1178.0,1240,1447.0,17
"06001432501",1128.0,1116,1011.0,5
"06001432502",1152.5,1082,950.0,10
"06001432600",1210.5,1446,1184.5,20
"06001432700",1618.0,875,1596.0,13
"06001432800",2043.0,1405,1945.5,16
"06001433000",1288.0,1397,1178.0,19
"06001433102",1352.0,1174,1124.0,13
"06001433103",1153.0,488,1101.0,7
"06001433104",1572.0,558,1560.0,8
"06001433200",1325.0,1525,1114.0,20
"06001433300",1257.0,2151,1096.0,21
"06001433400",1471.0,2122,1557.0,17
"06001433500",1241.0,1354,1255.5,22
"06001433600",1190.0,1607,1265.0,10
"06001433700",1168.0,729,1112.0,7
"06001433800",1197.0,1640,1322.0,17
"06001433900",1186.0,651,1626.0,7
"06001434000",1239.0,877,1088.5,20
"06001435102",1946.0,1529,1458.0,17
"06001435103",2280.0,2358,2168.0,19
"06001435104",906.0,937,906.0,15
"06001435200",1583.0,1376,1308.0,15
"06001435300",1347.0,976,1288.0,22
"06001435400",1370.0,923,1350.0,15
"06001435500",1390.0,753,1304.0,15
"06001435601",1190.0,789,1077.0,15
"06001435602",1400.0,909,1208.0,6
"06001435700",1182.0,1249,1077.0,13
"06001435800",1134.0,1585,1092.0,17
"06001435900",1352.0,1690,1238.0,23
"06001436000",1205.0,1490,1050.0,20
"06001436100",1256.0,1325,1216.0,18
"06001436200",1275.0,377,1570.0,5
"06001436300",1343.0,1713,1381.0,31
"06001436401",1488.0,2003,1400.0,35
"06001436402",2024.0,1115,1980.0,15
"06001436500",1274.0,602,1060.0,12
"06001436601",1096.5,1016,1123.0,11
"06001436602",1478.0,544,1605.5,4
"06001436700",1082.0,1043,1468.0,28
"06001436800",1360.0,803,1360.0,11
"06001436900",1192.0,1107,1075.0,18
"06001437000",1215.0,1276,1064.0,20
"06001437101",1727.0,1950,1977.0,26
"06001437102",1254.0,1000,1254.0,20
"06001437200",1532.0,1582,1761.5,24
"06001437300",1285.0,648,1280.5,14
"06001437400",1103.5,952,1183.0,20
"06001437500",1201.0,458,1130.0,5
"06001437600",1210.0,757,1148.0,15
"06001437701",1031.0,397,869.0,10
"06001437702",1728.0,261,2128.5,4
"06001437800",1380.0,1225,1457.0,16
"06001437900",1054.5,392,1339.5,10
"06001438000",1392.0,881,1337.5,22
"06001438100",1240.0,1955,1238.5,28
"06001438201",1000.0,996,1000.0,14
"06001438203",1379.0,1028,1160.0,11
"06001438204",1386.0,1128,1400.0,17
"06001438300",1119.0,926,1128.0,11
"06001438400",1232.0,652,1387.0,4
"06001440100",1135.0,600,944.0,8
"06001440200",1324.0,1159,1242.0,21
"06001440301",1505.0,1664,1578.5,20
"06001440304",1430.0,1170,1363.5,10
"06001440305",1541.0,1029,1463.0,13
"06001440306",1280.0,1067,1242.0,21
"06001440307",1382.0,1095,1134.0,13
"06001440308",1544.0,1229,1617.0,10
"06001440331",1200.0,815,2125.5,8
"06001440332",2509.0,883,2155.0,4
"06001440333",2060.0,853,2164.0,3
"06001440334",1556.0,1089,1530.0,7
"06001440335",1944.0,1503,1675.0,21
"06001440336",1382.0,1294,1380.0,22
"06001441100",1603.0,1311,1762.0,19
"06001441200",1656.0,2029,1457.0,26
"06001441301",2173.0,658,2537.0,7
"06001441302",1703.0,1528,1624.0,18
"06001441401",1450.0,1950,1451.0,21
"06001441402",1504.0,1732,1853.0,17
"06001441501",1871.0,1783,1802.0,13
"06001441503",1571.0,1956,1481.0,46
"06001441521",1601.0,1705,1556.0,16
"06001441522",1476.0,1453,1494.0,26
"06001441523",961.0,1503,862.0,164
"06001441524",1641.0,1422,754.0,177
"06001441601",1344.0,1420,1494.0,11
"06001441602",1359.0,1611,1163.0,22
"06001441700",1083.0,2173,1125.0,51
"06001441800",1499.0,1868,1415.0,32
"06001441921",1056.0,926,1094.0,4
"06001441923",1003.0,238,1306.5,4
"06001441924",1269.0,2377,1378.0,33
"06001441925",895.0,789,844.0,16
"06001441926",1371.0,436,1188.0,10
"06001441927",1309.0,786,1637.0,15
"06001442000",2566.0,1015,2548.0,11
"06001442100",1849.0,1619,1664.0,15
"06001442200",1750.0,2069,1842.5,24
"06001442301",1400.0,1001,1272.0,14
"06001442302",1429.0,862,1244.0,13
"06001442400",1302.0,1670,1227.0,23
"06001442500",1324.0,1700,1379.0,20
"06001442601",1617.0,1045,1524.0,11
"06001442602",1730.0,1127,1785.5,12
"06001442700",1594.0,910,1666.0,5
"06001442800",1256.0,947,1220.0,11
"06001442900",1445.0,2000,1581.0,25
"06001443001",1151.0,820,1140.5,10
"06001443002",1342.0,1779,1112.0,21
"06001443102",2185.0,1523,2314.5,8
"06001443103",3111.0,1237,3166.0,12
"06001443104",1779.0,1534,1484.5,16
"06001443105",2308.0,1511,1909.0,12
"06001443200",3195.0,1206,2876.5,6
"06001443301",1787.0,1243,1831.5,10
"06001443321",970.0,1012,900.0,20
"06001443322",1556.0,931,1542.0,17
"06001444100",1628.0,2333,1628.0,29
"06001444200",1272.0,1885,1450.0,23
"06001444301",1606.0,1002,1632.0,13
"06001444302",1708.0,938,1612.5,14
"06001444400",1166.0,1189,1105.0,16
"06001444500",1447.0,1319,1510.5,20
"06001444601",1522.0,1441,1489.0,23
"06001444602",1283.0,1578,1191.0,37
"06001450101",1456.0,931,1401.0,13
"06001450102",2127.0,954,2179.5,12
"06001450200",967.0,2091,1095.0,22
"06001450300",1483.0,1470,1454.5,24
"06001450400",1398.0,1993,1424.0,33
"06001450501",1608.0,1156,1387.0,26
"06001450502",2220.0,1794,1888.0,23
"06001450601",2305.0,1329,1043.0,22
"06001450602",1851.0,3290,1932.5,44
"06001450603",1579.0,1532,1603.0,24
"06001450604",2103.0,1381,1928.0,14
"06001450605",1808.0,1267,1615.0,16
"06001450606",2124.0,1925,2148.0,26
"06001450607",1944.0,893,2380.0,19
"06001450701",3230.0,2642,3464.0,39
"06001450741",1785.0,1282,1418.0,17
"06001450742",1676.0,1611,1584.5,10
"06001450743",1474.0,951,1474.0,13
"06001450744",1933.0,1586,1776.0,16
"06001450745",1910.0,1831,1823.0,25
"06001450746",1464.0,1117,1404.0,14
"06001450750",1347.0,1405,1292.0,25
"06001450751",2336.0,2158,2249.0,34
"06001450752",2736.0,1827,2624.0,34
"06001451101",1870.0,2036,1724.5,36
"06001451102",2849.0,1371,2923.5,16
"06001451201",1280.0,2292,1292.5,42
"06001451202",1418.0,1599,1512.5,44
"06001451300",1479.0,2100,1527.5,28
"06001451401",1911.0,1660,1840.0,25
"06001451403",1331.0,735,1530.0,10
"06001451404",1209.0,1658,1196.0,19
"06001451501",2038.0,1547,2417.5,18
"06001451503",1476.0,1718,1457.0,34
"06001451504",1516.0,643,1246.0,15
"06001451505",1876.5,1164,1830.5,18
"06001451506",1758.0,629,1758.0,7
"06001451601",2260.0,1655,1811.0,22
"06001451602",1542.0,2141,1544.5,30
"06001451701",1440.0,1051,1485.5,14
"06001451703",1704.0,1275,1488.0,15
"06001451704",1747.0,1373,1679.0,25
"06001504506",1926.0,1,"",0
"06001982000",1333.0,43,1470.0,5
"06001983200",1062.0,177,1206.5,8
"06013003900",0.0,1,"",0
"06013301000",1440.0,1783,1717.5,36
"06013302005",1430.0,1752,1461.0,31
"06013302006",1595.0,1280,1480.0,20
"06013302007",1594.0,1910,1572.0,37
"06013302008",2265.0,2084,1954.0,48
"06013302009",1993.0,1830,1811.0,46
"06013302010",1987.0,3333,1967.0,53
"06013303102",2615.0,2176,2282.0,44
"06013303103",1880.0,3057,1811.0,88
"06013303201",2307.0,2905,2422.0,81
"06013303202",2297.0,2306,2050.0,43
"06013303203",2591.0,2586,2206.0,67
"06013303204",1634.0,1299,1840.5,26
"06013303205",1961.0,3379,1905.0,81
"06013304001",2721.0,1308,2679.0,24
"06013304002",1334.5,312,1129.0,4
"06013304003",2026.0,1762,1992.0,42
"06013304004",2228.0,1796,2235.0,47
"06013304005",2704.0,2018,2732.5,54
"06013305000",1334.5,1374,1315.5,26
"06013306002",1527.0,1050,1669.0,22
"06013306003",1257.5,1484,1187.0,44
"06013306004",1296.0,883,1519.5,18
"06013307101",1635.0,1325,1672.0,22
"06013307102",1224.0,1374,1226.5,24
"06013307201",1365.0,592,1312.0,20
"06013307202",925.0,822,925.0,24
"06013307204",1440.0,1409,1404.5,26
"06013307205",1256.0,1811,1278.5,32
"06013308001",1568.0,2468,1603.0,47
"06013308002",2091.0,1546,2151.5,32
"06013309000",1740.0,986,1793.0,11
"06013310000",1622.5,1442,1689.5,32
"06013311000",1260.0,1302,1608.0,21
"06013312000",1209.0,542,1520.0,7
"06013313101",1444.0,1712,1492.0,22
"06013313102",1499.0,1060,1634.0,19
"06013313103",1902.5,2212,1836.5,34
"06013313203",1420.0,1014,1430.0,12
"06013313204",1623.5,1370,1678.0,21
"06013313205",1386.0,530,1420.0,7
"06013313206",1248.0,1395,1248.0,23
"06013314102",1204.0,1508,1420.0,12
"06013314103",1400.0,1101,1359.0,14
"06013314104",1097.0,1688,1040.0,29
"06013314200",1151.5,1546,1164.0,21
"06013315000",1492.0,1206,1426.0,19
"06013316000",1596.0,161,2182.5,2
"06013317000",1369.0,645,1483.0,12
"06013318000",1436.0,1087,1196.0,29
"06013319000",1367.0,2478,1301.0,35
"06013320001",1252.0,1134,1068.0,11
"06013320003",1731.0,1048,1775.0,22
"06013320004",1554.0,2127,1726.0,50
"06013321101",1517.0,2303,1596.5,32
"06013321102",1694.0,2779,1784.5,54
"06013321103",1802.0,1650,1786.5,18
"06013321200",1351.5,1534,1438.0,23
"06013322000",1620.0,2232,1533.0,36
"06013323000",1408.0,1753,1274.0,33
"06013324001",1105.0,988,1105.0,17
"06013324002",1198.0,1409,1437.0,17
"06013325000",1606.0,1793,1601.0,28
"06013326000",1778.5,1280,1626.0,10
"06013327000",1089.0,1902,1084.0,38
"06013328000",816.0,243,661.0,4
"06013329000",1244.0,2041,1244.0,24
"06013330000",1221.0,1977,1200.0,53
"06013331000",1500.0,2169,1322.0,42
"06013332000",1434.0,2623,1405.5,48
"06013333101",1527.0,1342,1477.0,29
"06013333102",1718.0,1309,1460.0,15
"06013333200",1673.0,2057,1673.0,25
"06013334001",1337.5,1122,1160.0,18
"06013334004",1378.0,2347,1403.5,50
"06013334006",1765.0,1733,1842.0,27
"06013334200",2107.0,2351,2151.0,39
"06013335000",1256.0,1201,1186.5,12
"06013336101",1025.0,476,1020.0,9
"06013336102",1040.0,932,1066.0,13
"06013336201",1167.5,966,1159.5,20
"06013336202",1122.0,513,1380.0,7
"06013337100",2149.0,1046,1694.5,14
"06013337200",1266.0,2215,1089.0,34
"06013337300",1968.0,2027,2123.0,22
"06013338101",1086.0,1242,1298.0,21
"06013338102",1616.0,1393,1622.5,18
"06013338201",2052.0,1502,1644.5,24
"06013338203",1168.0,1736,1128.0,44
"06013338204",1457.0,2632,1537.0,35
"06013338301",2291.0,1057,2246.0,13
"06013338302",2050.0,2121,2076.0,22
"06013339001",1004.0,325,820.0,12
"06013339002",1077.0,1946,893.0,41
"06013340001",1557.5,1820,1407.0,28
"06013340002",1769.0,2861,1779.5,42
"06013341000",1691.0,1705,1365.0,17
"06013343001",1820.0,1562,1804.0,20
"06013343002",1722.0,1623,1466.0,26
"06013343003",2279.0,1369,1628.5,14
"06013345101",1648.0,1926,1317.0,27
"06013345102",1584.0,1377,1533.0,25
"06013345103",2013.0,1737,1842.0,23
"06013345105",1968.0,2160,1737.5,36
"06013345108",1851.0,3351,1778.0,77
"06013345111",1842.0,1706,2092.5,22
"06013345112",2717.0,1488,2731.0,32
"06013345113",2523.0,1526,2444.0,30
"06013345114",2023.0,2622,1946.0,47
"06013345115",2379.0,1731,3908.0,27
"06013345116",1965.0,950,2035.5,10
"06013345202",1753.0,2344,1463.0,42
"06013345203",2130.5,2364,1507.5,44
"06013345204",2820.0,1264,2337.0,12
"06013346101",2238.0,1327,2151.0,13
"06013346102",3265.5,2050,3401.0,35
"06013346201",2823.0,2578,2724.0,49
"06013346203",2237.0,1447,2382.0,28
"06013346204",2686.0,2480,2716.5,34
"06013347000",2521.0,2191,2747.5,38
"06013348000",2640.5,1660,2656.0,21
"06013349000",1947.0,1393,1693.0,22
"06013350000",2218.0,1633,1897.0,27
"06013351101",1272.0,2159,1446.0,47
"06013351102",1054.0,3047,907.0,34
"06013351103",1527.0,1509,1477.0,37
"06013351200",2072.0,2065,1857.5,28
"06013352101",2407.5,876,2719.0,14
"06013352102",2170.0,1874,2235.0,23
"06013352201",2037.0,2013,2130.0,34
"06013352202",1834.0,1014,2079.0,17
"06013353001",2287.0,1330,1630.5,18
"06013353002",2395.0,1508,2519.5,24
"06013354001",1999.0,721,1977.0,14
"06013354002",2847.5,2462,2577.0,49
"06013355107",2043.0,1671,2132.0,25
"06013355108",2501.0,3699,2085.0,57
"06013355109",2241.0,2107,2152.0,45
"06013355110",1813.0,1251,1904.0,29
"06013355111",2053.0,1939,1635.0,54
"06013355112",3178.0,1998,3054.5,40
"06013355113",3278.0,1728,3281.0,42
"06013355114",2543.0,3456,2393.0,62
"06013355115",2180.0,1097,1930.0,27
"06013355116",2993.0,2007,3148.0,25
"06013355117",2866.0,1961,3359.0,36
"06013355200",2234.0,2204,2506.0,39
"06013355301",1763.0,2837,1919.0,47
"06013355302",2538.0,1213,2845.0,10
"06013355304",1904.0,3025,1749.0,37
"06013355306",2089.0,1816,2032.0,37
"06013356001",1407.0,1122,1405.0,19
"06013356002",2020.5,1980,1143.0,24
"06013357000",1602.0,1085,1571.0,16
"06013358000",1447.0,1437,1629.0,25
"06013359102",1476.0,1551,1336.0,19
"06013359103",1426.0,1577,1210.0,21
"06013359104",1251.0,976,1126.0,24
"06013359105",1798.0,1559,1792.0,25
"06013359202",1617.0,2233,1621.0,33
"06013359203",1581.0,2282,1596.0,28
"06013359204",1963.0,1424,2134.0,11
"06013360101",1630.0,1631,1536.5,24
"06013360102",2167.0,1544,2051.0,15
"06013360200",1498.0,1369,1294.5,16
"06013361000",1459.0,1474,1367.0,19
"06013362000",1455.0,1149,1288.0,12
"06013363000",1421.0,2244,1188.0,37
"06013364002",1235.0,1588,1247.5,16
"06013365002",1396.5,1144,1295.0,32
"06013365003",1587.0,769,1545.0,14
"06013366001",1104.0,1104,1068.0,15
"06013366002",1121.0,1356,1121.0,18
"06013367100",1296.0,1261,1227.0,18
"06013367200",1112.0,1240,1061.0,16
"06013368001",1107.5,1024,1118.0,18
"06013368002",1062.0,707,1039.5,16
"06013369001",1136.0,1131,1110.0,24
"06013369002",1386.0,836,1549.5,16
"06013370000",1392.5,1056,1394.0,20
"06013371000",1154.0,1619,1363.0,23
"06013372000",1063.5,2074,1034.5,32
"06013373000",1075.5,874,1098.0,14
"06013374000",1244.0,1295,1247.5,18
"06013375000",1162.0,793,1966.5,20
"06013376000",1198.0,1287,1128.5,30
"06013377000",952.0,1430,1085.5,26
"06013378000",1602.5,1466,1620.5,22
"06013379000",1120.0,1486,1172.5,36
"06013380000",1015.0,2683,1349.5,42
"06013381000",1194.0,1507,1075.0,21
"06013382000",1363.0,1458,1197.0,20
"06013383000",1186.0,1576,1145.5,26
"06013384000",1680.0,1649,1331.5,16
"06013385100",2185.5,1154,1938.5,16
"06013385200",1764.0,577,1438.0,5
"06013386000",1332.0,696,1262.5,10
"06013387000",1302.0,813,1171.5,8
"06013388000",1274.0,831,1294.0,4
"06013389100",1279.0,611,1106.0,10
"06013389200",2072.0,259,2507.5,4
"06013390100",1700.0,934,1869.0,19
"06013390200",1378.5,774,1322.5,8
"06013391000",1930.5,1026,1853.0,14
"06013392000",1802.0,1079,1763.0,11
"06013392200",1428.0,2702,1396.0,51
"06013392300",2703.0,809,2418.0,9
"06013420100",1093.0,19,"",0
"06013420300",2968.0,1,"",0
"06013421200",1673.0,45,"",0
"06013421300",1718.0,3,"",0
"06013450200",1440.0,1,"",0
"06013450300",1874.0,13,"",0
"06013451101",1560.0,1,"",0
"06041101100",2415.0,1052,2432.0,9
"06041101200",1635.0,962,2565.0,23
"06041102100",2027.0,947,2178.0,16
"06041102202",1712.0,1954,1597.0,32
"06041102203",1532.0,1273,1612.0,15
"06041103100",1869.0,2665,1956.0,41
"06041103200",1542.0,1894,1324.0,24
"06041104101",1801.0,2606,1956.0,49
"06041104102",1320.0,1696,1323.0,31
"06041104200",1756.0,1996,1506.0,23
"06041104300",1935.0,700,1857.0,16
"06041105000",1758.0,1422,2188.0,26
"06041106001",1180.0,977,1107.0,31
"06041106002",1466.0,1964,1674.0,32
"06041107000",1770.5,2348,1701.0,36
"06041108100",1707.0,2472,1780.5,34
"06041108200",1742.0,1825,1446.0,29
"06041109001",1840.0,932,2056.5,18
"06041109002",1721.5,1324,1551.0,15
"06041110100",2042.0,1723,2290.0,32
"06041110200",2303.0,2222,2303.0,43
"06041111000",1518.5,1162,1120.0,21
"06041112100",1530.0,1281,1313.0,22
"06041112201",1032.0,381,1143.0,6
"06041112202",1344.0,926,1323.0,16
"06041113000",1500.0,1388,1630.0,11
"06041114100",1444.0,1870,1507.0,21
"06041114200",1530.5,1052,1620.0,17
"06041115000",1900.0,2605,2026.0,41
"06041116000",1530.0,1113,1490.0,11
"06041117000",1775.0,1497,1894.0,29
"06041118100",2664.5,832,3076.5,18
"06041119100",2526.0,1599,2399.0,28
"06041119201",1201.0,890,1268.0,21
"06041119202",2198.0,1279,2400.0,25
"06041120000",1898.0,2073,1861.5,44
"06041121100",1594.5,1804,1409.0,27
"06041121200",1562.0,1812,1733.0,22
"06041123000",2750.0,879,2601.0,19
"06041124100",2296.0,1780,2239.0,30
"06041124200",2392.0,2102,2361.0,59
"06041125000",2066.0,1103,2422.0,22
"06041126100",1849.0,2102,1844.0,33
"06041126200",1507.0,1508,1284.0,32
"06041127000",2069.0,1622,1981.0,23
"06041128100",1793.5,2422,1844.0,39
"06041128200",1844.0,1812,1709.0,34
"06041129000",1382.0,247,1553.0,7
"06041130201",1874.5,1350,1862.0,30
"06041130202",1440.0,1499,1596.0,29
"06041131100",1855.5,326,1498.0,8
"06041132100",1471.0,1317,1598.0,21
"06041132200",1474.0,996,1796.0,12
"06041133000",1600.0,1192,1880.5,12
"06041150702",5893.0,1,"",0
"06055",554.0,35,"",0
"06055001300",1680.0,3,"",0
"06055150100",2997.0,1,"",0
"06055150500",0.0,1,"",0
"06055152600",4072.0,1,"",0
"06055154100",1775.0,1,"",0
"06055200201",1316.0,961,1432.0,12
"06055200202",1224.0,598,1453.0,14
"06055200203",1049.0,599,1155.0,9
"06055200301",1200.0,1259,1176.0,16
"06055200302",1444.0,825,1568.0,9
"06055200400",1512.0,1377,1429.0,25
"06055200501",1080.0,1226,986.0,12
"06055200503",1032.0,490,1130.0,9
"06055200504",1285.0,1454,1334.5,22
"06055200505",1544.0,454,1602.0,4
"06055200601",1428.0,1574,1344.0,26
"06055200602",1576.0,1466,1461.0,24
"06055200703",2053.0,1190,1934.5,18
"06055200704",1245.0,1289,1352.5,22
"06055200705",1646.0,692,1390.5,6
"06055200706",1837.0,1160,1771.0,9
"06055200707",1626.5,892,1462.5,6
"06055200802",1485.0,1688,1279.0,27
"06055200803",1845.0,709,1497.0,8
"06055200804",1017.0,1142,1098.0,13
"06055200900",2452.0,1,"",0
"06055201003",2935.0,1041,2811.0,15
"06055201004",2126.0,1526,2219.5,24
"06055201005",1569.0,730,2335.5,8
"06055201006",1555.0,969,1477.5,16
"06055201007",1699.0,1120,1886.0,15
"06055201101",1953.0,828,2038.5,10
"06055201102",1568.0,783,1100.0,14
"06055201200",1324.0,1618,2105.0,16
"06055201300",1210.0,876,1658.0,16
"06055201401",1956.0,1855,2088.5,36
"06055201402",2108.0,1030,1908.0,14
"06055201403",1650.0,313,2272.5,2
"06055201500",1852.5,652,1746.5,14
"06055201601",1413.0,626,1409.5,12
"06055201602",1671.0,1311,1883.0,27
"06055201700",1785.5,1358,1870.0,30
"06055201800",1503.5,818,1608.0,17
"06055201900",1588.0,491,1908.0,7
"06055202000",1318.5,1288,1301.0,19
"06075010100",1079.0,717,1109.0,12
"06075010200",700.0,3260,2239.5,18
"06075010300",2154.0,840,2250.0,11
"06075010400",1579.5,1110,1968.0,23
"06075010500",1236.5,570,1022.5,18
"06075010600",2475.0,350,2407.5,10
"06075010700",3375.0,232,5286.0,5
"06075010800",2000.0,955,2033.0,12
"06075010900",1839.0,799,1031.5,16
"06075011000",1109.0,786,874.0,17
"06075011100",1505.0,520,3950.5,10
"06075011200",1840.0,826,2052.0,19
"06075011300",2460.5,260,2814.0,9
"06075011700",1360.0,322,1224.5,8
"06075011800",5200.0,45,"",0
"06075011901",715.5,666,650.0,15
"06075011902",322.0,2244,474.5,10
"06075012000",6988.0,127,711.0,1
"06075012100",843.0,236,677.0,9
"06075012201",546.0,300,520.0,4
"06075012202",826.0,179,1773.5,4
"06075012301",26680.0,19,"",0
"06075012302",0.0,2425,0.0,7
"06075012401",11528.0,64,16100.0,3
"06075012402",734.0,251,396.0,7
"06075012501",618.5,146,27030.5,2
"06075012502",20040.0,25,"",0
"06075012601",2370.0,479,2140.0,5
"06075012602",2250.0,598,2445.0,7
"06075012700",2312.0,892,1677.0,20
"06075012800",2566.0,1075,2682.5,18
"06075012901",2500.0,456,2143.5,10
"06075012902",2100.0,677,2240.5,8
"06075013000",2050.0,986,1693.5,18
"06075013101",1529.0,672,1565.0,5
"06075013102",1480.0,786,1170.0,9
"06075013200",3230.0,1222,2236.0,24
"06075013300",3071.0,1153,3182.0,28
"06075013400",1989.0,947,2159.0,22
"06075013500",2240.0,502,1375.0,7
"06075015100",823.0,671,1190.0,11
"06075015200",1528.0,795,2290.0,17
"06075015300",1846.5,494,1597.0,8
"06075015400",2322.5,1266,2952.0,16
"06075015500",600.0,705,535.0,11
"06075015600",2130.0,669,2662.0,9
"06075015700",1675.0,1493,1843.0,22
"06075015801",1283.0,568,1700.0,7
"06075015802",2754.0,436,5085.0,12
"06075015900",810.0,772,1102.0,8
"06075016000",834.0,761,721.0,17
"06075016100",964.5,244,900.0,5
"06075016200",0.0,1631,3120.0,9
"06075016300",2400.0,541,1215.0,13
"06075016400",2388.0,535,1743.0,10
"06075016500",2519.0,900,1547.0,17
"06075016600",2710.0,775,3300.0,12
"06075016700",2190.0,959,2560.0,17
"06075016801",1794.0,517,1457.5,6
"06075016802",1362.0,529,2484.0,7
"06075016900",1895.0,624,5191.0,8
"06075017000",1592.0,1407,1473.0,21
"06075017101",2220.0,947,1676.5,14
"06075017102",2241.0,802,2140.0,12
"06075017601",965.0,726,996.0,19
"06075017700",1443.5,332,1075.0,1
"06075017801",838.0,814,753.5,10
"06075017802",1100.5,1002,1063.0,31
"06075017902",1541.0,2,"",0
"06075018000",1019.0,1120,795.0,26
"06075020100",1007.0,845,1000.0,24
"06075020200",1546.5,836,1926.0,15
"06075020300",1575.0,609,1815.0,12
"06075020401",1656.0,985,1550.0,21
"06075020402",1368.0,1043,1338.5,18
"06075020500",1775.0,739,2160.0,12
"06075020600",1764.0,1362,1739.0,27
"06075020700",2310.0,975,1412.0,16
"06075020800",1978.5,680,1890.0,17
"06075020900",1868.0,522,1656.0,7
"06075021000",2298.5,750,1332.5,14
"06075021100",1864.0,1127,1632.5,16
"06075021200",1613.0,937,1731.0,20
"06075021300",1522.5,832,1075.0,9
"06075021400",1651.0,952,1178.5,12
"06075021500",1625.5,1386,1366.0,25
"06075021600",1250.0,1593,1052.0,35
"06075021700",1459.5,1498,1386.0,22
"06075021800",1434.5,1332,1435.5,18
"06075022600",1218.5,754,1276.0,18
"06075022702",1625.0,642,1211.0,10
"06075022704",1330.0,1237,972.0,21
"06075022801",1340.0,1027,1325.0,19
"06075022802",1712.0,313,2104.5,4
"06075022803",1748.0,657,1444.5,12
"06075022901",2200.0,419,3375.0,8
"06075022902",1786.5,402,1619.0,6
"06075022903",1580.0,543,1929.0,5
"06075023001",1250.0,1195,1150.0,13
"06075023003",1301.0,1034,1300.0,15
"06075023102",1455.0,578,1644.0,4
"06075023103",1325.0,140,1030.0,3
"06075023200",1272.0,1087,1480.0,19
"06075023300",1348.0,806,1068.0,8
"06075023400",1224.5,672,1250.0,15
"06075025100",1350.5,1080,1337.5,16
"06075025200",1275.0,1583,1255.0,20
"06075025300",1350.0,1013,1157.5,16
"06075025401",1302.0,825,1416.5,12
"06075025402",1093.0,989,950.0,19
"06075025403",1372.0,1101,1589.0,12
"06075025500",1294.0,1974,1284.5,20
"06075025600",1200.0,1417,947.5,6
"06075025701",1319.0,1133,1170.0,11
"06075025702",1449.0,853,1275.0,13
"06075025800",1250.0,419,1349.0,7
"06075025900",1292.0,1257,836.0,9
"06075026001",1293.0,1055,1130.0,10
"06075026002",1150.0,885,869.0,10
"06075026003",1250.0,1127,1112.5,10
"06075026004",1285.0,877,1337.5,6
"06075026100",1315.0,1379,1145.0,9
"06075026200",1268.0,1573,1359.5,18
"06075026301",1343.0,933,1586.0,5
"06075026302",1290.0,1151,1293.0,15
"06075026303",1349.0,985,1362.0,14
"06075026401",1187.0,813,2025.0,3
"06075026402",1210.0,1032,1200.0,9
"06075026403",1336.0,791,2125.0,5
"06075026404",1719.0,451,1232.0,3
"06075030101",2350.0,876,1700.0,17
"06075030102",1800.0,1243,1716.5,16
"06075030201",1955.0,769,2554.5,6
"06075030202",2250.0,769,1975.5,4
"06075030301",1862.5,1758,2000.0,23
"06075030302",1630.0,1255,1518.0,17
"06075030400",1930.0,1760,1680.0,13
"06075030500",1270.0,939,1275.0,9
"06075030600",1603.0,860,1766.0,3
"06075030700",1338.0,2701,1325.0,31
"06075030800",1841.5,1970,1642.0,28
"06075030900",2045.0,2359,2270.0,19
"06075031000",1500.0,1278,1434.0,10
"06075031100",1175.0,1986,1190.0,23
"06075031201",1263.0,1264,1112.0,9
"06075031202",1192.0,755,1225.0,13
"06075031301",1200.0,1184,1162.0,9
"06075031302",1081.0,1635,750.0,22
"06075031400",1200.0,1557,1150.0,16
"06075032601",1950.0,921,2150.0,9
"06075032602",1640.0,1171,1772.0,11
"06075032700",1695.0,1913,1934.0,16
"06075032801",1496.0,1129,1627.0,8
"06075032802",1450.0,1214,1690.5,10
"06075032901",1450.0,1561,1560.0,9
"06075032902",1270.0,1254,1325.0,8
"06075033000",1520.0,2401,1592.0,23
"06075033100",1713.0,1530,1799.5,20
"06075033201",689.5,6,"",0
"06075033203",0.0,16,"",0
"06075033204",0.0,17,"",0
"06075035100",1361.0,2239,1247.5,20
"06075035201",1189.0,1552,1384.0,13
"06075035202",1425.5,906,1152.5,6
"06075035300",1233.0,2135,1149.5,18
"06075035400",1214.0,1970,1190.0,8
"06075040100",2522.0,784,2187.0,9
"06075040200",2652.5,986,2114.5,10
"06075042601",2620.0,673,1868.0,5
"06075042602",2490.0,707,2493.0,11
"06075042700",2300.0,978,2164.0,10
"06075042800",2810.0,854,3609.0,8
"06075045100",2392.0,875,2324.0,11
"06075045200",2500.0,1414,3900.0,17
"06075047600",2300.0,1195,2000.0,13
"06075047701",2155.0,888,1738.5,8
"06075047702",2050.0,873,1820.0,11
"06075047801",1990.0,971,2376.0,13
"06075047802",2259.0,824,1706.5,26
"06075047901",1562.5,1794,1600.0,25
"06075047902",1618.0,935,1973.5,6
"06075060100",3665.0,27,4606.0,1
"06075060400",1904.0,160,2062.0,3
"06075060502",1064.0,226,850.0,1
"06075060700",982.0,2812,1091.5,78
"06075061000",1310.0,895,1352.0,6
"06075061100",991.0,177,1231.0,4
"06075061200",1423.0,722,1450.0,17
"06075061400",1215.0,1467,1320.0,29
"06075061500",1049.0,5672,1019.0,155
"06075600200",1070.0,2,"",0
"06075600300",1200.0,20,906.0,1
"06075600401",1288.5,4,"",0
"06075600402",1839.0,1,"",0
"06075600700",980.0,13,"",0
"06075600900",1904.0,4,"",0
"06075980200",2350.0,41,"",0
"06075980300",1148.0,13,1148.0,1
"06075980501",1160.0,89,"",0
"06075980600",1360.0,156,1150.0,1
"06075980900",1485.0,157,"",0
"06081026200",1730.0,5,"",0
"06081026302",1840.0,3,"",0
"06081026303",1250.0,26,"",0
"06081026403",1010.0,2,"",0
"06081026404",2290.0,2,"",0
"06081120200",0.0,4,"",0
"06081511200",1530.0,1,"",0
"06081511302",1845.0,2,"",0
"06081511705",2920.0,3,"",0
"06081511707",0.0,1,"",0
"06081600100",1413.0,1749,1437.0,29
"06081600200",1115.0,830,965.0,8
"06081600300",1270.0,1235,1417.0,10
"06081600401",1150.0,1079,1115.0,6
"06081600402",1130.0,1032,970.0,8
"06081600500",1365.0,1780,1500.0,21
"06081600600",1140.0,1014,1270.0,11
"06081600700",1100.0,1393,1040.0,17
"06081600800",1300.0,291,"",0
"06081600900",1460.0,1386,1300.0,12
"06081601000",1150.0,1966,1150.0,20
"06081601100",1180.0,1771,1190.0,17
"06081601200",1170.0,1485,1145.0,14
"06081601300",1500.0,1081,890.0,11
"06081601400",1270.0,1682,1280.0,11
"06081601501",1270.0,1241,1215.0,8
"06081601502",1860.0,281,1990.0,1
"06081601601",1290.0,518,1580.0,3
"06081601603",1280.0,1536,1280.0,11
"06081601604",817.0,1185,788.0,15
"06081601605",1270.0,1631,1270.0,8
"06081601700",1110.0,1331,1080.0,12
"06081601800",1330.0,1981,1160.0,8
"06081601901",1240.0,1133,2180.0,7
"06081601902",1120.0,869,1257.0,9
"06081602000",1450.0,2439,1180.0,18
"06081602100",1280.0,509,1204.0,8
"06081602200",1400.0,973,1515.0,4
"06081602300",1270.0,843,1150.0,13
"06081602400",1270.0,1881,1100.0,17
"06081602500",1900.0,1610,1488.5,12
"06081602600",1460.0,2503,1170.0,26
"06081602700",1260.0,1412,1585.0,12
"06081602800",1250.0,1342,1200.0,21
"06081602900",1150.0,1031,1295.0,8
"06081603000",1230.0,1217,1090.0,16
"06081603100",1335.0,1228,1160.0,7
"06081603200",1175.0,1340,1040.0,8
"06081603300",1163.0,2303,1367.5,20
"06081603400",1460.0,1922,1345.0,14
"06081603700",1360.0,1718,1140.0,10
"06081603801",680.0,1311,680.0,33
"06081603802",1500.0,1566,1520.0,12
"06081603900",1300.0,1693,1290.0,18
"06081604000",1290.0,1160,1260.0,5
"06081604101",1300.0,1302,1050.0,13
"06081604102",650.0,982,540.0,7
"06081604200",1030.0,901,830.0,13
"06081604400",1200.0,1097,1204.0,10
"06081604500",1600.0,1154,1290.0,11
"06081604600",1700.0,974,1395.0,6
"06081604700",1775.0,938,1450.0,5
"06081604800",1720.0,1084,1440.0,3
"06081604900",1950.0,1223,1900.0,17
"06081605000",2160.0,2195,1785.0,12
"06081605100",1510.0,789,1445.0,14
"06081605200",2100.0,1165,1530.0,20
"06081605300",1717.0,1385,1510.0,14
"06081605400",1552.0,1510,1350.0,22
"06081605500",1660.0,1119,1530.0,11
"06081605600",3553.5,2034,3080.0,29
"06081605700",3405.0,1950,3307.5,24
"06081605800",2595.0,858,2559.0,10
"06081605900",1362.0,1155,1157.0,13
"06081606000",903.0,1603,864.0,18
"06081606100",1180.0,1037,1210.0,10
"06081606200",1320.0,1221,1440.0,21
"06081606300",1330.0,1244,1541.0,20
"06081606400",1800.0,1226,1680.0,19
"06081606500",2186.0,1290,2435.0,8
"06081606600",1529.0,1088,1322.0,17
"06081606700",1870.0,887,2072.0,8
"06081606800",1930.0,1113,2040.0,10
"06081606900",1760.0,816,1790.0,4
"06081607000",2120.0,1068,2280.0,9
"06081607100",1580.0,1130,1435.0,8
"06081607200",1450.0,599,1120.0,2
"06081607300",1580.0,1312,1505.0,12
"06081607400",1350.0,1244,1022.0,10
"06081607500",1390.0,781,1175.0,4
"06081607600",1360.0,1045,1258.5,14
"06081607701",1000.0,1148,1115.0,11
"06081607702",1080.0,800,1080.0,10
"06081607800",1300.0,1013,1300.0,14
"06081607900",1200.0,1233,1250.0,23
"06081608001",1540.0,853,1349.0,11
"06081608002",1780.0,1401,1740.0,12
"06081608004",1530.0,1733,1470.0,22
"06081608013",1860.0,1056,1530.0,11
"06081608023",2010.0,872,2520.0,4
"06081608100",1760.0,1008,1570.0,11
"06081608200",1890.0,999,1630.0,7
"06081608300",1900.0,821,1630.0,9
"06081608400",1060.0,1034,1054.0,16
"06081608501",1210.0,1416,1080.0,11
"06081608502",1128.0,771,1040.0,9
"06081608600",1345.0,921,1350.0,5
"06081608700",1650.0,2226,1520.0,23
"06081608800",1715.0,2222,1955.0,24
"06081608900",2190.0,1378,1958.0,20
"06081609000",1640.0,805,1710.0,8
"06081609100",1010.0,490,1105.0,6
"06081609201",1380.0,1226,1290.0,19
"06081609202",1400.0,931,1250.0,11
"06081609300",1680.0,1114,1570.0,8
"06081609400",1580.0,1181,1510.0,13
"06081609500",1730.0,1755,1825.0,14
"06081609601",2200.0,1048,2025.0,12
"06081609602",1870.0,653,1720.0,12
"06081609603",1900.0,2159,1659.5,20
"06081609700",2210.0,1641,1950.0,25
"06081609800",1600.0,1615,1050.0,8
"06081609900",1730.0,1103,1790.0,12
"06081610000",1685.0,1158,1560.0,17
"06081610100",1110.0,572,1135.0,12
"06081610201",1200.0,584,1620.0,5
"06081610202",802.5,92,775.0,2
"06081610203",1800.0,243,4569.0,5
"06081610302",1120.0,415,1342.0,3
"06081610303",1850.0,2423,1560.0,29
"06081610304",1359.0,1822,1123.0,30
"06081610400",1430.0,1041,1510.0,17
"06081610500",1090.0,782,1135.0,8
"06081610601",1270.0,811,1600.0,15
"06081610602",1240.0,1071,960.0,12
"06081610700",1720.0,983,1900.0,9
"06081610800",1620.0,528,4464.0,4
"06081610900",1340.0,1277,2459.0,22
"06081611000",1585.0,1539,1260.0,17
"06081611100",1580.0,2220,1360.0,29
"06081611200",1400.0,1058,1290.0,10
"06081611300",1610.0,1725,1510.0,29
"06081611400",3970.0,1500,4125.0,24
"06081611500",3100.0,975,3080.0,18
"06081611600",1395.0,804,1130.0,2
"06081611700",1130.0,1079,1155.0,12
"06081611800",1070.0,838,1070.0,7
"06081611900",1240.0,1959,1250.0,17
"06081612000",1080.0,1262,1080.0,17
"06081612100",1415.0,812,1157.0,13
"06081612500",1951.0,1124,1980.0,17
"06081612600",1768.0,1087,1385.0,18
"06081612700",2290.0,816,2120.0,13
"06081612800",2360.0,1199,2340.0,8
"06081612900",1770.0,1715,1560.0,23
"06081613000",2190.0,1139,2105.0,15
"06081613200",2530.0,2342,2540.0,40
"06081613300",2600.0,1038,3051.0,11
"06081613400",2600.0,1207,2670.0,19
"06081613501",1640.0,1163,1540.0,12
"06081613502",1830.0,2192,2070.0,30
"06081613600",1670.0,2030,1800.0,26
"06081613700",1580.0,2691,1520.0,40
"06081613800",950.0,1224,750.0,11
"06081613900",1620.0,1665,2352.0,24
"06081614000",1470.0,1524,1330.0,9
"06085120500",2308.0,10,"",0
"06085121000",1616.0,1,"",0
"06085123300",900.0,1,"",0
"06085443301",1750.0,4,"",0
"06085500100",1388.0,1476,1391.0,29
"06085500200",1342.0,1008,1223.5,18
"06085500300",1386.5,1012,1463.0,15
"06085500400",1733.0,583,1796.0,9
"06085500500",1660.0,1731,1625.0,34
"06085500600",1496.0,1047,2000.0,17
"06085500800",1103.0,1123,1030.0,41
"06085500901",1421.0,698,1421.0,19
"06085500902",2584.0,111,1244.0,3
"06085501000",1308.0,805,1488.0,19
"06085501101",1380.0,778,1280.0,17
"06085501102",1267.0,1154,1256.0,17
"06085501200",1305.0,900,1325.0,17
"06085501300",1766.0,720,2471.0,4
"06085501401",900.0,458,849.0,11
"06085501402",1247.0,522,1380.5,10
"06085501501",1450.0,534,1372.0,8
"06085501502",1622.0,701,1622.0,11
"06085501600",1632.0,909,1810.0,18
"06085501700",1273.0,674,1332.0,14
"06085501800",1312.0,1393,1270.0,29
"06085501900",1258.0,1144,1229.0,41
"06085502001",1173.0,1211,1158.0,24
"06085502002",1150.0,697,1031.5,12
"06085502101",1415.0,1461,1178.0,39
"06085502102",1608.0,1025,1774.5,18
"06085502201",1224.0,965,1470.0,11
"06085502202",1311.0,1076,1071.0,17
"06085502301",1852.0,996,1707.0,14
"06085502302",1772.0,579,1491.5,10
"06085502400",1504.0,2618,1384.0,54
"06085502500",1581.5,2308,1649.0,43
"06085502601",2010.0,1041,1954.0,21
"06085502603",1805.5,904,1630.0,9
"06085502604",1240.0,639,1127.0,13
"06085502701",1687.0,1403,1868.0,22
"06085502702",1464.0,2724,1445.5,46
"06085502800",1550.0,1311,1614.0,19
"06085502901",1585.0,1735,1560.0,25
"06085502902",1637.0,2690,1430.0,50
"06085502903",1672.0,1926,1584.0,29
"06085502906",1395.0,1267,1395.0,19
"06085502907",1628.0,1338,1707.0,23
"06085502908",1505.0,2047,1499.0,27
"06085502909",1232.0,1551,1232.0,27
"06085502910",1466.0,892,1260.0,14
"06085503001",1729.5,1572,1708.5,28
"06085503002",1670.0,1067,1683.0,12
"06085503003",1553.0,1767,1529.0,20
"06085503105",1307.0,349,955.0,4
"06085503108",1848.0,1342,1949.0,20
"06085503110",1268.0,387,1665.5,10
"06085503111",1238.0,1054,1238.0,15
"06085503112",1128.0,797,1141.0,18
"06085503113",1200.0,846,1190.0,25
"06085503115",1690.0,1626,1690.0,57
"06085503116",1632.0,659,1496.0,13
"06085503117",1235.0,451,1124.0,12
"06085503118",961.0,882,961.0,11
"06085503121",871.0,673,871.0,17
"06085503122",1125.0,376,998.5,10
"06085503123",1278.0,267,1712.0,7
"06085503204",1164.0,1675,1152.0,39
"06085503207",1698.0,1028,1830.0,9
"06085503208",1260.0,827,1137.0,19
"06085503210",1432.0,869,1748.0,8
"06085503211",1444.0,1131,1444.0,12
"06085503212",1618.0,957,1594.0,11
"06085503213",1257.0,646,1808.0,27
"06085503214",1405.0,556,1562.5,6
"06085503217",1157.0,1036,1131.0,28
"06085503218",1123.0,533,1123.0,18
"06085503304",1176.0,1231,1204.0,29
"06085503305",1292.0,1107,1319.0,10
"06085503306",1140.0,683,1040.0,6
"06085503312",1767.0,961,1722.0,17
"06085503313",2106.0,1275,2025.0,12
"06085503315",1451.0,1349,1451.0,18
"06085503321",2206.0,1072,2159.5,12
"06085503322",1739.0,1035,1800.0,17
"06085503323",1554.0,1197,1500.5,8
"06085503324",1802.0,909,1801.0,22
"06085503325",1393.0,1135,1415.5,8
"06085503326",2263.0,1710,2400.5,22
"06085503327",1625.0,1228,1566.0,16
"06085503329",1990.0,979,1878.0,9
"06085503330",2316.0,2074,1496.5,44
"06085503331",1568.0,1339,1240.0,24
"06085503332",1751.0,2585,1571.5,62
"06085503333",1647.0,1336,1501.0,21
"06085503334",3062.0,2648,3313.0,50
"06085503336",1320.0,841,1268.5,16
"06085503337",1452.0,710,1419.0,8
"06085503401",1121.0,894,1040.0,9
"06085503402",1232.0,572,1128.0,11
"06085503504",1040.0,1096,1119.0,17
"06085503506",1283.0,954,1220.0,15
"06085503507",1391.0,342,1391.0,5
"06085503508",1198.0,1173,1154.0,21
"06085503509",1455.0,836,1495.5,16
"06085503510",1198.0,1049,1188.0,24
"06085503511",1353.0,808,1364.5,8
"06085503601",1348.5,552,1302.0,11
"06085503602",1338.0,720,1268.0,9
"06085503703",1263.0,583,1267.5,14
"06085503707",1180.0,1190,1180.0,17
"06085503708",1234.0,559,1234.0,7
"06085503709",1173.0,519,1490.5,6
"06085503710",1320.0,475,1402.0,7
"06085503711",1441.0,704,1478.5,18
"06085503712",1056.0,582,1054.0,17
"06085503713",902.0,586,828.0,12
"06085503802",1242.0,1772,1221.0,20
"06085503803",1705.0,1358,1590.0,13
"06085503804",1416.0,1401,1465.5,24
"06085503902",1308.0,1035,1366.0,23
"06085503903",1377.0,731,1547.0,14
"06085504001",1186.0,1115,1309.0,25
"06085504002",1242.0,941,1242.0,17
"06085504101",1260.0,903,1260.0,15
"06085504102",1236.5,1238,1156.0,17
"06085504201",1816.0,1547,1846.0,22
"06085504202",2234.0,1453,2397.0,20
"06085504307",1556.0,1674,1445.0,31
"06085504308",1896.0,1386,2077.0,14
"06085504311",1630.0,2180,1486.0,39
"06085504314",1494.0,1319,1574.0,9
"06085504315",1452.0,1968,1372.0,29
"06085504316",1380.0,1407,1352.0,19
"06085504317",1538.0,1222,1517.0,15
"06085504318",1573.0,326,1336.0,3
"06085504319",1881.0,1792,2036.0,20
"06085504320",1838.0,860,1803.5,18
"06085504321",1478.0,1331,1284.0,19
"06085504322",1519.0,978,1651.0,24
"06085504323",1461.5,1298,1366.0,19
"06085504410",1399.0,987,1410.0,16
"06085504411",1517.0,1503,1517.0,33
"06085504412",1242.0,969,1186.0,15
"06085504413",1591.5,552,1459.0,8
"06085504414",1964.0,1512,1625.0,10
"06085504415",1769.0,1532,1528.0,13
"06085504416",1528.0,1035,1430.0,15
"06085504417",2825.0,95,"",0
"06085504418",1189.0,956,1187.0,11
"06085504420",2097.0,1166,1750.0,20
"06085504421",1657.0,1344,1619.0,22
"06085504422",1198.0,834,1066.0,4
"06085504423",1502.0,642,1282.0,8
"06085504504",1309.0,1995,1300.0,63
"06085504505",1270.0,1270,1243.5,16
"06085504506",1422.0,822,1174.0,18
"06085504507",1370.0,1450,1277.0,18
"06085504601",2428.0,4,"",0
"06085504602",1500.0,362,1232.0,1
"06085504802",1108.0,797,1108.0,18
"06085504803",1582.0,1086,1582.0,27
"06085504805",1108.0,104,1108.0,3
"06085504806",1108.0,743,1565.0,7
"06085504901",1654.0,1728,1646.0,32
"06085505001",1584.0,2041,1445.5,48
"06085505006",1415.0,846,1561.0,13
"06085505007",1449.0,827,1473.5,4
"06085505008",0.0,13,321124.5,2
"06085505009",1325.0,390,1130.0,3
"06085505100",1113.0,830,1006.0,19
"06085505202",1215.0,1109,1087.5,22
"06085505203",1368.0,915,1644.0,25
"06085505301",1095.0,899,1119.5,6
"06085505302",1315.0,1303,1311.0,16
"06085505303",1226.0,1334,1381.0,25
"06085505304",1276.0,1077,1531.0,10
"06085505305",1425.0,1456,1371.0,20
"06085505401",1476.0,907,1476.0,12
"06085505402",1188.0,893,1206.5,8
"06085505403",1166.0,1321,1097.0,34
"06085505500",1511.0,1187,1440.0,17
"06085505600",1436.0,564,1466.5,12
"06085505700",1543.5,1194,1470.0,23
"06085505800",1196.0,1384,1134.0,23
"06085505900",1393.5,1558,1481.0,25
"06085506000",1416.0,1345,1340.0,21
"06085506101",1593.5,1438,1760.0,20
"06085506102",1333.5,1282,1145.0,15
"06085506103",1438.5,1370,1442.0,22
"06085506202",1606.5,1922,1563.0,20
"06085506203",1249.0,979,1099.0,18
"06085506204",1456.0,1807,1475.5,24
"06085506301",1502.0,926,1377.0,23
"06085506302",1665.0,1832,1590.0,41
"06085506304",1496.0,687,1505.5,10
"06085506305",1770.0,860,2134.0,15
"06085506401",1507.0,1131,1246.0,20
"06085506402",1741.0,963,1527.0,10
"06085506501",1243.0,1070,1382.0,19
"06085506502",1190.0,1215,1447.0,23
"06085506503",1503.0,1161,1546.5,18
"06085506601",1402.0,1088,1655.5,10
"06085506603",1538.0,1354,1499.0,22
"06085506604",1387.0,2327,1391.0,38
"06085506605",1528.0,879,1785.5,10
"06085506606",1531.0,1031,1597.0,8
"06085506701",1496.5,1268,1651.0,19
"06085506702",1496.0,1541,1484.0,32
"06085506703",1557.0,1061,1520.0,24
"06085506801",1810.0,1798,2010.0,29
"06085506802",1423.0,1690,1401.5,24
"06085506803",1598.0,1924,1416.5,28
"06085506804",1640.0,1333,1750.5,20
"06085506900",2265.0,2420,2038.5,26
"06085507001",1995.0,2342,1828.0,49
"06085507002",2464.0,1007,2870.5,20
"06085507100",1786.5,698,1699.0,21
"06085507203",1772.5,658,1804.0,17
"06085507205",2069.5,1888,2152.0,41
"06085507206",2815.0,962,3024.0,9
"06085507301",2880.0,2142,2451.0,36
"06085507302",3050.0,975,3079.0,17
"06085507401",2284.0,1943,2114.0,15
"06085507402",1869.0,1508,1511.0,29
"06085507500",2498.0,2028,2287.0,20
"06085507600",2742.0,2033,2670.0,29
"06085507701",1913.0,1285,1732.0,17
"06085507702",2135.0,2090,2052.5,22
"06085507703",2203.0,2139,2234.5,36
"06085507805",1666.0,1027,1833.5,10
"06085507806",2200.0,867,1868.0,12
"06085507807",1568.0,883,1513.0,11
"06085507808",1704.0,1667,1571.0,12
"06085507903",1607.0,1632,1532.0,13
"06085507904",1736.0,1116,1600.5,8
"06085507905",1422.0,1473,1400.0,12
"06085507906",1511.0,1443,1420.0,14
"06085508001",1512.0,2144,1261.0,31
"06085508003",1510.0,478,1352.0,2
"06085508004",1481.5,1450,1278.0,21
"06085508101",1644.0,1740,1516.0,14
"06085508102",1506.0,702,1284.0,7
"06085508202",1567.0,2144,1524.0,23
"06085508203",1762.0,1521,1956.0,19
"06085508204",1525.0,1266,1090.0,23
"06085508301",1859.0,1393,1751.5,8
"06085508303",1851.0,914,1768.0,5
"06085508304",1787.0,1318,1944.0,13
"06085508401",1499.0,1962,1349.5,30
"06085508403",1755.0,1031,1752.0,12
"06085508404",1811.0,1663,1477.0,17
"06085508503",1541.0,1064,1837.0,6
"06085508504",1622.0,708,1416.5,14
"06085508505",1488.0,1287,1649.0,17
"06085508507",983.0,548,968.0,10
"06085508508",1685.0,875,0.0,18
"06085508601",1417.0,1190,1554.0,15
"06085508602",1426.0,850,1408.0,10
"06085508703",1489.0,1697,1225.0,35
"06085508704",1404.0,1063,1198.0,23
"06085508800",1182.0,592,1374.5,6
"06085508900",1250.0,1132,1275.0,16
"06085509000",1134.0,1670,1148.0,29
"06085509102",1348.0,935,1248.5,14
"06085509105",1703.0,1100,1869.0,13
"06085509106",1728.0,746,1632.0,9
"06085509107",3480.5,180,4177.0,3
"06085509108",1215.0,1002,1474.0,21
"06085509109",1369.0,1360,1360.5,22
"06085509201",1183.0,1316,1040.0,29
"06085509202",1318.0,1313,1008.0,13
"06085509302",1280.0,987,1382.0,10
"06085509303",1407.0,636,1560.0,15
"06085509304",1352.0,737,1282.0,14
"06085509401",1369.5,468,1103.0,5
"06085509403",935.0,409,943.5,6
"06085509404",1240.0,1314,1206.0,19
"06085509500",1592.0,805,1996.5,12
"06085509600",1523.5,650,1744.0,11
"06085509700",1482.0,805,1400.0,9
"06085509801",1608.0,1603,1667.0,17
"06085509802",1543.0,851,1665.0,11
"06085509901",1972.0,688,"",0
"06085509902",2185.0,1447,2337.0,22
"06085510001",2206.5,2104,2133.0,22
"06085510002",2182.0,1255,2427.5,8
"06085510100",2297.0,1112,2116.0,13
"06085510200",2317.0,1504,2170.0,12
"06085510300",1984.0,1592,1719.0,24
"06085510400",2172.0,1100,1935.0,17
"06085510500",2306.0,1731,2333.0,30
"06085510600",1774.0,1715,1445.0,19
"06085510700",1529.0,1194,1357.0,15
"06085510801",1659.0,1947,1511.5,24
"06085510802",1765.0,655,1786.0,6
"06085510803",1515.0,729,1177.5,10
"06085510900",1763.5,1576,1653.5,12
"06085511000",1549.0,1905,1384.5,12
"06085511100",1851.0,1945,1696.0,13
"06085511200",2320.0,1670,1969.0,18
"06085511301",1874.0,978,1743.0,16
"06085511302",1494.0,1002,1372.0,27
"06085511400",2386.5,1284,2648.0,16
"06085511500",1824.0,2209,1600.5,14
"06085511608",2131.0,13,"",0
"06085511609",3186.0,11,"",0
"06085511701",3206.0,1467,3088.0,19
"06085511702",2611.0,985,2607.0,12
"06085511704",3515.0,1665,3254.0,24
"06085511705",2120.0,308,2241.0,5
"06085511707",2470.0,1108,3030.0,9
"06085511800",1588.0,1391,1864.0,23
"06085511905",2006.0,1055,2125.0,14
"06085511907",1920.0,1343,1898.0,16
"06085511909",2498.0,2690,2372.0,31
"06085511910",2470.5,1062,2510.0,17
"06085511911",1997.0,1663,1538.0,30
"06085511912",2240.0,1736,2167.0,21
"06085511913",2013.0,1438,2010.5,22
"06085511914",2176.0,1936,2175.0,23
"06085511915",1420.0,648,1331.0,12
"06085511916",1616.0,1379,1573.0,25
"06085512001",1879.0,2043,1674.0,28
"06085512005",1710.0,2053,1603.0,29
"06085512017",1458.0,1752,1502.0,30
"06085512019",1581.0,1134,1581.0,18
"06085512020",1581.0,628,1782.0,8
"06085512021",1468.0,1737,1452.0,36
"06085512022",1638.0,497,1613.5,12
"06085512023",959.0,1942,903.0,44
"06085512024",1529.5,1114,1594.5,22
"06085512025",2084.0,991,1507.0,22
"06085512026",1260.0,1331,1294.0,23
"06085512027",1466.0,802,1354.0,21
"06085512029",1543.0,2276,1400.0,49
"06085512030",1826.0,982,1695.0,17
"06085512031",1617.0,1362,1717.0,21
"06085512032",1392.0,1034,1308.0,15
"06085512033",1722.0,1696,1497.0,31
"06085512034",1517.0,1045,1470.0,18
"06085512035",1733.0,1301,1513.0,25
"06085512036",1683.0,821,1947.0,10
"06085512037",1495.0,983,1410.0,15
"06085512038",1129.0,510,1129.0,6
"06085512039",1488.0,1064,1355.0,15
"06085512042",1732.0,560,1732.0,8
"06085512043",1340.5,708,1290.0,20
"06085512045",1467.0,1823,1491.0,25
"06085512047",1576.0,1659,1519.5,32
"06085512052",1056.0,791,1002.0,23
"06085512053",1321.0,1562,903.0,39
"06085512100",2329.0,264,3339.0,6
"06085512200",2689.0,1190,2766.0,23
"06085512305",2640.0,1205,2262.0,17
"06085512307",2118.0,1759,1883.0,28
"06085512308",2383.0,2367,2271.0,40
"06085512309",2158.0,1573,2297.0,26
"06085512310",1757.0,795,915.0,40
"06085512311",1840.0,794,1530.5,66
"06085512312",1621.0,972,1673.0,19
"06085512313",1872.0,631,1204.0,10
"06085512314",1686.0,1407,1809.0,21
"06085512401",2052.0,966,2436.0,11
"06085512402",2151.0,1143,2174.0,13
"06085512503",2208.0,2780,2183.0,50
"06085512505",1588.0,1525,1638.5,28
"06085512506",1463.0,1354,1469.5,14
"06085512508",1750.5,1952,1723.0,33
"06085512509",2085.0,876,1944.5,10
"06085512510",1890.0,1677,1858.0,25
"06085512602",1980.0,305,2149.0,5
"06085512603",1389.0,471,1361.0,8
"06085512604",1256.0,697,1395.0,7
"06085513000",2300.0,41,"",0
"06085513500",1396.0,30,2245.0,1
"06085613200",2196.0,1,"",0
"06095011300",0.0,1,"",0
"06095201004",1449.0,53,"",0
"06095201005",1400.0,37,"",0
"06095201007",1280.0,41,1160.0,2
"06095250103",1837.0,1280,1424.0,19
"06095250104",1752.0,679,1711.0,10
"06095250105",1927.0,2263,1785.5,40
"06095250106",2417.0,1462,2418.0,27
"06095250200",1132.0,1134,1119.0,17
"06095250300",1056.0,1126,1107.5,26
"06095250400",1070.0,1146,834.0,15
"06095250501",1255.0,738,1258.0,9
"06095250502",1634.0,1122,1183.0,17
"06095250601",1150.0,1526,1108.5,26
"06095250604",1656.0,1507,1541.0,13
"06095250605",1802.0,1519,1768.5,16
"06095250701",1154.0,658,1280.0,11
"06095250801",1796.0,773,1560.0,9
"06095250900",1305.0,319,1308.5,8
"06095251000",1561.0,683,1407.0,11
"06095251100",1166.0,933,1262.0,15
"06095251200",1147.5,970,907.5,12
"06095251300",1503.0,1205,1448.0,18
"06095251400",1377.0,1760,1681.0,29
"06095251500",1215.0,903,1248.0,15
"06095251600",1318.5,586,1546.0,14
"06095251701",1176.5,920,1379.0,23
"06095251702",988.0,1038,1065.0,20
"06095251802",968.0,221,1038.0,5
"06095251803",1285.0,1409,1232.0,17
"06095251804",1441.0,1010,1400.0,7
"06095251901",1200.0,1629,1228.0,25
"06095251902",1323.5,1684,1440.0,18
"06095251903",1511.0,1641,1230.0,28
"06095252000",1640.0,1503,1439.0,17
"06095252102",1464.0,1318,1336.0,15
"06095252103",1870.0,1582,2007.0,22
"06095252104",2498.0,1793,2437.0,21
"06095252105",1663.0,1340,1461.0,25
"06095252106",1735.0,1320,1502.0,16
"06095252107",1724.0,1207,1477.0,12
"06095252108",1579.0,1139,1449.0,15
"06095252201",2301.0,3161,2164.0,55
"06095252202",1816.0,3382,1835.0,37
"06095252305",1947.0,1425,1926.0,21
"06095252306",1843.0,1204,1968.0,12
"06095252310",2780.0,1116,2610.0,15
"06095252311",2551.0,1360,2607.5,16
"06095252312",1678.0,878,1573.0,8
"06095252313",2127.0,1491,1958.0,21
"06095252314",1474.0,1256,1483.0,24
"06095252315",2048.0,1377,1905.0,9
"06095252316",1603.0,1068,1506.5,14
"06095252317",2109.0,2313,2065.0,30
"06095252401",1140.0,1267,1160.0,23
"06095252402",1248.0,1232,1156.0,22
"06095252501",1208.0,640,1223.0,6
"06095252502",1109.5,354,1174.0,3
"06095252604",1385.0,739,1298.0,15
"06095252605",1300.0,847,1269.0,7
"06095252606",1287.0,1022,1412.0,21
"06095252607",1228.5,650,1046.0,7
"06095252608",1280.0,895,1285.0,21
"06095252610",1456.0,1030,1506.0,16
"06095252611",1156.0,1009,1095.0,10
"06095252702",1569.0,2589,1668.0,34
"06095252703",1474.0,1183,1474.0,19
"06095252704",1440.0,1193,1380.0,10
"06095252705",1492.0,1898,1532.0,23
"06095252706",1580.0,1232,1580.0,17
"06095252707",1482.5,1126,1652.0,15
"06095252801",1453.5,2,"",0
"06095252903",2273.0,1363,2549.5,12
"06095252904",1898.0,1534,1659.0,16
"06095252908",1799.0,865,1672.5,10
"06095252909",1533.0,1108,1512.0,11
"06095252910",1634.0,1829,1614.0,34
"06095252911",1314.0,1933,1314.0,27
"06095252912",2110.0,1831,2110.0,23
"06095252913",1604.0,1715,1627.0,17
"06095252914",1534.0,1664,1334.0,21
"06095252915",2179.0,1336,2019.5,24
"06095253101",1396.0,1729,1276.0,19
"06095253105",1376.0,1081,1247.0,8
"06095253106",1341.0,966,1314.0,8
"06095253107",1318.0,1459,1277.0,12
"06095253108",1497.0,1098,1557.0,19
"06095253201",1851.0,1822,1851.0,16
"06095253203",1294.0,1375,1414.0,18
"06095253204",2003.0,1805,1807.5,26
"06095253205",1692.0,862,2434.0,23
"06095253206",1952.0,1016,1989.0,17
"06095253300",1962.5,316,1081.5,2
"06095253402",1484.0,1778,1618.5,26
"06095253403",1757.0,1594,1771.0,21
"06095253404",1764.5,1738,1787.0,16
"06095253500",1608.5,3972,1551.0,59
"06095327000",0.0,1,"",0
"06097150100",1664.5,776,1768.0,7
"06097150202",1393.0,2080,1325.0,39
"06097150203",1390.5,1474,1464.0,27
"06097150204",1650.0,1366,1691.0,29
"06097150303",1532.0,1971,1556.0,31
"06097150304",1360.0,1881,1514.0,35
"06097150305",1276.0,1109,1214.0,20
"06097150306",1247.0,1304,987.0,19
"06097150500",1584.0,1787,1344.0,33
"06097150601",1404.0,1193,1432.0,14
"06097150602",1498.0,1528,1568.0,8
"06097150603",1492.0,2031,1513.0,27
"06097150607",1985.0,1698,2069.0,16
"06097150609",1344.0,1499,1702.0,19
"06097150610",1548.0,1325,1502.0,23
"06097150611",1832.0,1007,1780.5,14
"06097150612",1864.0,1294,1864.0,11
"06097150701",1220.0,1356,932.0,18
"06097150702",1878.0,1737,1459.0,17
"06097150800",1538.0,1515,1771.0,21
"06097150901",1186.0,1288,1215.0,26
"06097150902",1620.0,1218,1351.5,16
"06097151000",1744.0,1042,1085.0,6
"06097151100",1845.5,1044,1500.0,13
"06097151201",1302.0,1597,1701.0,19
"06097151203",1344.0,1660,1176.0,23
"06097151204",1374.5,1112,1556.5,16
"06097151301",1232.0,1102,1200.0,9
"06097151305",1131.0,1031,991.0,23
"06097151306",1196.0,1195,1172.0,22
"06097151307",1685.0,1836,1800.0,29
"06097151308",1921.0,1044,1911.0,11
"06097151309",1470.0,1639,1459.0,23
"06097151310",1364.0,1101,1354.5,14
"06097151311",1584.0,1948,1720.5,24
"06097151401",1015.0,1721,1166.5,30
"06097151402",0.0,1764,1412.5,28
"06097151502",1559.0,2205,1295.5,32
"06097151503",2212.0,1429,2356.5,20
"06097151504",1576.0,1329,1649.0,21
"06097151601",1411.5,1748,1401.0,29
"06097151602",1818.0,1958,1618.0,57
"06097151700",1516.0,1618,1337.0,32
"06097151800",1273.0,1963,1235.0,32
"06097151900",1123.0,775,1166.0,19
"06097152000",1358.0,309,1067.0,9
"06097152100",1256.0,671,1310.0,11
"06097152201",1243.0,1047,1036.0,11
"06097152202",1316.0,2019,1587.5,20
"06097152203",1532.0,1027,1499.5,24
"06097152300",1743.0,1692,1739.0,35
"06097152400",2280.0,3584,2271.0,60
"06097152501",1408.0,1170,1514.0,25
"06097152502",1320.0,1139,1300.0,23
"06097152600",1945.0,3016,1596.0,48
"06097152701",1727.0,1702,1775.5,20
"06097152702",1840.0,1237,1632.0,14
"06097152801",1492.0,1832,1389.0,37
"06097152802",1015.0,976,1187.0,26
"06097152903",1274.0,1109,1150.0,25
"06097152904",1440.0,1810,1259.0,18
"06097152905",1523.0,1173,1400.0,8
"06097152906",1407.0,1571,860.0,27
"06097153001",1333.0,1222,1199.0,20
"06097153002",1144.0,1719,1235.0,22
"06097153003",1218.0,1391,1322.0,20
"06097153005",1558.0,2104,1412.0,28
"06097153006",1308.0,2350,1184.5,46
"06097153102",1200.0,981,1071.0,17
"06097153103",1150.0,909,1250.0,11
"06097153104",1120.0,580,1208.0,10
"06097153200",1352.0,1756,1391.0,20
"06097153300",1242.0,3006,1326.0,46
"06097153401",1472.0,2029,1390.0,22
"06097153403",1474.0,1249,1633.0,21
"06097153404",1688.0,1256,1710.0,9
"06097153501",1670.0,1383,1463.0,18
"06097153502",1728.0,1191,1739.5,10
"06097153600",1591.5,1658,1179.5,18
"06097153703",992.0,2200,973.5,38
"06097153704",1012.0,1943,1080.0,31
"06097153705",1139.0,1413,1007.0,24
"06097153706",1200.0,1751,1152.0,27
"06097153801",1297.0,2685,1343.5,50
"06097153804",1802.0,1128,1599.0,19
"06097153806",1768.0,1057,1842.5,28
"06097153807",1946.0,1295,1722.0,17
"06097153808",1114.0,1225,1284.5,16
"06097153809",1755.5,1274,1939.5,18
"06097153901",1369.0,1934,1380.0,31
"06097153902",1293.0,1173,1213.0,18
"06097153903",1617.0,1439,1525.0,25
"06097154000",1678.0,647,2177.0,12
"06097154100",1514.0,949,1664.0,13
"06097154201",1128.0,972,1130.5,10
"06097154202",1318.0,2180,1300.0,55
"06097154302",1630.0,1933,1715.0,31
"06097154303",1586.0,2003,1428.0,30
"06097154304",1009.5,1330,1162.5,18
"06097201500",2072.0,1,"",0
