"geo_id","res_imprv_pct_median","res_imprv_pct_stdev","res_count","com_imprv_pct_median","com_imprv_pct_stdev","com_count"
"06001352202",70.0,0.0,2,"","",0
"06001354001",70.0,0.0,1,"","",0
"06001400100",70.0,0.0,66,"","",0
"06001400200",70.0,2.6,15,"","",0
"06001400300",70.0,8.7,58,20.23,24.7,4
"06001400400",70.0,11.4,43,49.47,10.2,2
"06001400500",70.0,14.2,47,"","",0
"06001400600",70.0,0.0,21,"","",0
"06001400700",70.0,2.6,69,72.66,3.3,2
"06001400800",70.0,21.9,46,"","",0
"06001400900",70.0,0.0,34,"","",0
"06001401000",70.0,1.3,90,46.34,29.7,2
"06001401100",70.0,3.4,31,74.04,7.7,5
"06001401200",70.0,1.7,25,76.82,0.4,2
"06001401300",70.0,10.5,45,70.49,8.2,9
"06001401400",70.0,3.2,59,38.07,10.3,2
"06001401500",70.0,3.4,49,"","",0
"06001401600",70.0,13.3,27,65.25,6.3,2
"06001401700",70.0,0.0,101,"","",0
"06001401800",70.0,1.1,19,3.15,0.0,1
"06001402200",70.0,2.0,33,48.21,33.9,2
"06001402400",70.0,1.2,16,66.66,0.0,1
"06001402500",70.0,0.0,3,"","",0
"06001402600",70.0,0.0,3,"","",0
"06001402700",70.0,0.6,15,72.96,0.2,2
"06001402800",70.0,0.8,16,75.36,7.1,6
"06001402900","","",0,55.95,26.3,12
"06001403000",70.0,8.0,91,70.0,4.7,15
"06001403100",70.0,0.0,11,0.74,42.3,4
"06001403300",70.0,2.9,92,70.0,9.4,3
"06001403400",70.0,1.7,38,"","",0
"06001403501",70.0,1.3,35,22.77,12.3,3
"06001403502",70.0,1.4,36,"","",0
"06001403600",70.0,0.8,40,"","",0
"06001403701",70.0,1.8,23,"","",0
"06001403702",70.0,1.7,21,87.01,0.0,1
"06001403800",70.0,3.8,42,"","",0
"06001403900",70.0,1.2,46,70.32,13.0,3
"06001404000",70.0,4.6,34,"","",0
"06001404101",70.0,0.3,30,46.1,15.9,3
"06001404102",70.0,1.6,9,"","",0
"06001404200",70.0,6.4,60,"","",0
"06001404300",70.0,0.0,45,"","",0
"06001404400",70.0,4.3,114,"","",0
"06001404501",70.0,1.0,24,"","",0
"06001404502",70.0,2.6,112,88.23,0.0,1
"06001404600",70.0,9.8,82,"","",0
"06001404700",70.0,4.6,42,"","",0
"06001404800",70.0,3.3,36,"","",0
"06001404900",70.0,0.7,57,44.47,33.0,4
"06001405000",70.0,11.4,54,85.52,0.0,1
"06001405100",70.0,0.4,63,"","",0
"06001405200",70.0,3.1,43,82.86,14.4,2
"06001405301",70.0,0.2,11,"","",0
"06001405302",70.0,1.5,5,72.07,2.0,2
"06001405401",70.0,2.1,11,"","",0
"06001405402",70.0,2.0,8,57.23,7.2,2
"06001405500",70.0,1.5,53,83.97,14.0,2
"06001405600",70.0,1.8,27,"","",0
"06001405700",70.0,3.0,29,77.77,0.0,1
"06001405800",70.0,0.9,29,"","",0
"06001405901",70.0,1.5,21,49.2,36.7,2
"06001405902",70.0,1.2,26,"","",0
"06001406000",70.0,1.3,36,38.51,38.5,2
"06001406100",70.0,2.4,43,71.97,26.5,9
"06001406201",70.0,1.6,34,"","",0
"06001406202",70.0,0.3,13,55.67,2.2,2
"06001406300",70.0,1.2,25,54.73,12.4,3
"06001406400",70.0,1.6,21,70.37,0.0,1
"06001406500",70.0,2.1,50,58.22,0.0,1
"06001406601",70.0,1.4,52,"","",0
"06001406602",70.0,2.1,24,79.8,0.0,1
"06001406700",70.0,2.0,77,77.42,4.8,4
"06001406800",70.0,0.0,63,60.69,0.0,1
"06001406900",70.0,5.4,49,"","",0
"06001407000",70.0,8.4,69,"","",0
"06001407101",70.0,0.0,27,"","",0
"06001407102",70.0,1.3,43,"","",0
"06001407200",70.0,1.0,38,59.38,2.0,2
"06001407300",70.0,0.0,21,59.14,0.0,1
"06001407400",70.0,0.7,30,36.55,20.3,6
"06001407500",70.0,1.3,33,76.78,7.8,2
"06001407600",70.0,0.6,84,"","",0
"06001407700",70.0,6.1,102,"","",0
"06001407800",70.0,4.6,40,"","",0
"06001407900",70.0,0.9,63,56.52,0.0,1
"06001408000",70.0,9.3,44,"","",0
"06001408100",70.0,6.4,197,"","",0
"06001408200",70.0,0.1,82,"","",0
"06001408300",70.0,1.6,99,"","",0
"06001408400",70.0,5.6,56,57.14,11.3,3
"06001408500",70.0,7.7,84,77.75,4.0,2
"06001408600",70.0,0.0,78,50.76,4.8,2
"06001408700",70.0,6.6,102,72.5,12.5,2
"06001408800",70.0,10.8,44,"","",0
"06001408900",70.0,11.0,43,"","",0
"06001409000",70.0,5.2,38,26.48,23.9,6
"06001409100",70.0,4.5,33,"","",0
"06001409200",70.0,1.0,49,"","",0
"06001409300",70.0,2.2,63,"","",0
"06001409400",70.0,0.9,55,58.33,0.0,1
"06001409500",70.0,6.3,47,67.64,3.8,2
"06001409600",70.0,2.0,51,77.64,0.0,1
"06001409700",70.0,2.7,54,"","",0
"06001409800",70.0,9.6,57,55.4,0.0,1
"06001409900",70.0,0.5,58,20.93,0.0,1
"06001410000",70.0,0.5,48,"","",0
"06001410100",70.0,1.0,57,66.66,0.0,1
"06001410200",70.0,4.4,45,70.45,0.0,1
"06001410300",70.0,0.6,41,60.83,0.0,1
"06001410400",70.0,5.9,62,"","",0
"06001410500",70.0,0.0,5,"","",0
"06001420100",70.0,0.0,18,"","",0
"06001420200",70.0,9.0,66,19.87,0.0,1
"06001420300",70.0,5.4,55,"","",0
"06001420500",70.0,1.5,19,"","",0
"06001420600",70.0,1.0,22,59.63,13.3,2
"06001421100",70.0,5.1,25,"","",0
"06001421200",70.0,6.3,34,"","",0
"06001421300",70.0,4.4,39,"","",0
"06001421400",70.0,0.0,14,"","",0
"06001421500",70.0,4.2,44,"","",0
"06001421600",70.0,3.0,50,"","",0
"06001421700",70.0,10.0,25,54.26,6.1,3
"06001421800",70.0,14.3,22,"","",0
"06001421900",70.0,4.3,40,"","",0
"06001422000",70.0,7.0,17,46.64,29.4,20
"06001422100",70.0,4.7,33,35.87,0.0,1
"06001422200",70.0,3.8,34,"","",0
"06001422300",70.0,4.1,25,23.2,25.7,4
"06001422400",70.0,1.4,13,54.98,10.2,2
"06001422500",70.0,4.2,14,"","",0
"06001422700",70.0,24.5,7,"","",0
"06001422800",70.0,8.5,6,74.0,36.6,3
"06001422900","","",0,56.66,26.7,5
"06001423000",70.0,4.4,25,61.52,17.9,4
"06001423100",70.0,2.4,34,"","",0
"06001423200",70.0,6.7,20,"","",0
"06001423300",70.0,4.2,47,53.7,10.5,3
"06001423400",70.0,7.0,32,41.52,0.0,1
"06001423500",70.0,4.7,17,56.95,13.9,2
"06001423601",70.0,10.0,15,"","",0
"06001423602",70.0,1.9,19,"","",0
"06001423700",70.0,4.8,20,50.0,0.0,1
"06001423800",70.0,5.3,26,"","",0
"06001423901",70.0,16.0,20,48.01,20.0,2
"06001423902",70.0,1.2,14,"","",0
"06001424001",70.0,6.7,35,53.33,0.0,1
"06001424002",70.0,8.2,31,"","",0
"06001425101",70.0,4.3,55,39.3,39.3,2
"06001425102",70.0,0.0,141,70.66,0.0,1
"06001425103",70.0,0.0,25,75.98,0.0,1
"06001425104",80.0,9.1,98,77.06,4.8,8
"06001426100",70.0,3.8,82,"","",0
"06001426200",70.0,8.4,65,"","",0
"06001427100",70.0,4.0,42,"","",0
"06001427200",70.0,4.4,26,65.16,16.5,2
"06001427300",70.0,4.7,49,54.2,0.0,1
"06001427600",70.0,6.6,8,"","",0
"06001427700",70.0,5.4,41,68.02,0.0,1
"06001427800",70.0,3.5,36,"","",0
"06001427900",70.0,1.6,36,"","",0
"06001428000",70.0,2.1,9,55.55,0.0,1
"06001428100",70.0,12.0,43,47.32,24.5,3
"06001428200",70.0,5.5,76,"","",0
"06001428301",70.0,5.4,95,70.26,7.8,11
"06001428302",70.0,1.9,66,"","",0
"06001428400",70.0,8.0,26,"","",0
"06001428500",70.0,3.9,31,"","",0
"06001428600",70.0,2.4,46,"","",0
"06001428700",70.0,12.1,17,0.0,0.0,1
"06001430101",70.0,13.3,83,"","",0
"06001430102",70.0,11.0,30,"","",0
"06001430200",70.0,12.1,80,"","",0
"06001430300",70.0,5.7,58,"","",0
"06001430400",70.0,2.1,29,"","",0
"06001430500",70.0,1.3,86,81.73,0.0,1
"06001430600",70.0,7.8,92,"","",0
"06001430700",70.0,6.1,49,"","",0
"06001430800",70.0,7.1,89,46.36,6.1,2
"06001430900",70.0,9.2,29,68.94,31.1,3
"06001431000",70.0,8.5,12,36.25,19.6,2
"06001431100",70.0,13.2,27,"","",0
"06001431200",70.0,3.8,98,"","",0
"06001432100",70.0,4.4,67,58.01,0.0,1
"06001432200",70.0,3.0,52,46.81,31.0,4
"06001432300",70.0,1.5,91,"","",0
"06001432400",70.0,6.4,47,"","",0
"06001432501",70.0,2.1,43,"","",0
"06001432502",70.0,3.3,35,"","",0
"06001432600",70.0,2.5,72,72.05,16.1,4
"06001432700",70.0,7.4,39,"","",0
"06001432800",70.0,1.5,64,"","",0
"06001433000",70.0,2.6,77,"","",0
"06001433102",70.0,0.8,47,55.0,0.0,1
"06001433103",70.0,2.0,27,53.33,21.4,5
"06001433104",70.0,0.0,24,76.58,3.5,2
"06001433200",70.0,0.5,53,18.18,0.0,1
"06001433300",70.0,3.0,77,"","",0
"06001433400",70.0,0.1,83,"","",0
"06001433500",70.0,0.0,49,"","",0
"06001433600",70.0,1.6,63,"","",0
"06001433700",70.0,1.9,42,75.0,0.0,1
"06001433800",70.0,0.0,81,50.56,9.8,4
"06001433900",70.0,1.6,41,"","",0
"06001434000",70.0,8.6,46,"","",0
"06001435102",70.0,8.6,77,"","",0
"06001435103",70.0,10.3,104,"","",0
"06001435104",70.0,0.7,77,2.7,0.0,1
"06001435200",70.0,0.4,69,"","",0
"06001435300",70.0,12.6,67,22.11,12.1,3
"06001435400",70.0,0.0,58,51.05,17.5,6
"06001435500",70.0,4.2,37,30.77,10.9,4
"06001435601",70.0,12.4,31,87.77,0.0,1
"06001435602",70.0,3.1,42,"","",0
"06001435700",70.0,0.0,51,"","",0
"06001435800",70.0,0.0,66,81.17,1.8,2
"06001435900",70.0,0.0,69,"","",0
"06001436000",70.0,0.0,60,70.0,0.0,1
"06001436100",70.0,0.6,55,"","",0
"06001436200",70.0,2.5,8,"","",0
"06001436300",70.0,4.0,124,29.13,9.6,2
"06001436401",70.0,9.9,118,14.5,11.4,5
"06001436402",70.0,14.1,46,"","",0
"06001436500",70.0,0.0,35,10.78,22.6,4
"06001436601",70.0,0.1,51,56.89,0.0,1
"06001436602",70.0,1.1,23,"","",0
"06001436700",70.0,0.1,75,"","",0
"06001436800",70.0,0.0,40,"","",0
"06001436900",70.0,7.4,49,48.26,0.0,1
"06001437000",70.0,0.0,60,"","",0
"06001437101",70.0,0.1,115,"","",0
"06001437102",70.0,0.0,51,"","",0
"06001437200",70.0,8.2,73,51.21,0.0,1
"06001437300",70.0,0.2,23,"","",0
"06001437400",70.0,5.7,50,"","",0
"06001437500",70.0,1.8,34,"","",0
"06001437600",70.0,1.1,42,70.0,0.0,1
"06001437701",70.0,7.7,29,"","",0
"06001437702",70.0,0.2,31,76.0,0.0,1
"06001437800",70.0,2.6,64,"","",0
"06001437900",70.0,0.0,14,59.4,16.0,3
"06001438000",70.0,6.5,43,"","",0
"06001438100",70.0,0.7,86,66.4,0.0,1
"06001438201",70.0,0.0,33,"","",0
"06001438203",70.0,0.0,45,80.4,4.1,2
"06001438204",70.0,0.0,44,"","",0
"06001438300",70.0,2.2,45,"","",0
"06001438400",70.0,0.0,20,"","",0
"06001440100",70.0,0.1,31,"","",0
"06001440200",70.0,0.0,40,"","",0
"06001440301",70.0,2.4,67,"","",0
"06001440304",70.0,0.0,43,46.86,24.8,2
"06001440305",70.0,0.9,38,"","",0
"06001440306",70.0,0.0,58,"","",0
"06001440307",70.0,4.1,52,"","",0
"06001440308",70.0,2.4,55,"","",0
"06001440331",70.0,0.0,21,72.22,0.0,1
"06001440332",70.0,0.0,33,"","",0
"06001440333",70.0,0.0,29,"","",0
"06001440334",70.0,0.3,42,"","",0
"06001440335",70.0,0.0,87,"","",0
"06001440336",70.0,0.0,50,"","",0
"06001441100",70.0,9.7,39,"","",0
"06001441200",70.0,5.3,78,"","",0
"06001441301",70.0,0.6,27,"","",0
"06001441302",70.0,1.6,57,"","",0
"06001441401",70.0,7.7,80,"","",0
"06001441402",70.0,9.8,58,"","",0
"06001441501",70.0,0.0,45,"","",0
"06001441503",70.0,1.3,99,69.86,14.7,17
"06001441521",70.0,10.4,47,70.0,0.0,2
"06001441522",70.0,1.4,72,"","",0
"06001441523",70.0,9.3,56,"","",0
"06001441524",70.0,17.9,43,36.76,0.0,1
"06001441601",70.0,3.6,60,"","",0
"06001441602",70.0,3.5,65,"","",0
"06001441700",70.0,5.1,151,37.5,0.0,1
"06001441800",70.0,3.3,63,69.97,6.4,6
"06001441921",64.53,9.6,35,"","",0
"06001441923",70.0,1.2,14,43.33,0.0,1
"06001441924",70.0,0.5,107,"","",0
"06001441925",70.0,3.7,49,"","",0
"06001441926",70.0,0.8,34,"","",0
"06001441927",70.0,2.0,48,"","",0
"06001442000",63.57,4.5,30,"","",0
"06001442100",55.0,7.8,69,"","",0
"06001442200",52.66,17.0,87,"","",0
"06001442301",70.0,12.9,56,53.84,0.0,1
"06001442302",70.0,2.1,63,48.73,0.0,1
"06001442400",70.0,6.5,75,"","",0
"06001442500",70.0,2.9,53,"","",0
"06001442601",70.0,2.4,37,"","",0
"06001442602",70.0,2.0,76,"","",0
"06001442700",70.0,1.2,33,"","",0
"06001442800",70.0,5.6,42,17.64,8.4,3
"06001442900",70.0,3.4,86,"","",0
"06001443001",70.0,5.0,46,"","",0
"06001443002",70.0,2.2,51,"","",0
"06001443102",70.0,7.7,85,"","",0
"06001443103",70.0,6.8,39,24.57,0.0,1
"06001443104",57.76,12.5,67,"","",0
"06001443105",65.77,7.7,81,"","",0
"06001443200",70.0,5.9,41,"","",0
"06001443301",70.0,12.7,38,"","",0
"06001443321",70.0,0.8,55,"","",0
"06001443322",70.0,1.4,27,"","",0
"06001444100",70.0,1.2,85,"","",0
"06001444200",70.0,4.4,83,67.64,14.0,7
"06001444301",70.0,0.7,27,32.71,32.7,2
"06001444302",70.0,5.4,35,56.6,0.0,1
"06001444400",70.0,10.6,56,22.85,0.0,1
"06001444500",70.0,3.9,59,0.0,0.0,1
"06001444601",70.0,2.5,64,73.83,0.0,1
"06001444602",70.0,1.4,107,27.4,16.9,4
"06001450101",70.0,0.0,53,"","",0
"06001450102",70.0,0.0,37,69.41,5.2,3
"06001450200",70.0,10.1,47,"","",0
"06001450300",70.0,0.7,63,68.0,7.5,3
"06001450400",70.0,4.1,98,45.65,18.1,4
"06001450501",70.0,1.3,57,69.88,0.0,1
"06001450502",70.0,3.1,108,"","",0
"06001450601",70.0,12.7,57,71.07,2.3,2
"06001450602",70.0,3.5,129,69.87,0.0,1
"06001450603",70.0,0.0,68,77.22,6.9,2
"06001450604",70.0,3.3,59,"","",0
"06001450605",70.0,0.1,43,36.5,36.5,2
"06001450606",70.0,2.9,67,"","",0
"06001450607",70.0,9.9,36,70.0,9.5,9
"06001450701",70.0,6.9,140,71.16,1.2,2
"06001450741",70.0,0.6,57,"","",0
"06001450742",70.0,0.1,71,"","",0
"06001450743",70.0,1.5,58,72.47,4.5,21
"06001450744",70.0,0.0,59,20.44,0.0,1
"06001450745",70.0,0.8,74,"","",0
"06001450746",70.0,0.4,56,72.5,5.1,9
"06001450750",70.0,2.9,105,"","",0
"06001450751",70.0,3.8,522,"","",0
"06001450752",70.0,27.0,209,78.0,3.0,2
"06001451101",70.0,12.4,134,62.05,0.0,1
"06001451102",70.0,9.6,56,"","",0
"06001451201",70.0,5.0,104,53.33,0.0,1
"06001451202",70.0,3.0,139,"","",0
"06001451300",70.0,2.5,89,23.59,8.8,3
"06001451401",70.0,7.2,94,48.77,0.0,1
"06001451403",70.0,6.0,38,"","",0
"06001451404",70.0,9.4,79,28.57,0.0,1
"06001451501",70.0,4.4,84,39.09,0.0,1
"06001451503",70.0,3.7,88,45.59,32.7,4
"06001451504",70.0,3.2,38,78.86,0.0,1
"06001451505",70.0,2.1,61,"","",0
"06001451506",70.0,4.0,21,"","",0
"06001451601",70.0,6.2,87,45.45,0.0,1
"06001451602",70.0,8.5,97,40.55,10.3,5
"06001451701",70.0,4.9,51,"","",0
"06001451703",70.0,3.0,56,"","",0
"06001451704",70.0,3.7,64,"","",0
"06001983200",70.0,2.4,50,70.83,5.0,3
"06013301000",85.59,20.8,168,0.0,12.8,17
"06013302005",79.16,4.9,100,"","",0
"06013302006",81.67,2.9,77,"","",0
"06013302007",82.09,16.8,103,36.14,19.5,2
"06013302008",86.0,12.8,148,"","",0
"06013302009",85.88,5.5,238,44.93,0.0,1
"06013302010",86.42,6.6,250,"","",0
"06013303102",87.69,9.2,200,48.49,0.0,1
"06013303103",88.83,13.9,210,61.75,15.7,10
"06013303201",85.13,5.6,237,"","",0
"06013303202",86.53,5.9,168,32.04,0.0,1
"06013303203",87.36,8.4,203,78.57,0.0,1
"06013303204",77.08,7.1,79,"","",0
"06013303205",80.0,9.0,201,"","",0
"06013304001",87.41,18.3,130,"","",0
"06013304002",62.78,21.5,16,61.24,0.0,1
"06013304003",70.17,12.3,115,"","",0
"06013304004",60.0,13.0,114,"","",0
"06013304005",90.37,11.2,152,"","",0
"06013305000",58.08,15.3,82,67.5,23.0,9
"06013306002",74.28,6.7,51,"","",0
"06013306003",60.62,14.3,78,64.0,23.7,7
"06013306004",70.0,10.2,47,53.16,0.0,1
"06013307101",75.74,7.6,59,69.53,0.0,1
"06013307102",58.67,15.6,99,67.39,0.0,1
"06013307201",71.68,5.6,38,70.13,0.0,1
"06013307202",70.58,11.4,95,"","",0
"06013307204",72.72,5.1,88,"","",0
"06013307205",75.29,7.3,100,69.73,4.7,2
"06013308001",76.39,10.5,133,62.26,0.0,1
"06013308002",83.67,6.2,126,"","",0
"06013309000",86.66,10.1,49,54.44,0.4,2
"06013310000",70.73,14.2,91,77.68,0.0,1
"06013311000",65.21,14.9,81,"","",0
"06013312000",74.11,11.6,33,85.11,0.0,1
"06013313101",72.47,11.9,78,57.14,10.3,3
"06013313102",81.56,11.9,64,66.34,0.0,1
"06013313103",79.66,9.7,161,"","",0
"06013313203",65.71,8.2,57,"","",0
"06013313204",64.35,13.2,65,"","",0
"06013313205",62.02,7.1,32,"","",0
"06013313206",55.55,11.1,73,62.98,0.0,1
"06013314102",70.58,11.2,67,"","",0
"06013314103",68.75,11.4,63,65.33,0.0,1
"06013314104",65.47,17.3,96,70.4,1.0,2
"06013314200",51.96,14.6,62,"","",0
"06013315000",75.6,9.1,72,"","",0
"06013316000",81.81,22.3,9,47.08,0.0,1
"06013317000",46.81,21.6,25,"","",0
"06013318000",31.97,17.7,50,"","",0
"06013319000",32.87,18.4,114,32.63,23.5,2
"06013320001",38.46,14.1,60,"","",0
"06013320003",52.78,8.1,56,"","",0
"06013320004",53.17,13.9,144,"","",0
"06013321101",38.23,17.0,119,"","",0
"06013321102",47.67,16.3,129,"","",0
"06013321103",30.43,14.7,57,"","",0
"06013321200",50.35,15.6,67,64.11,21.6,3
"06013322000",33.33,17.3,117,67.61,0.0,1
"06013323000",28.86,18.7,72,"","",0
"06013324001",46.91,23.2,42,86.5,18.6,3
"06013324002",38.59,22.3,51,"","",0
"06013325000",28.57,15.8,79,62.67,0.0,1
"06013326000",28.09,13.8,52,"","",0
"06013327000",49.4,27.6,102,58.67,21.3,2
"06013328000",71.66,21.7,7,64.6,28.6,7
"06013329000",37.03,13.8,99,20.7,19.6,2
"06013330000",38.32,12.6,108,"","",0
"06013331000",42.85,18.8,96,"","",0
"06013332000",38.38,13.9,119,"","",0
"06013333101",46.91,17.7,70,60.0,0.0,1
"06013333102",54.21,16.5,77,"","",0
"06013333200",42.16,13.1,81,"","",0
"06013334001",31.95,18.6,60,"","",0
"06013334004",63.41,17.4,147,"","",0
"06013334006",43.89,16.3,55,"","",0
"06013334200",28.8,16.9,120,"","",0
"06013335000",28.86,14.1,48,74.92,0.0,1
"06013336101",75.6,18.6,25,59.76,7.7,2
"06013336102",74.73,15.1,72,"","",0
"06013336201",45.65,15.9,45,"","",0
"06013336202",58.0,12.6,40,64.72,0.0,1
"06013337100",54.69,15.4,50,"","",0
"06013337200",45.67,15.8,107,35.79,0.0,1
"06013337300",44.88,16.1,64,"","",0
"06013338101",57.14,17.8,77,44.27,0.0,1
"06013338102",37.5,14.7,63,63.47,0.0,1
"06013338201",49.86,19.1,74,46.73,0.0,1
"06013338203",46.63,14.0,96,"","",0
"06013338204",38.46,12.5,129,"","",0
"06013338301",20.83,9.3,35,66.84,0.0,1
"06013338302",26.66,11.9,89,"","",0
"06013339001",51.5,13.4,27,29.36,28.0,4
"06013339002",41.34,11.8,91,43.66,23.2,5
"06013340001",35.66,19.7,89,73.4,0.0,1
"06013340002",30.0,15.3,115,"","",0
"06013341000",30.73,17.3,74,17.47,0.0,1
"06013343001",29.09,14.1,66,"","",0
"06013343002",31.48,14.4,64,"","",0
"06013343003",28.16,15.4,47,"","",0
"06013345101",27.27,11.5,105,"","",0
"06013345102",24.52,7.5,43,"","",0
"06013345103",34.95,10.5,69,"","",0
"06013345105",26.02,10.0,115,59.73,0.6,2
"06013345108",42.85,9.1,234,76.59,13.8,14
"06013345111",43.95,8.6,86,"","",0
"06013345112",46.63,8.0,90,"","",0
"06013345113",39.47,9.9,65,"","",0
"06013345114",30.82,12.3,139,"","",0
"06013345115",44.8,12.6,85,"","",0
"06013345116",37.1,12.0,37,"","",0
"06013345202",41.48,15.0,142,61.53,14.2,3
"06013345203",31.62,15.3,118,43.01,29.7,2
"06013345204",36.0,18.5,67,"","",0
"06013346101",34.0,17.0,42,"","",0
"06013346102",41.92,13.2,102,"","",0
"06013346201",38.49,16.4,124,"","",0
"06013346203",25.87,9.2,50,"","",0
"06013346204",36.4,11.4,133,"","",0
"06013347000",34.45,13.0,94,"","",0
"06013348000",25.15,16.2,68,"","",0
"06013349000",20.19,13.7,59,51.69,5.5,2
"06013350000",26.2,13.8,54,69.88,4.7,2
"06013351101",57.02,10.5,133,"","",0
"06013351102",52.94,11.6,101,"","",0
"06013351103",56.09,14.4,92,"","",0
"06013351200",16.68,11.9,65,"","",0
"06013352101",28.94,14.9,38,63.66,0.0,1
"06013352102",28.69,13.0,71,"","",0
"06013352201",28.23,11.0,78,"","",0
"06013352202",34.27,14.4,59,69.23,6.9,3
"06013353001",25.92,12.6,57,"","",0
"06013353002",26.79,16.0,50,"","",0
"06013354001",17.59,19.2,28,"","",0
"06013354002",28.25,16.1,99,"","",0
"06013355107",81.09,6.4,105,"","",0
"06013355108",83.78,5.1,266,"","",0
"06013355109",82.41,2.9,118,54.71,0.0,1
"06013355110",80.0,3.1,99,67.5,0.0,1
"06013355111",83.33,4.8,130,"","",0
"06013355112",39.4,14.1,78,"","",0
"06013355113",44.06,8.1,92,"","",0
"06013355114",43.39,9.4,196,"","",0
"06013355115",46.45,6.8,148,2.43,0.0,1
"06013355116",49.75,7.2,141,"","",0
"06013355117",50.98,7.3,106,"","",0
"06013355200",83.97,7.1,281,"","",0
"06013355301",51.02,15.8,143,"","",0
"06013355302",33.3,12.4,35,"","",0
"06013355304",47.72,11.0,147,"","",0
"06013355306",46.42,15.9,99,"","",0
"06013356001",46.48,7.0,43,"","",0
"06013356002",60.12,16.5,97,"","",0
"06013357000",32.02,19.4,40,66.66,8.4,5
"06013358000",36.23,17.4,62,69.8,8.7,2
"06013359102",43.55,18.1,71,64.28,0.0,1
"06013359103",41.66,22.0,73,"","",0
"06013359104",75.34,11.7,69,0.86,0.0,1
"06013359105",64.17,11.2,125,"","",0
"06013359202",37.81,14.2,80,"","",0
"06013359203",56.32,15.7,121,"","",0
"06013359204",49.02,10.3,44,"","",0
"06013360101",46.84,16.5,84,"","",0
"06013360102",54.42,11.7,52,"","",0
"06013360200",45.32,16.2,59,67.21,0.0,1
"06013361000",49.57,20.4,53,33.33,0.0,1
"06013362000",37.81,15.9,49,"","",0
"06013363000",48.71,18.9,116,50.74,25.4,9
"06013364002",31.81,10.8,57,"","",0
"06013365002",85.18,11.0,80,"","",0
"06013365003",72.59,9.4,62,48.57,18.6,2
"06013366001",48.62,16.1,58,"","",0
"06013366002",51.22,19.6,80,"","",0
"06013367100",29.59,10.5,62,"","",0
"06013367200",44.23,28.4,80,38.46,0.0,1
"06013368001",59.06,14.1,59,"","",0
"06013368002",56.8,16.4,45,49.75,0.3,2
"06013369001",73.75,14.7,49,59.33,7.8,2
"06013369002",52.86,21.6,38,65.0,0.0,1
"06013370000",36.86,15.0,38,"","",0
"06013371000",33.32,16.7,80,58.75,20.3,10
"06013372000",35.16,17.0,120,64.93,11.7,3
"06013373000",41.35,18.7,33,"","",0
"06013374000",43.9,15.2,72,71.79,0.0,1
"06013375000",58.95,15.0,50,"","",0
"06013376000",76.76,10.7,59,"","",0
"06013377000",75.66,13.2,62,58.38,6.8,4
"06013378000",62.88,17.4,74,60.84,30.3,3
"06013379000",65.21,10.9,75,"","",0
"06013380000",67.39,15.8,175,60.0,21.8,3
"06013381000",55.59,14.7,64,"","",0
"06013382000",55.95,16.4,76,"","",0
"06013383000",40.0,15.3,56,6.58,0.0,1
"06013384000",24.63,15.0,67,"","",0
"06013385100",27.41,16.4,35,"","",0
"06013385200",17.47,11.6,16,"","",0
"06013386000",47.66,19.0,28,64.7,26.6,5
"06013387000",21.16,11.7,36,"","",0
"06013388000",14.38,15.5,30,65.62,0.0,1
"06013389100",17.58,8.3,15,"","",0
"06013389200",35.75,15.5,8,"","",0
"06013390100",15.09,11.3,25,"","",0
"06013390200",13.55,12.5,26,"","",0
"06013391000",25.96,16.2,32,79.59,0.0,1
"06013392000",29.96,15.4,35,"","",0
"06013392200",62.26,16.9,163,"","",0
"06013392300",71.91,6.0,45,"","",0
"06013421200",14.95,0.7,2,"","",0
"06041101100",60.17,10.6,38,"","",0
"06041101200",53.05,11.7,40,48.14,0.0,1
"06041102100",46.52,7.6,24,"","",0
"06041102202",43.33,10.8,78,"","",0
"06041102203",66.91,14.8,168,64.73,18.4,10
"06041103100",42.85,6.6,85,"","",0
"06041103200",42.19,11.9,87,"","",0
"06041104101",51.55,11.4,113,"","",0
"06041104102",52.23,7.6,84,66.66,0.0,1
"06041104200",60.47,8.7,78,74.83,0.0,1
"06041104300",44.07,6.9,29,"","",0
"06041105000",57.19,7.3,89,"","",0
"06041106001",50.0,8.4,62,"","",0
"06041106002",36.84,14.1,91,"","",0
"06041107000",40.94,6.4,95,"","",0
"06041108100",41.52,8.4,87,"","",0
"06041108200",49.8,13.2,76,"","",0
"06041109001",44.49,8.9,49,27.97,11.3,2
"06041109002",36.61,8.9,41,41.98,1.0,2
"06041110100",38.93,8.1,59,63.42,4.1,2
"06041110200",42.21,7.9,71,"","",0
"06041111000",42.27,6.7,43,53.26,13.4,6
"06041112100",40.61,8.9,57,51.45,1.7,2
"06041112201",56.52,8.7,27,"","",0
"06041112202",56.72,7.0,40,65.04,14.4,7
"06041113000",37.59,15.0,50,"","",0
"06041114100",30.95,10.2,49,50.0,0.0,1
"06041114200",39.74,8.6,31,49.75,0.0,1
"06041115000",39.6,8.3,99,0.0,0.0,2
"06041116000",39.02,10.7,53,4.72,0.0,1
"06041117000",38.87,11.7,69,51.53,7.1,5
"06041118100",35.78,9.8,47,"","",0
"06041119100",36.81,10.6,68,"","",0
"06041119201",59.8,5.5,45,41.09,26.3,2
"06041119202",39.45,7.4,55,"","",0
"06041120000",35.84,13.2,105,34.25,0.0,1
"06041121100",32.99,12.7,59,26.71,0.8,2
"06041121200",39.17,12.9,61,19.53,0.0,1
"06041123000",32.05,12.7,43,"","",0
"06041124100",40.38,12.3,84,"","",0
"06041124200",40.42,12.2,105,28.03,10.1,11
"06041125000",40.04,10.1,41,"","",0
"06041126100",41.33,9.1,93,0.0,0.0,1
"06041126200",57.14,14.6,55,26.58,0.0,1
"06041127000",41.86,12.1,73,31.5,27.7,2
"06041128100",41.34,9.6,109,68.14,0.0,1
"06041128200",38.21,9.7,76,9.7,0.0,1
"06041129000",55.03,11.2,17,"","",0
"06041130201",40.33,10.7,56,17.48,9.8,2
"06041130202",54.71,11.7,59,40.86,13.9,2
"06041131100",32.04,13.8,11,"","",0
"06041132100",36.36,12.1,47,43.75,6.3,2
"06041132200",40.86,12.5,25,41.42,19.1,6
"06041133000",46.66,15.4,45,44.44,0.0,1
"06055200201",56.9,14.9,39,69.84,3.2,2
"06055200202",64.93,15.5,33,76.39,12.6,5
"06055200203",57.14,9.7,29,"","",0
"06055200301",60.87,9.7,67,"","",0
"06055200302",65.63,12.3,43,"","",0
"06055200400",53.77,13.1,54,21.84,9.5,4
"06055200501",56.52,11.0,39,"","",0
"06055200503",52.45,12.7,23,46.34,0.0,1
"06055200504",67.21,8.8,93,54.27,5.3,2
"06055200505",64.66,4.4,17,"","",0
"06055200601",67.54,7.4,64,77.61,0.0,1
"06055200602",68.79,7.1,74,"","",0
"06055200703",66.52,8.7,54,"","",0
"06055200704",62.48,7.0,64,70.61,0.0,1
"06055200705",62.5,7.8,25,"","",0
"06055200706",63.76,6.8,47,"","",0
"06055200707",65.78,7.3,41,"","",0
"06055200802",64.15,9.5,69,32.98,0.0,1
"06055200803",56.52,9.5,37,"","",0
"06055200804",61.72,12.4,62,"","",0
"06055200900","","",0,47.05,0.0,1
"06055201003",76.31,9.3,101,62.16,0.0,1
"06055201004",72.72,6.4,75,"","",0
"06055201005",72.57,6.4,48,"","",0
"06055201006",65.9,7.7,53,"","",0
"06055201007",67.8,6.4,50,"","",0
"06055201101",65.19,5.8,36,"","",0
"06055201102",38.59,18.7,15,96.04,0.0,1
"06055201200",64.0,23.4,46,"","",0
"06055201300",53.34,12.8,34,69.72,0.0,1
"06055201401",52.63,15.0,91,20.56,0.0,1
"06055201402",53.45,15.9,36,57.14,0.0,1
"06055201403",48.48,13.4,5,"","",0
"06055201500",34.7,18.3,21,44.73,0.0,1
"06055201601",49.68,14.5,19,36.16,19.5,4
"06055201602",42.65,15.2,49,21.36,18.2,2
"06055201700",49.1,13.5,49,"","",0
"06055201800",82.28,20.4,48,67.21,18.1,2
"06055201900",30.0,18.7,17,"","",0
"06055202000",57.69,12.9,41,55.94,13.6,9
"06075010100",50.0,5.9,31,39.1,10.9,5
"06075010200",50.0,10.0,56,30.0,0.0,1
"06075010300",50.0,8.6,38,"","",0
"06075010400",50.0,9.0,57,30.0,20.0,2
"06075010500",50.0,4.4,42,62.41,15.7,4
"06075010600",50.0,8.5,11,51.2,17.0,6
"06075010700",40.0,8.9,10,43.74,18.3,3
"06075010800",40.0,9.9,22,63.63,0.0,1
"06075010900",50.0,9.1,40,39.99,0.0,1
"06075011000",50.0,6.9,52,40.0,18.4,3
"06075011100",77.91,18.0,86,78.7,21.5,11
"06075011200",50.0,11.2,36,53.95,15.2,2
"06075011300",50.0,5.9,25,58.42,1.5,2
"06075011700",50.0,4.7,28,42.02,18.9,15
"06075011800",50.0,0.0,1,45.45,0.0,1
"06075011901",50.0,6.8,45,"","",0
"06075011902",50.0,6.3,25,"","",0
"06075012000",50.0,9.7,12,46.38,11.0,4
"06075012100",50.0,9.4,9,33.11,10.2,8
"06075012201",50.0,8.1,21,43.58,15.5,2
"06075012202",40.0,4.0,5,53.09,14.0,2
"06075012301",40.0,0.0,2,55.55,0.0,1
"06075012302",50.0,5.6,5,47.0,26.5,4
"06075012401",40.0,6.2,7,"","",0
"06075012402",50.0,4.8,28,46.7,24.6,8
"06075012501",40.0,7.0,6,36.39,23.5,10
"06075012502",76.29,23.4,2,"","",0
"06075012601",40.0,13.6,28,"","",0
"06075012602",50.0,10.4,27,54.54,0.0,1
"06075012700",40.0,8.4,29,"","",0
"06075012800",35.4,10.5,53,45.36,19.9,5
"06075012901",46.42,12.5,16,71.42,0.0,1
"06075012902",45.77,8.6,31,56.22,0.0,1
"06075013000",50.0,11.3,49,39.99,7.8,3
"06075013101",50.0,6.7,71,"","",0
"06075013102",50.0,10.2,30,79.24,0.0,1
"06075013200",31.3,10.7,64,"","",0
"06075013300",40.0,9.1,59,34.67,4.0,3
"06075013400",50.0,8.2,59,51.33,15.3,2
"06075013500",40.0,9.4,33,"","",0
"06075015100",50.0,4.3,40,39.89,10.3,3
"06075015200",44.1,10.4,47,34.15,0.0,1
"06075015300",50.0,11.0,44,50.0,11.3,5
"06075015400",50.0,11.7,86,"","",0
"06075015500",50.0,12.7,38,67.33,17.3,2
"06075015600",44.47,11.3,22,20.0,0.0,1
"06075015700",48.91,10.2,70,50.0,0.0,1
"06075015801",50.0,12.6,32,"","",0
"06075015802",43.75,8.5,28,24.99,0.0,1
"06075015900",50.0,6.7,20,"","",0
"06075016000",50.0,5.2,52,54.99,20.1,3
"06075016100",0.0,21.6,32,"","",0
"06075016200",49.93,7.1,15,39.99,26.0,7
"06075016300",40.0,13.3,26,"","",0
"06075016400",45.0,8.8,22,61.53,0.0,1
"06075016500",50.0,11.5,51,39.99,10.0,2
"06075016600",50.0,10.9,43,56.64,6.6,2
"06075016700",50.0,10.2,55,37.26,6.4,2
"06075016801",49.94,8.2,15,78.5,0.0,1
"06075016802",50.0,7.0,25,29.99,24.9,5
"06075016900",41.85,12.7,27,31.39,14.7,2
"06075017000",50.0,12.0,69,"","",0
"06075017101",39.99,10.6,42,"","",0
"06075017102",30.0,9.4,34,14.71,0.0,1
"06075017601",50.0,12.0,81,39.68,25.3,23
"06075017700",50.0,6.8,22,66.82,25.2,4
"06075017801",50.0,5.0,55,43.16,6.8,2
"06075017802",40.0,7.7,77,45.0,26.7,5
"06075018000",91.39,24.4,180,40.0,24.3,9
"06075020100",40.29,17.7,57,50.0,3.9,22
"06075020200",49.81,10.4,30,39.99,23.1,3
"06075020300",50.0,9.4,33,50.0,0.0,1
"06075020401",37.3,10.6,59,24.85,24.9,2
"06075020402",40.0,13.0,54,"","",0
"06075020500",40.0,12.4,46,48.22,19.2,2
"06075020600",30.0,8.2,59,52.52,22.5,2
"06075020700",50.0,13.2,46,"","",0
"06075020800",46.62,10.6,34,40.0,9.1,6
"06075020900",40.0,11.7,15,39.99,7.1,3
"06075021000",41.23,8.6,32,56.52,0.0,1
"06075021100",37.28,10.5,56,38.63,11.4,2
"06075021200",35.0,9.9,38,43.42,0.0,1
"06075021300",30.0,7.6,51,"","",0
"06075021400",39.65,12.1,41,28.76,0.0,1
"06075021500",37.68,11.4,76,35.37,8.8,5
"06075021600",36.5,11.5,97,3.12,0.0,1
"06075021700",30.0,11.8,60,"","",0
"06075021800",30.0,11.9,42,48.27,0.0,1
"06075022600",50.0,9.6,104,17.27,38.6,4
"06075022702",91.29,25.6,56,32.48,26.0,4
"06075022704",50.0,9.6,55,39.99,0.0,1
"06075022801",50.0,9.0,49,44.3,2.9,5
"06075022802",33.57,9.9,8,"","",0
"06075022803",40.0,14.4,19,38.74,22.9,4
"06075022901",36.95,7.8,18,35.29,12.0,5
"06075022902",39.99,10.2,15,"","",0
"06075022903",32.99,12.8,16,49.04,0.0,1
"06075023001",30.0,13.2,26,"","",0
"06075023003",30.0,9.4,35,50.48,0.0,1
"06075023102",41.85,13.1,23,"","",0
"06075023103",61.36,11.4,2,"","",0
"06075023200",30.0,10.8,49,30.12,0.1,2
"06075023300",50.0,18.7,89,28.31,28.3,2
"06075023400",39.99,13.4,29,55.84,0.0,1
"06075025100",30.0,11.0,41,"","",0
"06075025200",30.0,9.5,52,71.56,6.1,2
"06075025300",39.0,10.1,42,39.99,18.4,7
"06075025401",30.0,12.0,30,36.36,0.0,1
"06075025402",30.0,6.7,47,51.28,0.0,1
"06075025403",40.0,12.2,44,"","",0
"06075025500",35.71,12.3,57,32.6,17.4,2
"06075025600",31.11,7.6,32,"","",0
"06075025701",30.0,10.4,22,"","",0
"06075025702",35.0,10.4,22,53.7,10.6,2
"06075025800",30.0,8.9,12,33.95,0.0,1
"06075025900",30.0,8.8,47,"","",0
"06075026001",30.0,11.3,27,42.39,18.3,6
"06075026002",30.0,11.0,22,"","",0
"06075026003",30.0,9.2,30,"","",0
"06075026004",30.0,8.5,33,"","",0
"06075026100",38.09,12.7,47,24.42,13.7,3
"06075026200",38.31,12.7,50,40.0,1.2,3
"06075026301",30.0,6.9,23,15.38,24.1,5
"06075026302",30.0,9.5,39,55.82,0.0,1
"06075026303",30.0,7.3,27,50.0,0.0,1
"06075026401",30.0,5.9,23,"","",0
"06075026402",30.0,9.4,32,"","",0
"06075026403",30.0,5.4,13,12.37,1.0,3
"06075026404",39.99,11.2,22,"","",0
"06075030101",40.0,8.8,29,"","",0
"06075030102",30.0,10.8,40,"","",0
"06075030201",40.0,12.5,22,74.73,4.1,2
"06075030202",36.54,9.6,27,40.16,7.0,4
"06075030301",32.69,14.9,58,"","",0
"06075030302",30.0,10.1,33,"","",0
"06075030400",30.0,9.0,50,"","",0
"06075030500",30.0,11.4,34,"","",0
"06075030600",30.0,11.6,24,60.0,0.0,1
"06075030700",30.0,10.0,77,"","",0
"06075030800",30.0,7.6,69,50.77,17.4,2
"06075030900",30.0,7.6,81,"","",0
"06075031000",30.0,7.4,34,"","",0
"06075031100",30.0,9.5,58,5.88,0.0,1
"06075031201",33.35,15.7,28,35.47,0.0,1
"06075031202",32.72,13.5,16,"","",0
"06075031301",33.5,12.6,34,"","",0
"06075031302",40.0,11.7,69,19.99,0.0,1
"06075031400",39.99,11.6,63,"","",0
"06075032601",40.0,18.0,18,35.85,0.0,1
"06075032602",30.0,8.5,19,"","",0
"06075032700",30.0,11.1,53,61.92,0.0,1
"06075032801",30.0,11.8,28,59.73,0.0,1
"06075032802",31.86,8.9,26,31.61,17.9,3
"06075032901",30.0,8.7,20,53.05,9.4,4
"06075032902",32.34,11.0,21,"","",0
"06075033000",30.0,7.5,47,5.5,21.5,3
"06075033100",33.43,13.4,41,39.99,0.0,1
"06075035100",30.0,9.3,35,"","",0
"06075035201",30.0,10.7,43,50.0,0.0,1
"06075035202",34.78,9.4,23,29.99,0.0,1
"06075035300",30.0,8.4,39,"","",0
"06075035400",30.0,8.8,35,45.45,0.0,1
"06075040100",50.0,13.6,29,44.52,7.3,2
"06075040200",50.0,13.8,41,39.07,8.0,4
"06075042601",44.44,12.4,19,30.84,0.0,1
"06075042602",39.99,10.6,20,48.71,0.0,1
"06075042700",48.16,12.8,30,54.46,0.1,2
"06075042800",30.0,9.3,37,"","",0
"06075045100",30.0,10.9,25,55.19,5.2,2
"06075045200",39.99,9.3,41,26.66,0.0,1
"06075047600",30.0,11.4,29,55.13,11.9,2
"06075047701",30.0,12.7,25,39.55,0.0,1
"06075047702",39.99,10.6,27,"","",0
"06075047801",30.0,5.3,20,"","",0
"06075047802",30.0,10.4,29,"","",0
"06075047901",30.0,10.3,67,"","",0
"06075047902",36.8,16.4,18,"","",0
"06075060100",30.0,0.0,2,"","",0
"06075060400",47.97,5.6,6,"","",0
"06075060502",30.0,3.1,9,"","",0
"06075060700",50.0,5.9,432,45.0,24.1,7
"06075061000",40.0,10.6,36,77.23,17.7,3
"06075061100",50.0,2.9,11,47.36,7.6,7
"06075061200",35.0,15.8,26,47.72,18.2,6
"06075061400",40.0,10.8,71,52.63,7.9,3
"06075061500",50.0,9.2,487,50.0,21.8,25
"06075600402",37.49,0.0,1,"","",0
"06075600700",56.67,16.7,2,"","",0
"06075980501",39.99,0.0,2,"","",0
"06075980600",40.0,7.9,5,"","",0
"06075980900",45.0,5.0,2,50.0,18.1,4
"06081600100",50.0,13.4,82,56.0,0.0,1
"06081600200",50.0,7.5,25,"","",0
"06081600300",50.0,8.7,33,"","",0
"06081600401",70.0,9.9,40,"","",0
"06081600402",50.0,6.4,44,"","",0
"06081600500",50.0,9.0,61,"","",0
"06081600600",50.0,6.8,29,36.19,22.6,4
"06081600700",50.0,3.4,48,57.55,5.9,3
"06081600800",50.0,0.0,7,"","",0
"06081600900",50.0,0.0,43,"","",0
"06081601000",50.0,1.2,79,"","",0
"06081601100",50.0,4.4,47,"","",0
"06081601200",50.0,5.5,51,50.0,0.0,1
"06081601300",50.0,15.9,34,1.71,19.2,6
"06081601400",50.0,9.2,58,"","",0
"06081601501",50.0,0.9,34,"","",0
"06081601502",50.0,0.8,6,"","",0
"06081601601",50.0,0.0,8,37.8,0.0,1
"06081601603",50.0,5.3,40,"","",0
"06081601604",70.0,1.2,67,50.68,0.0,1
"06081601605",50.0,1.1,43,"","",0
"06081601700",50.0,4.9,48,"","",0
"06081601800",50.0,3.8,45,"","",0
"06081601901",50.0,6.1,38,"","",0
"06081601902",63.95,11.2,44,"","",0
"06081602000",50.0,8.1,99,"","",0
"06081602100",50.0,6.1,24,"","",0
"06081602200",50.0,6.2,25,54.16,5.9,3
"06081602300",50.0,3.3,18,48.43,35.4,5
"06081602400",50.0,6.1,67,64.94,0.0,1
"06081602500",50.0,9.5,55,50.0,0.0,1
"06081602600",70.0,9.7,102,34.39,5.8,2
"06081602700",50.0,5.1,71,"","",0
"06081602800",50.0,7.9,46,"","",0
"06081602900",50.0,0.0,28,"","",0
"06081603000",50.0,8.8,49,14.85,9.5,4
"06081603100",50.0,7.1,45,"","",0
"06081603200",50.0,6.3,44,12.5,0.0,1
"06081603300",50.0,4.1,62,"","",0
"06081603400",50.0,2.0,61,"","",0
"06081603700",50.0,4.0,61,"","",0
"06081603801",70.0,0.0,75,"","",0
"06081603802",50.0,4.5,58,"","",0
"06081603900",50.0,5.2,51,31.81,19.1,3
"06081604000",50.0,0.2,22,"","",0
"06081604101",50.0,5.9,60,34.11,17.0,5
"06081604102",70.0,2.7,54,46.07,1.3,2
"06081604200",50.0,12.2,38,39.21,0.0,1
"06081604400",70.0,9.6,37,45.46,19.5,6
"06081604500",50.0,0.0,36,"","",0
"06081604600",50.0,0.0,24,"","",0
"06081604700",50.0,1.8,24,"","",0
"06081604800",50.0,3.4,34,"","",0
"06081604900",50.0,8.3,41,"","",0
"06081605000",50.0,7.0,78,52.08,13.2,2
"06081605100",50.0,10.8,31,8.48,19.0,13
"06081605200",50.0,14.9,54,"","",0
"06081605300",50.0,15.5,71,"","",0
"06081605400",50.0,10.0,65,49.77,2.8,2
"06081605500",70.0,18.4,71,40.27,0.3,2
"06081605600",28.57,10.7,79,"","",0
"06081605700",29.78,10.0,91,"","",0
"06081605800",50.0,12.2,34,"","",0
"06081605900",70.0,12.7,54,20.71,13.5,5
"06081606000",70.0,9.2,103,32.52,0.0,1
"06081606100",50.0,5.5,50,"","",0
"06081606200",50.0,11.2,46,"","",0
"06081606300",70.0,9.3,84,46.2,23.3,8
"06081606400",70.0,11.8,70,"","",0
"06081606500",50.0,3.0,59,"","",0
"06081606600",50.0,8.9,50,"","",0
"06081606700",50.0,7.3,32,"","",0
"06081606800",50.0,5.5,36,"","",0
"06081606900",50.0,0.0,24,"","",0
"06081607000",50.0,8.0,37,"","",0
"06081607100",50.0,0.3,35,"","",0
"06081607200",50.0,6.0,20,36.33,4.5,2
"06081607300",50.0,0.8,43,"","",0
"06081607400",50.0,9.7,58,24.55,24.5,2
"06081607500",50.0,13.1,38,24.44,0.0,1
"06081607600",50.0,7.0,28,19.2,6.2,2
"06081607701",50.0,8.3,41,2.99,0.0,1
"06081607702",50.0,0.4,42,"","",0
"06081607800",50.0,0.0,33,"","",0
"06081607900",70.0,8.0,55,"","",0
"06081608001",70.0,7.6,17,42.46,0.0,1
"06081608002",50.0,10.3,44,"","",0
"06081608004",70.0,10.0,64,27.16,0.0,1
"06081608013",50.0,8.6,42,"","",0
"06081608023",50.0,0.0,20,"","",0
"06081608100",50.0,9.7,42,"","",0
"06081608200",50.0,7.1,43,"","",0
"06081608300",50.0,8.0,33,"","",0
"06081608400",70.0,10.6,40,"","",0
"06081608501",50.0,1.0,60,"","",0
"06081608502",70.0,9.1,27,"","",0
"06081608600",50.0,6.2,36,31.25,2.7,2
"06081608700",50.0,8.5,82,68.28,22.1,3
"06081608800",50.0,7.7,82,"","",0
"06081608900",50.0,8.2,48,"","",0
"06081609000",50.0,4.5,39,41.68,0.6,2
"06081609100",21.05,18.4,20,10.79,0.0,1
"06081609201",50.0,22.4,50,9.28,26.9,4
"06081609202",50.0,21.0,53,25.38,18.5,2
"06081609300",32.22,15.7,36,29.2,7.1,3
"06081609400",46.36,16.7,55,"","",0
"06081609500",50.0,14.7,66,"","",0
"06081609601",50.0,18.3,57,2.77,1.1,2
"06081609602",50.0,21.1,37,"","",0
"06081609603",50.0,18.5,88,"","",0
"06081609700",50.0,9.7,59,"","",0
"06081609800",50.0,0.9,62,55.47,0.0,1
"06081609900",50.0,5.8,40,"","",0
"06081610000",50.0,6.4,59,21.96,6.4,2
"06081610100",50.0,8.5,24,"","",0
"06081610201",50.0,10.6,17,50.47,31.0,2
"06081610202",62.48,25.7,4,33.33,16.7,15
"06081610203",50.0,11.7,14,15.04,4.3,2
"06081610302",70.0,0.0,3,42.58,43.3,4
"06081610303",59.91,10.2,110,"","",0
"06081610304",70.0,10.4,75,66.55,0.0,1
"06081610400",50.0,8.8,26,"","",0
"06081610500",50.0,6.7,34,"","",0
"06081610601",50.0,8.6,45,31.42,18.9,5
"06081610602",50.0,7.8,49,22.93,0.0,1
"06081610700",50.0,11.8,53,15.15,0.0,1
"06081610800",50.0,11.5,29,20.45,15.9,2
"06081610900",50.0,9.6,44,"","",0
"06081611000",50.0,7.4,61,"","",0
"06081611100",50.0,7.5,97,23.28,0.0,1
"06081611200",50.0,0.5,43,"","",0
"06081611300",50.0,11.7,72,15.61,0.0,1
"06081611400",5.0,21.8,81,"","",0
"06081611500",5.0,17.2,33,"","",0
"06081611600",50.0,6.4,34,"","",0
"06081611700",50.0,8.7,58,60.65,27.7,4
"06081611800",50.0,9.7,49,"","",0
"06081611900",50.0,10.7,81,"","",0
"06081612000",50.0,12.7,62,"","",0
"06081612100",50.0,13.5,43,"","",0
"06081612500",50.0,11.1,51,19.13,16.3,5
"06081612600",50.0,23.0,47,9.09,29.6,7
"06081612700",19.29,14.4,43,"","",0
"06081612800",25.92,15.6,57,"","",0
"06081612900",45.83,20.4,97,"","",0
"06081613000",50.0,19.4,52,"","",0
"06081613200",27.13,16.1,76,40.0,0.0,1
"06081613300",43.03,18.5,46,33.16,14.8,2
"06081613400",39.81,20.9,43,"","",0
"06081613501",50.0,5.8,50,17.24,0.0,1
"06081613502",50.0,7.7,84,15.0,21.1,7
"06081613600",50.0,10.4,63,24.65,0.0,1
"06081613700",50.0,9.6,93,21.25,14.9,3
"06081613800",42.43,20.4,44,6.47,6.5,2
"06081613900",50.0,9.4,70,44.26,0.0,1
"06081614000",50.0,0.0,46,"","",0
"06085500100",40.01,8.9,114,50.24,26.6,3
"06085500200",40.0,8.2,49,60.63,0.0,1
"06085500300",50.0,7.5,105,29.16,14.1,4
"06085500400",40.0,14.9,29,42.85,15.2,4
"06085500500",30.0,10.5,83,44.95,8.1,7
"06085500600",25.01,10.1,52,32.84,0.0,1
"06085500800",87.9,22.0,312,66.15,36.0,19
"06085500901",50.0,6.6,86,61.16,17.7,10
"06085500902",64.44,23.2,11,"","",0
"06085501000",45.7,11.8,46,67.47,9.2,4
"06085501101",50.0,7.6,35,43.71,33.2,2
"06085501102",40.0,7.1,39,53.58,0.0,1
"06085501200",40.0,7.8,43,"","",0
"06085501300",40.28,7.7,38,51.32,0.0,1
"06085501401",50.0,15.3,17,"","",0
"06085501402",35.29,7.4,27,"","",0
"06085501501",37.5,11.3,25,"","",0
"06085501502",38.09,12.4,32,26.27,0.0,1
"06085501600",50.0,12.1,54,16.66,0.0,1
"06085501700",25.01,12.7,37,33.09,14.3,4
"06085501800",25.01,11.1,80,47.81,0.0,1
"06085501900",50.0,12.7,74,47.85,27.6,10
"06085502001",29.29,9.3,56,53.88,25.5,4
"06085502002",25.01,8.6,36,"","",0
"06085502101",50.0,10.1,90,"","",0
"06085502102",33.69,12.9,40,61.29,0.0,1
"06085502201",50.0,5.0,59,"","",0
"06085502202",50.0,9.8,69,"","",0
"06085502301",27.4,13.1,51,36.69,13.4,3
"06085502302",40.0,4.6,21,"","",0
"06085502400",30.0,11.7,154,50.19,0.0,1
"06085502500",26.78,10.9,105,50.62,0.0,1
"06085502601",30.0,14.6,61,30.54,9.5,2
"06085502603",30.0,7.2,36,61.29,0.0,1
"06085502604",50.0,9.7,34,43.74,9.3,3
"06085502701",40.0,11.3,63,13.15,11.0,3
"06085502702",29.48,14.4,116,41.17,0.0,1
"06085502800",30.0,8.3,55,"","",0
"06085502901",30.0,7.1,65,44.26,0.0,1
"06085502902",30.0,12.0,151,"","",0
"06085502903",30.0,9.1,95,"","",0
"06085502906",30.0,9.8,66,"","",0
"06085502907",30.0,2.6,49,37.66,0.0,1
"06085502908",30.0,6.2,88,"","",0
"06085502909",50.0,9.6,61,0.0,0.0,1
"06085502910",30.0,9.0,40,"","",0
"06085503001",26.77,11.8,65,"","",0
"06085503002",30.0,8.7,61,"","",0
"06085503003",30.0,6.4,66,43.53,20.3,3
"06085503105",50.0,12.3,16,24.09,10.8,9
"06085503108",45.0,8.7,67,42.23,11.9,3
"06085503110",50.0,10.9,18,"","",0
"06085503111",35.89,9.5,44,"","",0
"06085503112",50.0,13.0,43,58.33,0.0,1
"06085503113",30.0,12.0,34,47.27,30.2,5
"06085503115",50.0,2.2,182,45.23,0.0,1
"06085503116",50.0,4.9,40,71.96,0.0,1
"06085503117",29.41,11.3,12,"","",0
"06085503118",50.0,10.7,41,"","",0
"06085503121",50.0,10.6,39,52.41,16.3,6
"06085503122",50.0,9.0,18,68.23,7.8,4
"06085503123",50.0,8.3,23,"","",0
"06085503204",50.0,14.5,98,37.33,0.0,1
"06085503207",40.0,4.2,41,"","",0
"06085503208",40.0,1.8,35,"","",0
"06085503210",40.0,3.8,23,"","",0
"06085503211",40.0,6.8,43,"","",0
"06085503212",40.0,1.7,40,"","",0
"06085503213",50.0,14.0,28,"","",0
"06085503214",20.0,13.1,19,0.0,0.0,1
"06085503217",40.02,5.7,59,"","",0
"06085503218",40.0,5.0,29,"","",0
"06085503304",50.0,4.1,56,74.83,25.4,11
"06085503305",50.0,5.0,40,19.99,0.0,1
"06085503306",35.01,2.6,30,"","",0
"06085503312",40.61,11.9,44,55.7,0.0,1
"06085503313",40.0,7.9,38,"","",0
"06085503315",40.0,6.9,54,0.0,0.0,1
"06085503321",35.0,7.5,31,"","",0
"06085503322",40.0,7.3,36,"","",0
"06085503323",40.0,6.0,49,"","",0
"06085503324",40.0,1.7,27,"","",0
"06085503325",40.0,2.8,49,25.45,25.4,2
"06085503326",40.0,6.4,59,"","",0
"06085503327",40.0,7.4,52,"","",0
"06085503329",40.0,8.2,29,"","",0
"06085503330",50.0,6.9,64,"","",0
"06085503331",50.0,6.9,57,"","",0
"06085503332",50.0,11.2,133,"","",0
"06085503333",40.0,5.8,74,"","",0
"06085503334",48.44,15.7,166,"","",0
"06085503336",40.0,4.4,33,"","",0
"06085503337",41.05,5.3,32,"","",0
"06085503401",35.01,2.6,37,"","",0
"06085503402",35.01,4.4,17,"","",0
"06085503504",35.01,4.6,60,"","",0
"06085503506",35.01,2.2,32,"","",0
"06085503507",35.0,5.8,10,"","",0
"06085503508",25.01,6.7,55,"","",0
"06085503509",26.8,9.5,32,"","",0
"06085503510",35.01,9.8,46,"","",0
"06085503511",35.01,7.7,30,"","",0
"06085503601",40.0,5.9,15,42.44,0.0,1
"06085503602",35.01,7.0,28,30.5,0.0,1
"06085503703",35.0,3.5,21,76.66,5.2,2
"06085503707",42.85,7.8,57,11.21,0.0,1
"06085503708",40.0,4.6,16,"","",0
"06085503709",40.0,10.6,29,"","",0
"06085503710",35.01,6.0,16,"","",0
"06085503711",35.01,11.8,30,"","",0
"06085503712",50.0,8.1,39,67.13,9.9,4
"06085503713",50.0,7.2,35,"","",0
"06085503802",30.0,4.9,59,"","",0
"06085503803",40.0,8.6,63,"","",0
"06085503804",50.0,6.9,104,"","",0
"06085503902",38.9,19.1,48,66.92,5.0,2
"06085503903",35.01,5.7,43,38.65,3.8,2
"06085504001",35.01,6.9,48,40.27,16.5,2
"06085504002",35.01,6.1,43,36.0,0.0,1
"06085504101",20.0,7.7,32,48.34,1.7,2
"06085504102",20.02,9.6,46,"","",0
"06085504201",30.0,9.8,56,"","",0
"06085504202",30.0,13.7,50,"","",0
"06085504307",40.0,9.5,81,"","",0
"06085504308",30.0,11.3,44,27.01,0.0,1
"06085504311",60.0,6.1,71,"","",0
"06085504314",30.0,3.5,29,"","",0
"06085504315",30.0,9.5,70,"","",0
"06085504316",45.0,7.3,84,"","",0
"06085504317",35.0,7.9,50,"","",0
"06085504318",50.0,4.8,11,7.1,5.9,2
"06085504319",50.0,5.0,77,"","",0
"06085504320",30.0,2.5,29,"","",0
"06085504321",30.0,7.6,50,0.0,0.0,1
"06085504322",50.0,5.4,60,50.0,2.7,6
"06085504323",35.05,7.4,51,"","",0
"06085504410",25.0,9.8,37,"","",0
"06085504411",25.0,8.0,46,"","",0
"06085504412",50.0,3.6,42,"","",0
"06085504413",50.0,3.1,21,"","",0
"06085504414",50.0,5.3,37,"","",0
"06085504415",45.0,12.3,41,"","",0
"06085504416",32.5,9.3,32,57.24,31.2,5
"06085504417",25.0,11.0,4,"","",0
"06085504418",50.0,12.9,70,35.38,3.5,8
"06085504420",50.0,4.4,31,"","",0
"06085504421",50.0,1.2,41,45.35,0.0,1
"06085504422",50.0,2.3,20,"","",0
"06085504423",30.0,9.2,23,"","",0
"06085504504",49.99,6.9,127,50.0,11.5,6
"06085504505",40.0,9.4,50,26.41,26.4,2
"06085504506",50.0,0.0,37,"","",0
"06085504507",50.0,3.5,59,"","",0
"06085504601","","",0,48.86,27.0,4
"06085504602",26.07,22.2,28,51.69,32.8,7
"06085504802",40.0,9.8,31,68.94,0.0,1
"06085504803",50.0,14.8,59,"","",0
"06085504805",23.84,12.3,4,"","",0
"06085504806",20.0,3.4,32,"","",0
"06085504901",50.0,8.0,110,"","",0
"06085505001",40.0,8.2,92,49.54,12.9,4
"06085505006",50.0,4.8,36,66.66,22.6,11
"06085505007",40.0,9.9,30,"","",0
"06085505009",50.0,10.9,22,"","",0
"06085505100",40.0,9.1,51,47.5,28.0,6
"06085505202",50.0,8.3,94,14.51,20.4,8
"06085505203",40.0,7.3,62,51.16,13.4,7
"06085505301",20.0,7.5,29,"","",0
"06085505302",20.0,15.1,52,"","",0
"06085505303",50.0,10.3,63,"","",0
"06085505304",20.0,5.3,37,"","",0
"06085505305",20.0,11.1,51,13.01,0.0,1
"06085505401",50.0,11.4,55,45.74,0.0,1
"06085505402",31.77,13.4,43,"","",0
"06085505403",50.0,9.4,53,"","",0
"06085505500",30.54,10.8,40,"","",0
"06085505600",35.0,15.7,18,0.17,29.5,3
"06085505700",35.0,9.7,40,18.27,18.3,2
"06085505800",30.0,5.0,48,21.73,0.0,1
"06085505900",34.54,11.4,67,"","",0
"06085506000",34.9,10.3,42,"","",0
"06085506101",25.0,4.1,38,21.77,0.0,1
"06085506102",35.03,11.6,55,26.92,0.0,1
"06085506103",25.0,11.6,40,45.42,0.0,1
"06085506202",25.0,3.9,57,39.1,26.6,2
"06085506203",50.0,9.5,48,"","",0
"06085506204",25.0,10.3,78,"","",0
"06085506301",30.0,8.9,30,"","",0
"06085506302",25.0,12.3,77,"","",0
"06085506304",36.14,12.4,29,65.69,0.0,1
"06085506305",25.0,11.4,27,"","",0
"06085506401",50.0,16.8,105,46.15,0.0,1
"06085506402",30.0,6.3,58,42.94,9.4,2
"06085506501",50.0,11.9,57,44.11,0.0,1
"06085506502",50.0,13.3,65,56.19,14.8,8
"06085506503",50.0,14.5,87,25.33,0.0,1
"06085506601",25.0,5.2,40,"","",0
"06085506603",25.0,9.0,39,"","",0
"06085506604",25.0,5.6,73,"","",0
"06085506605",25.0,13.1,29,64.01,8.2,3
"06085506606",31.3,9.9,44,"","",0
"06085506701",25.0,12.1,38,"","",0
"06085506702",25.0,10.7,75,"","",0
"06085506703",33.33,10.5,45,"","",0
"06085506801",25.0,12.0,82,57.89,13.9,7
"06085506802",20.0,11.7,58,"","",0
"06085506803",30.0,9.9,75,"","",0
"06085506804",30.0,13.1,72,"","",0
"06085506900",30.0,14.7,93,16.92,0.0,1
"06085507001",40.0,15.5,144,77.69,1.8,4
"06085507002",30.0,10.5,36,"","",0
"06085507100",56.11,15.8,27,30.09,27.6,4
"06085507203",39.08,10.7,46,"","",0
"06085507205",49.74,14.0,109,"","",0
"06085507206",38.43,15.0,24,"","",0
"06085507301",25.0,12.7,104,"","",0
"06085507302",25.59,14.5,51,6.93,2.0,2
"06085507401",25.0,9.4,63,75.41,3.7,6
"06085507402",25.0,12.2,68,47.64,14.2,2
"06085507500",25.0,11.9,59,32.1,0.0,1
"06085507600",30.0,12.7,80,"","",0
"06085507701",25.0,18.6,42,59.48,8.5,2
"06085507702",20.0,15.3,54,17.69,0.0,1
"06085507703",25.0,15.9,62,73.09,0.2,2
"06085507805",27.5,16.0,36,40.52,3.8,2
"06085507806",25.0,12.1,25,"","",0
"06085507807",20.0,15.5,30,"","",0
"06085507808",20.0,12.6,41,36.11,22.2,2
"06085507903",25.0,14.5,45,"","",0
"06085507904",20.0,2.4,36,"","",0
"06085507905",35.0,14.1,49,"","",0
"06085507906",35.0,10.1,42,"","",0
"06085508001",22.33,14.0,69,"","",0
"06085508003",10.0,17.0,12,"","",0
"06085508004",10.0,13.7,62,"","",0
"06085508101",25.0,13.3,53,36.38,16.2,4
"06085508102",25.0,11.5,23,55.17,0.0,1
"06085508202",20.0,13.4,54,"","",0
"06085508203",35.0,10.1,49,"","",0
"06085508204",35.0,8.6,42,"","",0
"06085508301",20.0,6.5,46,"","",0
"06085508303",20.0,9.0,22,43.09,0.2,2
"06085508304",45.0,15.2,50,54.67,0.0,1
"06085508401",25.0,6.8,59,69.99,0.0,1
"06085508403",20.0,11.1,36,"","",0
"06085508404",40.0,6.3,70,"","",0
"06085508503",50.0,12.2,40,49.75,10.3,3
"06085508504",50.0,11.8,29,13.97,0.0,1
"06085508505",50.0,11.6,42,"","",0
"06085508507",50.0,9.9,42,"","",0
"06085508508",25.0,8.1,27,"","",0
"06085508601",40.0,10.0,36,"","",0
"06085508602",30.0,9.9,42,24.41,0.0,1
"06085508703",50.0,11.0,73,"","",0
"06085508704",50.0,11.5,66,44.67,18.8,12
"06085508800",20.0,9.6,12,"","",0
"06085508900",42.55,11.5,43,"","",0
"06085509000",20.01,12.2,64,69.75,18.6,3
"06085509102",50.0,5.9,36,80.31,4.4,2
"06085509105",50.0,8.9,78,"","",0
"06085509106",40.0,8.6,34,"","",0
"06085509107",50.0,8.8,12,"","",0
"06085509108",50.0,13.4,35,69.94,26.2,6
"06085509109",50.0,13.3,61,45.41,0.0,1
"06085509201",50.0,9.9,57,"","",0
"06085509202",50.0,15.9,50,88.03,0.0,1
"06085509302",50.0,12.1,43,0.0,13.2,8
"06085509303",50.0,13.1,34,"","",0
"06085509304",50.0,8.6,50,29.95,21.5,5
"06085509401",50.0,16.3,15,29.99,28.4,5
"06085509403",50.0,4.3,29,2.51,0.0,1
"06085509404",50.0,6.8,61,48.09,11.7,2
"06085509500",30.0,11.9,44,71.74,0.7,2
"06085509600",46.81,15.7,54,76.3,19.6,6
"06085509700",30.0,10.2,33,44.38,0.0,1
"06085509801",30.0,12.9,56,56.81,0.0,1
"06085509802",27.27,11.3,45,11.9,4.2,2
"06085509901",30.0,11.8,23,"","",0
"06085509902",35.01,16.7,89,28.42,28.3,2
"06085510001",20.0,12.5,76,38.74,17.6,4
"06085510002",25.0,9.0,45,"","",0
"06085510100",25.0,8.9,36,"","",0
"06085510200",30.0,14.1,59,"","",0
"06085510300",46.84,20.9,75,42.55,15.3,6
"06085510400",15.0,14.7,45,22.73,24.6,4
"06085510500",35.0,17.0,74,87.61,0.0,1
"06085510600",42.62,17.5,75,37.89,2.2,2
"06085510700",50.0,17.1,56,51.68,27.5,9
"06085510801",30.0,12.4,74,28.29,0.0,1
"06085510802",50.0,10.9,14,"","",0
"06085510803",50.0,12.0,43,"","",0
"06085510900",50.0,16.3,50,"","",0
"06085511000",30.0,11.7,66,47.22,0.0,2
"06085511100",10.0,8.2,72,"","",0
"06085511200",10.0,12.4,79,16.76,0.4,2
"06085511301",50.0,20.6,52,"","",0
"06085511302",50.0,18.3,60,51.36,16.7,11
"06085511400",10.0,13.6,55,"","",0
"06085511500",50.0,18.8,60,55.23,16.8,6
"06085511701",26.62,16.9,58,"","",0
"06085511702",28.0,15.1,44,"","",0
"06085511704",25.63,13.1,60,"","",0
"06085511705",31.69,13.4,14,"","",0
"06085511707",28.0,13.2,41,"","",0
"06085511800",35.0,12.9,55,61.11,0.0,1
"06085511905",35.0,10.4,35,4.08,0.0,1
"06085511907",25.0,3.5,51,"","",0
"06085511909",35.0,11.2,94,"","",0
"06085511910",35.0,4.7,46,"","",0
"06085511911",39.3,11.5,64,"","",0
"06085511912",25.0,9.8,48,"","",0
"06085511913",35.0,5.0,39,"","",0
"06085511914",35.0,9.5,61,"","",0
"06085511915",35.83,16.9,26,"","",0
"06085511916",20.0,11.4,59,"","",0
"06085512001",50.0,6.1,99,68.51,0.0,1
"06085512005",30.0,8.2,79,"","",0
"06085512017",40.0,5.2,78,34.34,0.0,1
"06085512019",30.0,9.2,44,"","",0
"06085512020",30.0,6.3,28,"","",0
"06085512021",50.0,10.0,82,"","",0
"06085512022",41.59,11.9,20,"","",0
"06085512023",50.0,3.9,129,"","",0
"06085512024",50.0,10.5,58,"","",0
"06085512025",30.0,9.9,35,"","",0
"06085512026",50.0,7.7,58,"","",0
"06085512027",31.03,10.1,37,21.04,5.4,2
"06085512029",30.0,10.6,110,33.72,0.0,1
"06085512030",30.0,5.9,34,"","",0
"06085512031",30.0,4.0,47,"","",0
"06085512032",30.0,3.7,31,38.04,36.5,2
"06085512033",30.0,8.2,79,56.82,1.7,5
"06085512034",40.0,5.7,54,"","",0
"06085512035",40.0,5.3,57,"","",0
"06085512036",30.0,7.7,34,"","",0
"06085512037",30.0,1.7,38,"","",0
"06085512038",50.0,3.1,33,"","",0
"06085512039",50.0,5.9,55,"","",0
"06085512042",40.0,1.3,25,47.21,0.0,1
"06085512043",40.0,5.3,31,"","",0
"06085512045",30.0,5.0,60,"","",0
"06085512047",30.0,6.8,59,"","",0
"06085512052",50.0,10.1,43,51.4,0.0,1
"06085512053",50.0,12.1,66,"","",0
"06085512100",50.0,7.5,9,"","",0
"06085512200",55.0,15.9,75,"","",0
"06085512305",50.0,10.2,78,"","",0
"06085512307",60.0,10.6,90,"","",0
"06085512308",55.0,6.5,139,"","",0
"06085512309",55.0,7.5,78,53.95,0.0,1
"06085512310",55.0,7.9,42,75.0,2.3,7
"06085512311",51.75,5.9,64,21.38,28.2,8
"06085512312",55.0,5.5,61,"","",0
"06085512313",53.44,10.4,32,44.38,0.1,2
"06085512314",50.0,11.6,67,47.32,0.0,2
"06085512401",40.0,15.7,44,0.74,0.0,1
"06085512402",40.0,12.7,55,"","",0
"06085512503",60.0,15.1,295,"","",0
"06085512505",45.01,8.3,83,"","",0
"06085512506",50.0,9.4,132,32.3,9.4,2
"06085512508",45.01,8.0,96,54.28,0.0,1
"06085512509",49.57,10.5,55,"","",0
"06085512510",45.01,11.1,120,"","",0
"06085512602",40.0,11.2,16,62.67,0.0,1
"06085512603",52.0,14.7,28,46.66,19.3,5
"06085512604",50.0,9.8,30,"","",0
"06085513500",45.35,10.5,4,"","",0
"06095201004",73.89,2.2,4,"","",0
"06095201005",74.03,2.0,2,"","",0
"06095250103",77.03,9.6,78,"","",0
"06095250104",75.73,5.1,30,"","",0
"06095250105",78.18,4.9,133,"","",0
"06095250106",74.23,4.3,108,"","",0
"06095250200",73.68,6.2,71,54.84,5.7,2
"06095250300",70.83,10.2,73,52.49,5.8,2
"06095250400",72.77,5.7,76,33.33,0.0,1
"06095250501",73.85,5.6,37,"","",0
"06095250502",76.61,5.1,70,"","",0
"06095250601",73.24,6.4,86,"","",0
"06095250604",74.94,4.9,114,"","",0
"06095250605",73.78,4.5,81,"","",0
"06095250701",71.92,5.7,38,69.04,2.4,2
"06095250801",71.59,5.1,69,"","",0
"06095250900",75.67,12.9,19,66.66,2.2,7
"06095251000",77.77,7.5,45,63.63,0.0,1
"06095251100",76.75,6.3,58,75.38,6.7,4
"06095251200",77.24,6.1,64,81.86,0.7,2
"06095251300",74.3,6.2,76,70.0,0.0,1
"06095251400",73.23,6.1,110,"","",0
"06095251500",78.02,6.5,65,71.94,18.5,12
"06095251600",79.06,12.1,37,69.56,0.0,1
"06095251701",73.33,6.0,56,46.66,10.8,3
"06095251702",71.98,5.2,116,"","",0
"06095251802",69.16,7.3,10,67.84,5.3,6
"06095251803",72.0,6.5,86,"","",0
"06095251804",75.0,4.2,51,"","",0
"06095251901",73.91,6.9,134,75.96,0.0,1
"06095251902",72.72,6.7,109,"","",0
"06095251903",72.52,6.9,107,57.81,0.0,1
"06095252000",70.76,9.6,53,55.35,24.1,3
"06095252102",72.44,8.0,62,0.0,0.0,1
"06095252103",74.0,4.8,75,"","",0
"06095252104",74.24,2.7,123,"","",0
"06095252105",73.33,6.0,73,72.97,0.0,1
"06095252106",75.29,5.7,71,"","",0
"06095252107",73.65,4.9,54,"","",0
"06095252108",73.23,5.6,47,"","",0
"06095252201",73.31,6.5,192,"","",0
"06095252202",72.97,5.5,231,"","",0
"06095252305",73.91,6.1,73,"","",0
"06095252306",72.38,10.5,54,67.44,7.3,4
"06095252310",75.66,4.5,62,"","",0
"06095252311",73.15,4.5,68,"","",0
"06095252312",73.33,3.8,47,"","",0
"06095252313",74.22,4.1,164,"","",0
"06095252314",70.58,4.4,53,16.34,0.0,1
"06095252315",70.07,5.4,46,"","",0
"06095252316",71.79,4.9,53,"","",0
"06095252317",75.39,4.7,267,"","",0
"06095252401",72.56,6.9,78,57.14,0.0,1
"06095252402",72.48,10.4,64,71.01,0.0,1
"06095252501",76.47,11.6,37,"","",0
"06095252502",66.66,22.2,13,71.11,0.0,1
"06095252604",77.52,14.1,30,"","",0
"06095252605",74.78,11.9,40,63.15,0.0,1
"06095252606",75.8,4.7,59,"","",0
"06095252607",76.28,6.0,29,"","",0
"06095252608",76.04,5.2,53,59.37,0.0,1
"06095252610",74.28,4.8,47,"","",0
"06095252611",74.6,6.6,67,"","",0
"06095252702",74.94,6.4,110,54.54,0.0,1
"06095252703",74.92,4.2,90,"","",0
"06095252704",75.71,4.4,60,59.48,0.0,1
"06095252705",73.33,4.4,113,"","",0
"06095252706",73.68,4.3,105,"","",0
"06095252707",71.59,8.9,48,"","",0
"06095252903",60.31,10.0,57,"","",0
"06095252904",76.17,14.8,153,62.53,14.5,2
"06095252908",70.42,5.6,44,"","",0
"06095252909",72.65,4.9,69,"","",0
"06095252910",72.68,5.1,111,"","",0
"06095252911",72.22,6.4,144,50.87,18.4,5
"06095252912",74.0,5.7,80,51.56,0.0,1
"06095252913",71.59,4.4,80,48.74,0.0,1
"06095252914",72.6,5.2,105,"","",0
"06095252915",74.78,3.9,109,"","",0
"06095253101",74.14,6.3,69,59.93,5.2,6
"06095253105",72.11,4.7,74,50.0,6.8,3
"06095253106",72.55,4.8,47,54.54,0.0,1
"06095253107",72.72,4.8,84,"","",0
"06095253108",72.41,4.8,69,23.2,0.0,1
"06095253201",77.03,3.8,76,"","",0
"06095253203",74.98,7.4,69,"","",0
"06095253204",73.81,7.1,86,"","",0
"06095253205",75.78,6.7,55,69.86,1.7,2
"06095253206",75.91,5.4,68,"","",0
"06095253300",49.97,12.4,16,"","",0
"06095253402",71.42,7.4,87,63.19,0.0,1
"06095253403",71.5,6.4,84,66.97,1.0,2
"06095253404",77.29,8.3,179,"","",0
"06095253500",70.98,7.7,252,39.39,0.0,1
"06097150100",59.97,15.2,32,60.0,0.0,1
"06097150202",60.0,7.1,98,58.82,8.0,3
"06097150203",60.0,10.6,82,44.44,0.0,1
"06097150204",60.0,9.1,56,52.48,9.3,8
"06097150303",60.0,10.1,100,"","",0
"06097150304",60.0,8.0,85,0.0,29.1,3
"06097150305",60.0,8.7,46,"","",0
"06097150306",60.0,11.7,58,50.0,0.0,1
"06097150500",60.0,10.8,71,74.51,3.4,3
"06097150601",60.0,3.9,44,"","",0
"06097150602",60.0,3.7,61,"","",0
"06097150603",60.0,4.5,76,24.61,21.2,3
"06097150607",60.0,7.4,87,"","",0
"06097150609",60.0,0.2,48,"","",0
"06097150610",60.0,1.7,54,"","",0
"06097150611",60.05,7.9,89,"","",0
"06097150612",60.0,3.4,41,71.19,0.2,2
"06097150701",60.01,4.8,61,54.21,22.3,6
"06097150702",60.0,9.1,99,"","",0
"06097150800",60.0,3.4,55,"","",0
"06097150901",60.0,4.6,61,70.06,1.1,7
"06097150902",60.0,5.3,52,63.73,4.6,2
"06097151000",60.0,10.0,34,63.51,0.7,2
"06097151100",60.0,7.9,29,"","",0
"06097151201",60.0,12.6,49,63.97,21.0,5
"06097151203",60.0,3.6,86,"","",0
"06097151204",60.0,1.4,45,57.04,7.5,2
"06097151301",60.0,3.3,37,"","",0
"06097151305",60.0,9.6,61,67.28,13.6,6
"06097151306",60.0,11.3,61,"","",0
"06097151307",60.0,3.3,84,"","",0
"06097151308",60.0,0.1,27,65.71,5.7,2
"06097151309",60.0,5.6,70,"","",0
"06097151310",60.0,4.0,60,"","",0
"06097151311",60.0,4.1,98,68.28,8.5,2
"06097151401",60.02,9.6,154,56.47,0.0,1
"06097151402",60.0,5.4,63,53.84,19.3,7
"06097151502",60.0,8.8,93,54.75,0.0,1
"06097151503",60.0,7.4,45,"","",0
"06097151504",60.06,6.7,65,"","",0
"06097151601",64.36,7.4,112,55.66,0.0,1
"06097151602",64.36,12.4,142,"","",0
"06097151700",60.82,5.8,80,"","",0
"06097151800",60.0,4.8,98,79.26,20.9,14
"06097151900",60.0,2.5,34,72.5,2.5,2
"06097152000",60.05,3.2,13,70.71,23.6,16
"06097152100",60.0,2.2,24,64.03,6.0,2
"06097152201",60.0,3.5,47,39.13,0.0,1
"06097152202",60.0,3.1,90,"","",0
"06097152203",60.0,4.0,38,75.94,4.4,6
"06097152300",60.0,3.0,61,62.51,0.0,1
"06097152400",60.0,5.3,215,67.21,33.0,6
"06097152501",60.0,7.9,67,63.34,0.0,1
"06097152502",60.0,3.1,44,"","",0
"06097152600",60.0,7.4,127,35.13,0.0,1
"06097152701",60.0,6.7,67,53.04,11.9,2
"06097152702",60.0,7.9,48,70.44,9.7,5
"06097152801",61.22,9.2,79,64.06,5.7,2
"06097152802",60.0,4.8,52,71.42,0.0,1
"06097152903",60.0,9.3,61,"","",0
"06097152904",60.0,4.7,84,"","",0
"06097152905",63.53,3.3,44,"","",0
"06097152906",60.0,10.0,89,68.89,0.0,1
"06097153001",60.0,3.7,54,74.57,6.0,5
"06097153002",60.0,4.1,89,"","",0
"06097153003",60.0,1.5,60,66.66,0.0,1
"06097153005",60.0,3.4,85,75.55,0.0,1
"06097153006",60.0,19.3,96,"","",0
"06097153102",60.0,0.8,45,"","",0
"06097153103",60.0,4.8,46,0.0,0.0,1
"06097153104",60.0,1.3,20,57.79,0.6,2
"06097153200",60.0,9.3,92,57.68,0.0,1
"06097153300",60.0,7.4,203,79.36,8.0,21
"06097153401",60.0,8.8,69,61.53,5.8,5
"06097153403",60.0,12.1,57,18.79,29.2,11
"06097153404",60.0,5.4,44,59.96,0.0,1
"06097153501",60.0,5.8,42,"","",0
"06097153502",60.0,16.5,35,52.38,0.0,1
"06097153600",60.01,14.3,53,32.5,32.5,2
"06097153703",64.26,11.7,115,66.47,4.9,2
"06097153704",69.62,14.7,83,72.13,1.6,2
"06097153705",68.45,11.3,58,58.96,9.0,2
"06097153706",64.28,15.9,69,"","",0
"06097153801",60.0,8.6,150,74.93,0.0,1
"06097153804",62.71,4.9,51,"","",0
"06097153806",60.05,7.2,46,61.53,0.0,1
"06097153807",60.0,6.2,58,"","",0
"06097153808",60.0,4.8,62,76.0,3.9,49
"06097153809",60.0,4.7,44,"","",0
"06097153901",60.0,11.9,96,36.2,0.0,1
"06097153902",60.0,7.7,51,68.16,11.9,6
"06097153903",60.0,6.1,80,0.0,32.0,5
"06097154000",33.33,13.8,23,"","",0
"06097154100",54.99,17.0,38,31.82,31.8,2
"06097154201",60.0,8.2,45,"","",0
"06097154202",60.0,9.0,143,64.49,0.0,1
"06097154302",60.0,10.0,85,67.47,16.9,5
"06097154303",60.0,13.2,84,45.45,0.0,1
"06097154304",54.63,14.6,40,60.39,0.0,1
"06097201500",37.5,0.0,1,"","",0
