"geo_id",1988,1989,1990,1991,1992,1993,1994,1995,1996,1997,1998,1999,2000,2001,2002,2003,2004,2005,2006,2007,2008,2009,2010,2011,2012,2013,2014
"06001400200",1,1,0,1,0,2,0,2,0,0,0,1,1,0,0,1,2,0,0,1,0,1,1,0,0,0,0
"06001400300",4,2,4,1,2,2,1,14,1,0,6,2,2,0,1,3,0,5,1,3,3,0,3,1,4,2,4
"06001400400",1,1,1,1,1,1,2,0,2,0,1,0,3,2,3,0,1,2,2,4,1,0,0,2,2,0,0
"06001400500",4,1,5,0,1,3,1,1,0,1,1,3,6,6,1,2,4,1,2,2,1,2,2,3,0,0,1
"06001400600",0,0,0,0,0,0,0,0,4,0,1,1,1,1,0,1,3,4,1,2,1,0,0,0,0,1,1
"06001400700",1,1,2,1,1,2,3,2,0,0,3,2,1,2,2,0,0,1,2,2,0,1,0,3,2,0,4
"06001400800",3,1,1,2,1,1,1,3,2,3,3,0,6,1,1,2,4,4,2,3,0,2,1,2,0,3,1
"06001400900",2,0,3,1,0,0,0,0,0,2,0,1,3,1,2,4,1,3,0,0,0,1,0,1,0,1,0
"06001401000",6,5,8,3,5,4,8,4,2,6,4,3,9,5,4,3,4,9,3,2,2,2,2,1,3,3,2
"06001401100",4,5,4,5,1,1,5,2,4,6,5,10,7,9,2,6,9,8,2,4,1,1,3,2,5,4,0
"06001401200",2,0,3,1,1,1,1,0,2,2,1,0,4,0,3,3,2,2,0,5,1,2,3,0,2,3,0
"06001401300",11,7,4,4,7,8,5,14,8,14,8,21,12,15,19,11,15,11,7,4,8,5,2,6,9,13,5
"06001401400",3,2,2,1,2,0,6,5,6,2,3,15,6,2,2,3,3,11,1,2,2,2,3,1,2,1,4
"06001401500",0,1,3,1,2,1,2,1,1,2,1,1,3,2,1,3,2,4,1,0,0,4,0,1,0,1,1
"06001401600",2,3,3,7,1,2,2,2,0,2,2,3,3,1,3,5,5,5,4,2,0,4,2,2,3,1,0
"06001401700",0,0,0,0,1,0,0,2,0,0,0,1,5,3,0,1,1,0,0,0,0,0,0,1,0,0,2
"06001401800",0,1,0,0,1,0,1,3,1,2,2,1,1,0,0,1,2,1,1,1,0,1,0,1,1,0,0
"06001402200",1,3,5,2,1,1,1,2,5,0,1,1,2,1,0,2,1,2,3,0,0,0,0,3,2,2,0
"06001402400",0,0,1,0,0,0,0,0,3,0,0,0,1,0,1,1,1,0,0,0,0,0,0,0,1,2,0
"06001402500",1,0,0,0,3,0,0,0,0,0,0,0,1,1,0,0,1,1,3,0,0,0,0,0,0,1,0
"06001402600",0,0,0,0,1,0,0,16,0,0,0,0,1,0,0,0,0,16,1,0,0,0,0,0,0,1,0
"06001402700",0,1,2,2,0,0,0,0,1,2,2,6,4,3,0,2,2,1,0,1,0,0,1,1,2,1,1
"06001402800",7,5,1,4,1,5,7,9,7,4,4,17,16,6,5,6,8,12,6,11,3,9,8,5,20,5,8
"06001402900",5,10,4,2,2,6,5,5,5,8,16,14,19,8,8,16,6,15,7,6,6,1,5,6,12,5,7
"06001403000",5,24,9,14,9,10,4,5,11,6,11,10,14,11,2,7,52,6,7,3,8,1,10,8,15,17,11
"06001403100",2,1,1,5,0,1,0,13,11,8,5,5,2,1,13,3,1,3,0,7,4,0,2,5,4,13,0
"06001403300",5,4,2,0,0,5,2,5,5,8,1,17,8,2,2,3,9,22,6,5,2,4,4,5,3,5,2
"06001403400",0,0,2,0,0,1,1,3,2,2,0,0,1,2,5,1,1,0,1,0,1,0,1,1,0,1,0
"06001403501",7,3,3,1,1,1,2,3,1,3,3,11,4,3,2,10,4,4,3,2,2,0,0,4,3,4,1
"06001403502",0,0,0,1,0,0,0,0,0,0,0,0,0,0,0,1,0,1,0,0,0,0,0,0,0,1,0
"06001403600",0,0,0,0,0,0,1,0,0,0,0,0,0,0,0,0,0,0,0,0,0,0,0,0,0,0,0
"06001403701",0,0,1,0,1,1,0,0,1,2,0,1,0,2,1,0,2,0,1,0,0,0,0,2,0,4,0
"06001403702",1,3,1,1,2,0,0,1,0,0,2,1,1,2,3,1,2,1,2,2,0,0,0,1,1,2,0
"06001403800",2,6,3,2,4,1,0,4,2,2,0,7,3,3,6,1,6,1,3,1,3,0,2,2,0,2,1
"06001403900",2,2,1,1,0,2,2,4,0,4,2,2,3,2,4,1,3,6,1,3,1,0,3,0,3,1,0
"06001404000",1,2,2,1,0,1,5,0,1,1,3,0,0,1,2,0,1,1,1,0,0,1,2,1,0,3,1
"06001404101",3,3,2,2,2,0,2,2,1,3,2,0,3,1,3,1,0,6,2,2,3,2,6,1,3,2,5
"06001404102",3,1,0,3,0,0,1,2,0,4,2,2,0,0,2,1,2,0,0,0,0,0,0,0,0,0,1
"06001404300",0,0,0,0,0,0,0,0,0,0,0,0,0,0,0,0,1,0,0,1,1,0,0,0,0,0,0
"06001404400",0,0,0,0,0,1,0,0,0,0,0,0,0,0,0,0,0,0,0,1,0,0,0,0,0,1,0
"06001404502",0,0,3,0,1,0,1,0,0,1,5,1,2,1,0,0,6,0,1,2,2,1,7,0,1,0,1
"06001404600",1,0,0,0,0,1,0,0,0,1,0,0,0,0,0,0,0,0,2,0,0,0,0,0,0,0,0
"06001404700",0,0,0,0,0,0,0,0,0,0,0,1,0,0,0,0,0,0,0,0,0,0,0,0,0,0,0
"06001404800",0,1,0,0,0,0,2,0,0,0,0,1,2,1,0,0,1,5,1,0,0,1,0,1,0,0,0
"06001404900",1,2,2,1,2,0,1,2,3,2,3,1,1,3,3,3,1,3,1,4,0,2,1,1,4,0,1
"06001405000",1,3,1,0,3,0,0,0,1,3,0,1,3,0,1,1,2,0,2,1,1,1,0,3,1,0,0
"06001405100",0,0,0,0,0,1,0,0,0,0,0,0,0,0,0,0,0,0,0,0,0,0,0,0,0,0,0
"06001405200",1,1,0,0,2,0,1,0,0,3,1,1,2,0,0,0,1,0,0,2,0,0,0,1,2,1,0
"06001405301",2,1,0,1,1,0,0,0,0,0,0,3,4,2,0,0,3,0,2,0,0,0,0,0,0,1,0
"06001405302",4,1,0,1,0,0,0,2,1,1,0,4,0,4,1,1,1,2,1,0,0,0,2,0,2,1,0
"06001405401",1,1,3,0,0,2,1,0,1,4,3,0,2,0,1,0,2,4,1,0,0,1,0,1,0,4,0
"06001405402",0,1,2,3,0,0,0,0,0,0,0,0,0,0,0,1,0,0,0,3,0,1,0,1,2,0,1
"06001405500",2,1,0,0,0,0,0,0,0,0,0,2,0,0,0,0,0,0,0,0,1,0,2,0,3,2,0
"06001405600",1,1,1,0,0,1,0,0,0,0,1,0,2,0,0,0,1,1,0,1,0,0,2,1,0,1,0
"06001405700",0,0,0,0,2,0,0,0,0,0,0,2,0,0,1,0,0,1,0,0,1,0,0,0,1,0,0
"06001405800",2,0,0,1,0,0,1,1,0,0,0,0,0,1,0,0,0,1,0,0,0,0,0,0,0,0,0
"06001405901",2,5,2,0,0,1,0,1,7,0,2,1,0,0,3,3,1,2,1,0,2,0,1,2,2,0,2
"06001405902",5,2,1,3,5,2,1,1,0,1,0,3,1,1,2,1,4,4,1,0,0,1,1,2,0,2,0
"06001406000",8,7,2,4,2,3,10,6,4,6,11,8,8,7,8,3,7,15,7,3,2,1,0,2,2,8,6
"06001406100",5,8,5,3,0,3,9,3,3,4,7,7,7,6,4,2,9,3,8,6,1,2,4,3,9,1,2
"06001406201",1,7,0,1,2,0,1,0,1,3,0,4,3,0,0,1,7,1,0,1,1,0,2,1,0,1,1
"06001406202",2,3,1,1,0,3,1,2,0,3,4,3,3,2,1,1,1,1,4,0,0,2,2,1,2,0,1
"06001406300",1,2,0,1,0,0,2,0,0,0,4,2,0,1,0,1,2,1,0,0,1,1,0,3,3,0,0
"06001406400",0,0,0,2,1,1,0,1,0,0,0,0,1,1,0,2,1,1,2,1,1,0,2,0,1,2,0
"06001406500",0,2,0,1,2,3,2,1,0,4,4,1,1,0,1,1,1,1,0,0,1,0,0,1,1,0,0
"06001406601",1,3,0,1,0,0,2,0,0,1,1,1,1,0,1,0,2,2,3,2,1,0,2,0,0,0,1
"06001406602",0,0,0,0,1,1,0,0,1,1,0,2,0,0,0,1,3,0,0,1,0,0,1,1,1,0,0
"06001406700",2,0,0,0,2,0,0,1,0,2,0,1,1,2,0,0,0,1,3,0,2,0,0,1,4,1,0
"06001406800",3,0,1,2,1,0,0,0,1,0,0,0,2,1,0,0,1,1,1,0,1,0,1,0,1,0,0
"06001406900",0,0,1,0,0,2,1,4,0,1,0,2,5,1,2,2,2,1,1,2,1,0,0,0,0,0,0
"06001407000",2,7,2,1,2,5,4,0,2,0,1,4,6,5,2,1,5,6,3,4,1,2,0,4,0,8,0
"06001407101",0,0,2,0,1,0,0,1,1,1,0,2,0,0,1,2,2,1,0,0,0,2,1,0,0,2,1
"06001407102",2,3,0,0,3,1,2,1,0,3,0,1,3,1,0,0,1,0,0,0,0,0,0,0,0,0,1
"06001407200",4,5,4,4,6,1,5,2,2,6,5,5,5,5,4,1,6,1,4,2,2,1,4,2,2,6,0
"06001407300",3,3,2,4,1,6,0,1,2,3,7,6,7,1,0,1,3,2,0,1,0,1,1,1,1,2,0
"06001407400",4,4,10,3,2,2,1,2,8,4,1,8,2,3,6,4,5,4,4,3,0,1,0,3,6,9,0
"06001407500",2,6,0,2,1,3,2,2,2,3,7,2,4,3,2,3,0,1,1,1,1,2,2,1,2,1,0
"06001407600",1,0,1,0,1,2,0,2,1,1,2,1,3,0,2,0,1,0,2,0,3,0,1,0,0,1,0
"06001407700",0,0,0,1,0,1,1,1,2,1,0,0,3,2,0,0,0,0,2,1,0,0,1,0,0,0,0
"06001407800",0,1,0,1,0,0,0,0,0,0,0,1,0,0,0,0,1,1,0,0,0,0,0,0,0,1,0
"06001407900",0,0,0,0,0,0,0,0,1,0,0,1,0,1,1,1,0,0,0,1,0,0,0,1,1,0,1
"06001408000",0,0,0,0,0,0,0,0,0,1,0,1,0,0,0,0,0,1,0,0,2,0,0,0,0,1,0
"06001408200",0,1,0,0,0,0,2,0,0,1,1,0,0,0,0,0,1,0,0,3,0,0,0,0,0,0,0
"06001408300",0,1,0,2,0,2,2,2,1,3,2,1,2,2,0,1,0,2,1,5,0,1,7,1,0,0,0
"06001408400",3,3,4,3,1,1,0,3,1,2,2,2,0,3,4,0,6,1,3,0,0,0,0,1,3,3,2
"06001408500",1,1,1,2,1,0,1,0,0,2,0,1,3,1,0,0,1,2,1,0,1,0,0,0,2,0,0
"06001408600",2,2,2,2,2,1,1,2,5,4,5,1,6,3,5,5,3,6,8,1,0,1,4,1,2,2,1
"06001408700",7,2,5,7,3,2,1,6,1,1,5,3,3,5,6,5,6,5,1,3,0,0,2,5,2,4,0
"06001408800",2,0,0,2,0,1,1,2,2,1,1,3,2,1,2,0,1,0,3,1,1,1,2,1,0,0,0
"06001408900",0,3,3,1,1,1,0,0,1,1,2,1,0,0,0,1,0,0,1,2,1,0,0,0,0,0,0
"06001409000",0,3,2,1,3,4,5,4,8,10,10,5,7,7,6,3,4,10,10,6,9,9,9,4,7,6,5
"06001409200",0,0,0,0,0,0,0,0,0,0,0,1,1,0,0,0,0,0,1,0,0,0,0,0,0,1,0
"06001409300",1,0,3,0,2,1,0,3,5,4,2,3,2,4,1,4,3,2,1,0,2,0,4,1,0,3,0
"06001409400",3,3,3,0,1,0,3,1,3,3,0,3,3,6,5,2,1,0,1,1,1,1,2,3,1,4,2
"06001409500",1,2,3,2,2,1,1,1,0,1,3,1,0,0,5,1,0,3,3,4,2,0,2,0,2,2,1
"06001409600",1,1,2,2,0,0,0,0,1,0,1,1,6,2,0,2,4,1,0,2,1,1,1,2,1,2,3
"06001409700",1,0,1,0,0,0,0,0,0,0,1,2,0,0,1,0,1,0,1,1,1,0,0,0,0,1,0
"06001409800",2,1,2,0,0,1,3,0,0,0,1,0,0,2,1,1,0,1,1,1,0,0,0,1,1,1,0
"06001409900",0,0,1,0,1,0,0,0,0,0,2,0,0,0,2,1,0,0,0,0,0,0,0,1,1,1,0
"06001410000",0,0,0,0,0,0,0,0,0,0,0,0,0,0,0,0,0,0,0,1,0,0,0,0,0,0,0
"06001410100",0,2,1,3,1,0,2,1,2,5,1,1,2,2,5,4,3,2,3,1,1,3,1,1,1,1,0
"06001410200",4,3,1,1,4,0,0,1,0,0,2,3,7,1,5,1,4,4,3,0,4,4,2,0,1,3,2
"06001410300",3,1,1,1,1,0,1,0,2,2,2,1,1,2,1,4,0,1,2,2,0,1,0,0,2,0,0
"06001410400",0,2,4,1,1,0,0,0,0,2,1,1,3,0,3,1,0,1,0,1,0,0,0,0,0,0,0
"06001410500",0,0,0,0,0,0,0,0,0,1,1,0,0,2,0,0,0,0,0,0,0,0,1,0,0,0,1
"06001420100",1,0,0,0,0,0,1,1,1,2,2,1,2,0,1,0,0,0,0,1,2,1,0,1,0,1,0
"06001420200",0,3,0,0,1,2,1,3,2,3,8,5,2,1,2,2,5,9,1,0,1,0,6,3,1,1,1
"06001420300",6,3,4,0,2,1,2,5,1,1,1,4,1,5,2,0,5,3,2,4,1,1,1,3,0,1,0
"06001420400",0,0,0,0,0,0,0,0,0,0,1,0,0,0,0,0,0,1,0,0,0,0,0,0,0,0,0
"06001420500",1,1,0,0,1,1,1,1,1,1,4,1,5,0,1,0,0,1,1,1,0,1,0,4,0,4,4
"06001420600",2,2,1,0,1,4,0,0,1,0,3,1,0,2,1,3,3,3,0,1,0,1,0,0,2,1,0
"06001421300",4,0,1,1,1,3,6,2,3,3,2,4,1,3,2,1,2,5,2,3,0,0,3,0,0,5,0
"06001421400",0,0,0,0,0,0,0,0,0,0,0,0,0,0,0,0,0,0,0,1,0,0,0,0,0,0,0
"06001421700",2,0,0,0,0,0,1,0,0,0,0,1,0,1,1,0,1,0,0,0,1,1,0,1,4,0,0
"06001421800",0,1,0,1,0,0,0,0,0,0,0,0,1,0,0,0,0,0,0,0,0,0,0,0,0,0,0
"06001421900",1,2,0,0,3,0,3,0,1,0,1,2,1,1,0,3,1,1,1,0,1,0,0,0,0,0,1
"06001422000",7,8,10,5,10,6,7,5,9,11,11,14,27,5,4,4,7,15,22,18,10,3,5,13,23,10,1
"06001422100",5,0,0,1,2,1,1,0,0,0,3,2,3,0,0,1,5,2,0,0,4,2,6,0,1,3,0
"06001422200",0,0,1,2,1,2,0,1,1,2,3,2,2,0,2,0,2,7,2,2,0,1,2,0,0,2,1
"06001422300",2,1,1,1,1,1,0,1,1,4,1,1,1,1,2,0,4,4,2,6,3,1,2,3,4,5,1
"06001422400",3,0,0,0,4,2,2,1,3,2,4,3,0,0,3,3,1,3,2,2,0,2,0,1,2,3,0
"06001422500",0,0,0,0,0,0,0,0,0,0,0,0,0,1,0,0,0,0,0,0,0,0,0,0,0,0,0
"06001422700",0,0,0,0,0,0,0,0,0,0,0,0,0,0,1,0,0,0,0,0,0,0,0,0,0,0,0
"06001422800",2,3,2,4,2,1,0,1,1,3,0,3,2,0,1,3,2,1,1,6,1,2,2,2,4,2,0
"06001422900",1,4,3,0,4,2,5,2,3,9,11,8,5,0,2,3,1,3,5,4,3,3,1,3,5,2,0
"06001423000",0,1,1,2,1,0,2,0,3,0,5,1,2,1,3,0,2,1,5,1,4,0,2,3,4,7,1
"06001423100",0,1,1,2,1,2,1,1,0,4,2,1,0,1,3,4,3,1,3,3,1,1,1,0,0,1,0
"06001423200",2,2,1,3,0,2,1,4,0,1,0,1,0,5,2,1,1,2,0,1,0,1,0,0,0,2,2
"06001423300",2,1,0,0,3,0,0,0,3,4,1,2,3,0,1,2,3,5,2,3,1,1,0,2,3,1,0
"06001423400",1,2,1,2,1,0,2,0,1,0,0,1,1,0,0,0,0,1,0,0,0,0,0,0,1,1,0
"06001423500",2,2,4,4,7,1,5,1,7,8,3,3,3,4,1,1,3,4,10,2,2,2,0,2,2,1,2
"06001423601",1,1,2,2,0,0,3,1,1,3,5,2,1,1,1,0,2,6,4,0,0,0,0,0,0,3,2
"06001423602",0,1,1,1,1,0,1,4,1,0,1,2,0,1,1,4,6,3,0,3,0,1,1,0,0,0,0
"06001423700",0,0,0,0,0,0,0,0,0,0,0,1,0,0,0,1,0,0,0,0,0,0,1,0,1,0,0
"06001423800",0,0,0,0,0,0,1,0,0,0,0,0,2,0,0,0,5,0,0,1,2,1,0,0,0,0,0
"06001423901",3,2,1,3,2,0,1,0,0,1,2,1,3,4,3,3,3,2,2,4,0,1,1,3,2,0,1
"06001423902",1,1,0,0,1,1,1,0,0,0,1,4,3,5,2,2,2,0,3,1,0,1,0,1,0,0,1
"06001424001",4,2,0,1,1,1,1,5,4,4,4,2,3,2,4,1,1,2,2,2,3,2,1,1,1,3,2
"06001424002",0,0,0,1,2,0,0,1,0,1,1,1,0,0,0,0,0,1,1,1,0,0,0,0,0,2,1
"06001425101",0,0,0,0,0,1,0,0,0,0,1,0,1,0,0,1,0,2,0,3,0,0,7,0,2,0,0
"06001425102",0,1,2,1,0,1,4,0,1,0,0,1,1,0,0,1,0,0,0,0,1,1,0,2,1,0,0
"06001425103",2,0,1,0,2,4,1,2,1,2,0,1,7,1,1,3,0,2,0,7,2,2,0,8,1,0,4
"06001425104",3,7,0,2,2,1,1,4,0,6,3,6,0,6,4,1,2,6,3,5,6,6,7,8,8,2,3
"06001426100",0,0,0,0,0,0,0,0,0,0,0,0,0,0,1,0,0,0,0,0,0,0,0,0,0,0,0
"06001426200",0,0,0,0,0,0,0,0,1,0,0,0,0,1,0,0,0,0,0,0,0,1,0,1,0,0,0
"06001427100",0,1,0,0,0,0,2,0,1,1,0,1,2,2,1,0,3,1,4,3,0,0,2,5,0,0,0
"06001427200",0,0,1,0,0,0,3,0,3,2,2,4,1,2,4,0,3,5,5,0,0,4,1,1,2,1,1
"06001427300",0,1,3,4,0,0,3,0,0,0,2,2,1,4,0,2,2,1,4,5,1,0,4,0,1,0,0
"06001427600",1,1,1,0,0,0,0,0,2,0,0,3,1,0,0,1,0,1,0,0,0,0,0,0,0,1,0
"06001427700",2,0,2,0,1,0,2,0,1,2,0,2,0,1,1,1,3,2,1,2,0,0,0,1,1,1,0
"06001427800",1,0,0,0,3,1,2,1,0,3,3,0,1,1,0,1,8,0,4,0,5,1,1,1,0,0,0
"06001427900",0,1,0,0,1,1,3,2,0,0,0,0,2,0,3,2,1,0,2,0,0,1,0,1,0,1,0
"06001428000",3,2,5,0,3,1,4,1,3,4,3,1,4,4,2,3,4,7,4,5,3,1,2,1,1,1,0
"06001428100",3,4,3,0,1,2,2,1,4,4,3,9,4,3,5,1,3,3,1,0,4,0,2,6,3,1,0
"06001428200",0,1,0,0,0,0,0,1,2,1,0,0,2,0,0,1,0,0,1,1,0,0,0,2,0,1,0
"06001428301",0,0,0,0,1,0,0,0,2,1,3,1,0,5,0,0,0,10,6,11,3,13,3,3,11,3,2
"06001428302",2,2,1,0,2,3,0,1,3,1,0,0,0,0,2,0,1,0,0,0,0,3,4,0,0,0,0
"06001428400",1,3,0,0,1,1,2,0,0,0,2,2,3,2,4,3,3,0,0,0,0,0,1,0,0,1,0
"06001428500",0,0,0,0,1,0,0,0,0,0,1,0,0,0,0,0,1,0,0,1,0,0,0,0,0,0,0
"06001428600",0,1,0,0,1,0,2,0,0,2,0,2,0,0,0,0,0,1,1,0,0,0,0,0,0,0,0
"06001428700",0,0,1,0,1,0,0,5,0,0,0,0,0,0,0,0,0,30,0,0,0,3,1,0,1,5,0
"06001430101",0,0,1,0,0,0,0,0,1,0,0,0,0,0,0,0,1,1,0,0,0,0,0,0,0,0,0
"06001430102",0,0,1,0,0,0,0,0,0,0,0,0,0,0,0,0,0,0,1,0,1,0,0,0,0,0,0
"06001430200",0,0,0,0,0,0,0,0,0,0,0,0,0,0,1,0,0,0,0,0,1,0,0,0,0,0,0
"06001430500",0,1,0,1,1,0,0,2,2,1,0,1,1,3,1,0,0,1,1,0,1,0,0,2,1,1,1
"06001430600",0,0,0,0,0,0,1,0,0,0,0,0,0,0,1,0,0,5,0,1,0,0,0,4,0,0,0
"06001430700",0,0,0,0,0,0,0,0,0,0,0,0,0,0,1,0,0,0,0,1,0,0,0,0,0,0,0
"06001430800",1,4,0,2,1,1,1,2,0,1,0,7,1,1,1,0,0,0,4,2,1,1,0,0,2,0,0
"06001430900",1,5,3,2,1,1,3,5,1,8,3,5,5,4,5,1,8,6,4,6,1,0,4,2,3,4,0
"06001431000",1,5,6,0,2,4,2,2,5,1,1,0,2,4,3,1,3,4,4,3,2,3,1,2,2,2,1
"06001431100",1,0,2,0,0,0,2,1,0,0,3,0,1,1,1,0,1,0,1,1,0,1,1,0,0,0,0
"06001431200",0,1,1,2,0,1,2,1,3,5,1,1,4,5,2,2,2,0,3,2,3,0,1,0,0,0,2
"06001432100",1,1,2,2,0,1,0,1,5,3,1,4,3,2,11,1,9,3,2,3,1,1,1,1,1,2,0
"06001432200",1,2,3,1,4,4,3,1,1,2,5,2,2,5,0,4,2,2,0,1,0,1,2,2,4,2,2
"06001432300",2,3,3,0,1,1,0,0,4,0,2,2,2,1,3,2,1,0,2,0,2,0,1,1,0,0,0
"06001432400",3,2,1,0,1,0,3,2,1,2,4,1,5,1,3,3,1,7,2,0,2,2,1,2,0,1,1
"06001432501",0,3,0,1,0,1,0,0,1,8,0,1,2,3,2,3,1,2,2,1,1,0,1,0,0,2,1
"06001432502",0,1,2,0,0,0,0,0,0,0,1,0,0,0,0,2,0,0,0,0,0,0,0,0,0,0,0
"06001432600",3,9,7,6,5,9,12,6,7,15,13,8,18,12,12,10,14,12,17,10,6,7,11,4,4,5,10
"06001432700",2,0,0,1,0,0,1,0,1,0,1,3,3,3,0,0,2,0,1,0,2,0,0,0,0,0,1
"06001432800",0,1,0,0,1,0,1,0,0,0,1,0,0,0,0,0,0,0,0,0,0,0,0,0,0,0,0
"06001433000",0,0,0,0,0,0,0,0,0,0,0,2,0,0,0,0,0,0,0,0,0,0,2,0,0,0,0
"06001433102",1,1,1,0,1,1,0,2,5,0,4,2,2,4,3,1,2,1,2,12,1,0,1,2,1,1,1
"06001433103",1,0,0,1,0,0,0,3,0,0,1,2,3,2,1,3,1,1,1,2,1,0,1,0,6,0,0
"06001433104",2,0,0,1,6,1,0,0,3,3,1,3,1,2,0,1,1,7,3,0,0,0,0,1,2,2,0
"06001433200",0,1,4,2,2,0,1,1,1,2,1,1,1,3,3,2,4,0,2,1,1,0,2,0,1,3,0
"06001433300",1,1,0,0,0,0,0,0,0,1,0,1,0,0,0,0,1,0,0,0,0,0,0,0,0,0,0
"06001433400",0,0,1,2,2,1,0,1,0,0,2,1,0,0,0,1,1,0,4,1,5,2,3,0,0,0,0
"06001433500",0,1,0,0,1,1,0,0,0,0,0,1,0,0,0,0,0,0,1,0,0,0,0,0,0,0,0
"06001433600",1,1,1,2,0,1,2,1,0,0,3,1,0,9,0,0,1,0,1,1,2,0,0,1,0,1,0
"06001433700",2,2,2,1,2,2,1,3,2,4,7,4,1,4,3,3,3,4,1,1,1,1,0,0,1,7,1
"06001433800",3,1,5,3,4,3,3,4,1,2,2,1,3,4,4,2,2,1,5,1,0,2,2,2,6,2,0
"06001433900",1,2,0,0,1,1,2,1,2,1,3,2,1,1,1,1,1,0,3,2,1,1,4,2,0,1,0
"06001434000",2,2,2,0,5,3,4,1,1,0,0,4,2,1,2,2,2,2,3,2,5,1,0,2,0,1,0
"06001435102",0,0,0,0,0,0,0,0,0,0,0,0,1,0,0,0,0,0,0,0,0,0,0,0,0,0,0
"06001435103",0,0,0,0,0,0,0,0,0,0,0,0,0,0,0,0,0,0,0,0,0,1,0,0,0,0,0
"06001435104",1,3,0,1,1,0,3,0,0,0,4,4,0,0,2,1,2,0,1,0,3,0,2,1,1,1,0
"06001435200",0,0,0,0,0,0,0,0,1,0,0,0,0,1,0,0,0,0,0,1,0,0,0,0,0,0,0
"06001435300",4,5,2,0,0,1,1,0,2,0,3,1,3,0,1,3,1,3,3,2,1,3,0,1,3,3,1
"06001435400",6,15,10,10,3,9,11,6,13,14,16,17,21,11,21,14,11,15,7,7,6,5,5,11,7,3,6
"06001435500",4,3,5,3,4,2,5,5,5,1,10,11,6,7,4,4,11,7,7,3,2,3,1,3,4,3,1
"06001435601",2,0,1,3,0,1,1,1,0,0,0,1,1,2,1,4,3,6,1,0,0,2,1,5,1,0,1
"06001435602",1,0,0,0,1,1,0,0,1,3,8,1,1,0,3,1,1,1,0,1,0,0,0,0,0,0,0
"06001435700",0,0,0,0,0,0,0,0,0,0,0,0,0,0,0,0,0,0,1,0,0,0,0,0,0,0,0
"06001435800",0,0,0,0,0,0,0,0,0,0,0,0,0,0,0,0,0,0,0,0,0,0,0,0,2,0,1
"06001435900",0,0,1,0,0,1,1,0,0,0,0,0,0,0,0,0,1,0,0,0,0,0,0,0,0,0,0
"06001436000",1,0,0,0,0,0,0,1,0,0,1,0,0,0,0,1,1,0,1,0,0,0,0,0,2,0,0
"06001436100",0,1,0,0,0,0,5,2,1,2,0,4,0,1,0,0,0,2,0,0,0,0,0,0,0,4,0
"06001436200",1,0,6,1,0,1,2,1,3,1,2,3,1,0,2,0,0,3,1,6,2,0,1,1,0,0,0
"06001436300",2,1,2,2,1,0,2,3,5,3,3,6,6,9,4,2,0,5,5,1,1,2,2,3,3,2,3
"06001436401",1,1,0,0,0,0,0,1,2,1,1,2,5,2,1,1,3,1,4,1,1,2,0,0,5,0,0
"06001436402",0,0,0,0,0,0,0,0,0,1,0,0,0,0,0,0,0,0,0,0,0,1,0,0,0,0,0
"06001436500",3,2,1,2,0,1,5,3,2,3,6,14,1,2,3,4,5,3,5,2,10,1,3,2,4,2,2
"06001436601",0,2,2,1,0,1,1,2,0,1,0,3,1,2,3,0,0,1,2,0,0,0,0,1,1,1,0
"06001436602",0,2,0,1,0,0,3,2,0,0,5,0,0,0,2,2,1,0,0,1,5,1,1,2,0,1,0
"06001436700",0,1,0,0,0,0,0,0,0,0,0,0,0,1,0,1,0,1,0,0,0,2,0,0,0,0,0
"06001436800",0,1,0,0,0,1,2,1,0,0,0,7,0,0,2,0,0,0,0,0,0,0,0,0,0,0,0
"06001436900",2,2,0,1,0,0,0,1,0,2,1,0,0,0,0,0,2,0,1,0,1,0,3,0,1,0,0
"06001437000",0,1,0,1,0,0,0,0,1,0,1,0,2,0,5,1,3,1,0,1,1,0,0,0,0,1,0
"06001437101",4,3,3,1,1,2,3,2,4,9,2,3,1,0,0,3,2,6,7,3,1,1,3,4,0,2,1
"06001437102",1,0,0,0,0,0,0,0,1,0,0,0,0,1,0,0,2,0,0,0,1,1,0,0,0,0,0
"06001437200",1,0,0,1,1,0,0,0,1,1,0,2,1,0,0,1,0,0,3,0,0,1,0,0,1,0,0
"06001437300",1,0,0,1,0,0,4,0,0,0,1,1,0,0,0,1,1,0,0,2,0,0,1,1,0,0,0
"06001437400",0,0,2,1,1,0,0,0,1,1,0,0,1,0,0,1,2,0,0,0,0,0,0,0,0,0,0
"06001437500",0,0,0,0,0,0,0,0,0,0,0,0,0,0,1,0,0,0,0,0,0,0,1,1,0,0,0
"06001437600",2,2,0,2,2,0,3,1,0,1,3,1,1,1,0,1,2,0,1,3,1,2,0,0,1,0,0
"06001437701",0,0,1,0,0,0,4,0,0,0,1,0,2,1,1,0,1,0,0,0,1,0,1,0,0,1,0
"06001437702",0,0,0,0,0,0,0,0,0,0,0,0,0,0,0,0,0,0,0,1,0,0,0,0,2,0,0
"06001437800",0,0,1,0,0,0,0,0,0,0,0,0,0,0,0,0,0,0,0,0,0,0,0,0,0,0,0
"06001437900",2,0,1,2,0,1,0,0,2,0,0,2,2,1,3,1,4,2,1,0,1,0,1,0,3,0,1
"06001438000",2,0,0,1,2,0,1,0,0,0,0,0,0,0,3,1,0,1,1,0,0,0,5,0,0,0,0
"06001438100",1,0,1,0,1,0,0,0,0,0,0,0,1,1,0,0,0,0,3,7,3,1,0,0,2,1,4
"06001438201",0,0,1,0,0,0,0,0,0,0,0,0,0,0,0,0,0,0,0,1,0,0,0,0,0,0,0
"06001438203",2,1,1,1,0,3,1,0,0,1,3,0,3,3,0,4,2,1,1,1,3,2,0,3,2,5,1
"06001438204",0,0,4,1,0,1,2,0,0,1,3,0,0,0,1,0,2,0,0,0,0,0,0,0,0,0,1
"06001438300",1,1,0,0,0,0,2,0,0,0,0,0,0,0,0,0,0,1,0,0,1,0,0,0,0,0,0
"06001438400",0,0,0,0,0,0,0,0,0,1,0,0,1,0,0,1,1,0,1,0,1,0,0,0,0,0,1
"06001440100",0,0,0,0,0,0,0,0,0,0,0,0,0,0,0,0,1,0,0,0,0,0,0,0,0,0,0
"06001440200",0,2,0,0,0,0,1,2,0,0,0,0,0,1,1,2,0,1,1,1,0,0,1,0,0,0,0
"06001440301",3,0,3,0,3,0,3,0,1,0,1,0,2,0,1,0,1,0,3,1,0,0,0,0,0,2,0
"06001440304",0,0,0,0,1,0,0,0,0,0,1,0,0,0,0,0,0,2,1,1,0,0,0,1,2,0,1
"06001440305",1,0,0,0,0,0,0,1,0,2,0,0,1,2,1,1,0,1,0,0,0,0,0,0,0,2,1
"06001440306",1,2,0,1,0,0,0,0,0,1,2,2,0,0,0,0,2,0,0,0,0,0,0,0,0,0,0
"06001440307",2,1,0,0,2,0,4,0,3,0,1,0,2,1,1,1,1,0,2,0,0,0,0,0,0,0,0
"06001440308",0,0,0,0,0,1,0,1,0,3,0,1,1,0,1,1,0,0,2,0,1,0,2,0,0,0,2
"06001440331",1,1,1,2,2,0,2,2,0,5,3,2,0,1,0,0,2,2,0,0,0,1,0,1,1,1,1
"06001440333",0,0,0,0,0,1,0,0,0,6,2,5,2,0,0,1,0,1,2,0,0,0,4,0,0,0,0
"06001440334",2,0,0,0,0,0,1,0,0,1,1,1,1,1,0,3,0,1,1,0,0,1,1,1,0,0,0
"06001440335",0,2,0,0,1,0,0,1,0,0,0,1,3,2,1,1,0,0,0,0,0,1,0,0,0,0,0
"06001440336",0,0,0,0,0,0,1,0,0,1,1,1,2,2,0,1,0,1,1,0,1,0,0,0,0,0,0
"06001441100",0,0,1,2,1,0,3,0,0,0,0,0,0,0,0,1,3,3,0,0,1,0,0,0,0,1,0
"06001441200",2,2,0,1,3,1,2,1,1,0,2,0,2,3,2,1,0,1,2,1,1,0,2,0,0,3,0
"06001441302",1,0,0,0,0,1,0,0,0,4,1,2,3,2,0,1,0,0,0,0,0,0,0,0,0,0,0
"06001441401",0,1,0,0,1,0,0,1,0,1,0,1,0,0,0,0,1,0,0,0,1,0,2,0,0,0,0
"06001441402",0,0,0,0,0,0,0,0,0,0,0,0,0,0,0,0,0,0,0,0,0,0,0,0,0,1,0
"06001441503",3,0,2,2,3,5,6,2,7,12,6,12,5,3,3,5,12,18,4,4,4,35,18,20,17,5,6
"06001441521",0,1,0,2,0,1,2,0,1,0,2,0,0,0,0,1,0,0,0,0,0,0,0,0,2,0,0
"06001441522",0,0,0,0,0,0,0,0,0,0,1,0,0,0,0,0,0,0,0,0,0,0,0,0,0,0,0
"06001441524",0,0,1,1,0,0,0,0,0,2,3,0,0,0,0,0,0,0,0,0,0,0,0,0,2,0,0
"06001441601",1,1,0,0,0,0,0,2,0,0,0,0,0,0,0,0,0,0,1,0,0,0,0,0,0,0,0
"06001441602",1,0,0,0,1,0,0,0,0,0,0,0,1,0,2,1,1,0,1,1,0,0,1,0,0,1,0
"06001441700",3,4,4,4,0,5,3,6,2,7,5,7,9,4,5,7,2,2,3,2,4,0,1,1,1,4,1
"06001441800",2,4,3,0,4,3,2,0,0,2,3,0,0,5,0,1,1,1,0,0,0,0,0,0,7,2,2
"06001441921",0,0,0,0,0,0,1,0,0,0,0,0,0,0,0,0,0,0,0,0,0,0,0,0,0,0,0
"06001441923",6,3,3,1,6,2,7,5,9,5,11,4,2,1,4,2,3,4,4,1,3,4,2,3,1,4,0
"06001441924",0,1,0,0,1,0,1,1,0,0,2,1,1,0,0,0,0,0,0,0,2,0,0,0,0,0,2
"06001441925",0,1,1,1,0,1,0,1,1,1,2,0,0,1,1,1,3,1,1,1,1,0,0,0,0,0,0
"06001441927",0,0,1,0,1,0,0,1,0,3,4,0,2,2,2,0,0,0,0,1,1,0,0,0,0,0,0
"06001442000",0,0,0,0,1,0,0,0,0,0,0,2,0,0,0,1,0,0,0,0,1,0,0,0,0,0,0
"06001442100",0,0,0,0,0,0,0,0,0,0,0,0,1,0,0,0,0,0,0,0,0,0,0,0,0,0,0
"06001442200",0,0,2,0,0,0,0,1,0,0,1,0,1,1,0,0,0,0,0,5,1,1,0,1,0,0,3
"06001442301",1,0,2,3,2,0,2,1,0,1,3,1,1,1,3,1,2,4,2,2,0,2,0,0,1,0,0
"06001442302",1,2,0,0,2,0,3,1,0,3,3,2,2,2,2,0,1,5,2,4,2,0,2,2,1,1,3
"06001442400",2,0,0,0,1,0,0,0,1,1,1,1,0,1,1,2,0,0,2,2,0,0,0,0,0,0,0
"06001442500",0,0,0,0,0,1,0,0,0,0,1,1,0,0,0,0,0,0,0,0,0,0,0,0,0,0,0
"06001442601",0,1,0,0,0,1,0,0,0,2,2,2,1,0,0,0,1,1,0,0,0,0,0,0,0,0,2
"06001442602",0,0,2,0,0,0,2,0,0,2,0,0,0,0,0,2,0,0,0,2,0,1,0,0,0,0,0
"06001442700",0,0,0,0,1,0,0,1,0,0,3,1,2,0,0,0,2,0,0,1,0,0,0,0,0,0,0
"06001442800",0,0,0,0,0,0,0,0,0,0,0,0,0,0,0,0,1,0,0,1,0,0,0,0,3,1,0
"06001442900",0,0,0,0,0,0,0,0,0,0,0,0,0,0,0,0,0,0,0,0,1,0,2,1,0,0,0
"06001443001",0,0,0,0,0,0,0,0,0,2,0,0,0,0,1,1,0,0,1,0,0,0,0,0,0,0,0
"06001443002",0,0,0,0,0,0,0,0,0,0,1,0,0,0,0,1,2,0,1,1,3,2,0,0,0,0,0
"06001443103",0,0,0,0,0,0,0,0,1,0,1,0,1,0,0,0,0,0,0,1,0,0,0,0,1,1,0
"06001443104",2,1,1,0,0,1,0,0,2,1,0,2,4,0,2,1,2,2,2,2,0,1,1,7,0,0,0
"06001443105",0,0,0,0,0,0,0,0,3,1,0,0,0,0,0,0,0,0,0,0,1,0,0,0,0,0,0
"06001443321",2,1,1,0,0,0,1,1,0,0,0,0,0,0,0,0,0,0,0,0,1,0,0,0,0,0,0
"06001443322",1,0,0,1,0,1,1,0,0,0,0,0,0,0,0,0,0,0,0,0,0,0,0,0,0,0,0
"06001444100",0,1,0,0,0,0,0,0,0,1,1,2,0,4,0,0,0,0,0,1,0,0,2,1,0,0,2
"06001444200",0,4,0,1,0,0,2,0,1,0,2,0,3,0,6,0,10,1,2,4,3,1,0,3,7,0,0
"06001444301",0,0,0,0,0,0,0,0,0,0,0,1,0,0,0,0,2,1,0,0,0,0,3,0,2,0,0
"06001444302",0,0,0,0,0,0,0,1,1,0,0,3,0,0,0,1,0,0,0,2,1,0,0,0,1,1,0
"06001444400",4,1,1,0,0,2,0,3,1,0,0,2,1,3,0,0,0,2,1,0,1,0,0,1,1,2,0
"06001444500",1,1,2,2,1,0,3,2,1,4,2,4,3,1,1,1,1,1,2,2,4,1,2,0,1,0,0
"06001444601",0,3,3,0,0,0,0,0,1,1,0,0,1,1,0,1,0,4,1,2,0,0,1,4,1,1,2
"06001444602",0,0,0,0,11,4,9,3,3,5,7,5,1,0,0,1,4,8,0,1,2,0,0,2,4,1,6
"06001450101",0,0,0,0,0,0,0,0,0,0,1,1,1,7,1,0,5,1,0,4,3,0,6,8,0,1,0
"06001450102",0,0,0,0,0,0,0,0,0,0,1,0,0,0,1,0,0,0,0,0,0,0,0,0,3,0,0
"06001450300",5,2,0,1,1,2,2,1,2,7,1,3,3,1,2,2,4,0,2,1,5,1,5,2,3,4,2
"06001450400",5,2,1,1,1,3,1,0,4,0,8,6,1,0,1,2,3,2,4,5,2,0,2,2,4,5,0
"06001450501",1,0,0,0,1,0,0,0,0,1,0,0,0,1,0,0,0,1,0,0,0,0,0,0,1,0,1
"06001450502",0,0,0,0,0,0,0,0,1,0,1,0,0,0,0,0,0,0,0,0,0,1,0,0,0,0,0
"06001450601",0,0,0,0,0,1,2,0,0,0,1,2,0,2,1,0,3,2,2,0,0,0,2,2,2,0,0
"06001450602",0,1,1,1,2,0,0,1,4,2,0,2,1,0,0,0,1,1,0,5,0,0,5,0,1,0,0
"06001450603",0,1,0,1,2,0,1,1,6,3,0,6,0,3,2,4,0,6,1,1,3,0,2,1,2,2,0
"06001450604",0,0,2,0,0,0,8,0,0,0,14,0,0,0,0,0,2,0,0,0,0,0,0,0,0,1,0
"06001450605",0,1,0,0,1,0,0,1,3,0,4,1,1,0,0,0,0,0,1,1,0,0,1,2,2,0,0
"06001450607",3,3,8,3,0,3,6,4,4,11,7,6,9,8,3,1,3,16,10,1,9,4,13,63,9,4,2
"06001450701",0,1,1,0,1,0,0,0,3,5,0,0,0,1,0,3,1,0,5,1,1,0,1,1,2,0,0
"06001450741",1,0,0,0,1,1,1,0,1,0,1,0,2,1,1,0,2,0,1,0,0,1,0,0,0,0,0
"06001450742",0,0,0,0,0,0,0,0,0,0,0,0,0,0,0,0,1,1,0,0,0,0,0,0,0,0,0
"06001450743",1,0,1,1,1,0,1,1,3,0,5,1,1,6,0,1,3,13,24,4,5,5,20,10,23,5,2
"06001450744",1,0,0,2,1,2,0,2,2,3,0,3,3,3,0,0,0,0,0,0,0,0,1,0,1,0,0
"06001450745",2,1,1,2,3,1,2,2,0,0,0,1,0,0,0,1,0,1,0,0,1,2,2,0,0,0,0
"06001450746",0,0,1,6,1,1,1,0,1,0,3,0,3,0,2,0,0,6,11,4,4,0,7,9,9,1,2
"06001450750",0,0,0,0,0,0,0,0,0,0,0,0,0,0,0,0,0,0,0,0,0,0,1,0,0,0,0
"06001450751",0,0,0,0,0,0,0,0,0,0,0,0,0,0,0,0,0,0,1,0,0,0,0,0,0,0,0
"06001450752",0,0,0,0,1,0,1,0,2,0,1,0,4,1,0,0,1,2,3,2,2,0,3,3,2,1,1
"06001451101",2,1,1,0,0,0,0,1,0,3,0,4,4,0,0,0,10,2,3,5,3,0,2,2,1,1,1
"06001451102",0,0,0,0,0,0,0,0,0,1,0,0,0,0,0,0,0,0,1,0,0,0,1,1,0,0,0
"06001451201",0,0,0,0,0,0,0,0,0,1,0,1,3,1,1,1,0,0,3,2,0,1,0,0,2,1,0
"06001451300",0,1,1,1,1,1,0,1,1,8,10,1,0,0,7,7,8,0,1,0,0,0,0,1,3,1,0
"06001451401",0,2,1,0,0,0,1,1,0,0,2,1,0,0,1,0,3,2,3,6,0,0,1,1,1,2,0
"06001451403",0,0,1,1,0,1,1,0,1,1,1,0,0,1,0,0,0,0,0,0,0,0,0,0,0,0,0
"06001451404",0,1,2,2,1,0,0,3,2,2,3,2,5,3,3,0,1,3,3,0,0,0,1,0,1,0,1
"06001451501",0,0,1,0,0,0,0,0,0,1,0,22,0,1,0,0,0,0,0,1,3,0,0,2,1,1,0
"06001451503",1,0,2,0,0,0,1,0,1,0,6,0,2,1,0,1,1,7,4,0,0,0,0,0,7,4,1
"06001451504",0,1,1,0,2,0,1,0,2,1,0,0,2,3,0,1,2,0,5,1,2,1,1,2,1,1,1
"06001451506",0,0,0,0,0,0,0,0,0,0,0,0,0,0,0,0,0,0,1,0,0,0,0,0,0,0,0
"06001451601",3,3,3,3,3,4,0,2,6,1,3,7,2,2,1,6,3,6,3,8,3,2,1,4,1,1,2
"06001451602",6,2,9,4,5,2,7,1,4,4,3,5,2,6,2,3,4,8,2,3,2,0,1,3,6,5,0
"06001451704",1,0,0,0,0,0,0,1,0,0,0,0,0,0,0,0,0,0,0,0,0,0,0,2,0,3,0
"06001982000",0,0,0,0,0,0,0,0,0,0,0,1,0,0,1,0,0,0,0,0,2,0,2,0,0,0,1
"06001983200",0,0,0,4,2,5,9,11,3,1,2,2,1,6,0,5,2,3,1,6,3,2,4,5,3,2,1
"06013301000",3,4,1,1,0,1,2,3,4,0,3,1,4,0,3,1,4,2,11,1,3,0,1,13,17,1,2
"06013302005",0,3,1,0,1,0,1,1,1,2,5,0,0,1,2,5,5,4,1,1,1,2,2,1,0,1,0
"06013302007",0,1,0,1,2,0,1,1,1,1,2,3,4,8,4,2,5,2,1,0,0,1,0,3,2,0,0
"06013302008",0,1,2,0,0,0,0,0,2,1,1,1,0,1,0,0,1,1,0,0,0,0,0,0,0,0,1
"06013302009",0,0,0,0,0,0,0,0,0,0,0,0,0,0,0,1,4,1,2,0,0,0,0,0,1,0,2
"06013303102",5,1,1,1,3,5,2,0,1,3,3,0,0,3,2,1,5,9,3,1,4,0,0,3,1,4,0
"06013303103",9,12,1,1,5,3,2,5,6,3,7,10,7,5,4,3,6,5,2,1,2,1,2,2,10,5,10
"06013303201",0,0,0,0,2,0,0,2,0,0,0,0,0,0,0,0,0,3,1,2,1,1,0,0,0,0,0
"06013303202",0,0,1,0,0,1,1,0,0,0,0,0,0,0,0,0,0,0,0,0,0,8,0,0,1,0,0
"06013303203",0,0,0,0,0,0,0,0,0,0,0,0,0,0,1,0,1,4,0,2,4,0,4,0,1,0,0
"06013303204",2,0,0,0,0,0,0,0,0,2,0,0,1,0,0,1,0,4,1,1,0,1,1,1,0,1,1
"06013303205",0,0,0,0,0,0,0,0,0,0,0,0,2,0,0,0,4,1,2,0,0,1,0,0,0,1,1
"06013304001",0,0,0,0,0,0,0,0,0,0,0,0,0,0,0,1,0,0,1,0,0,0,0,0,0,0,4
"06013304002",1,0,0,0,1,0,0,0,0,0,0,0,2,0,0,1,0,1,0,0,0,0,0,0,1,1,1
"06013304003",0,0,0,0,0,0,0,1,0,0,0,0,0,0,0,0,0,0,0,0,0,0,0,0,0,0,0
"06013304004",0,0,0,0,0,0,0,0,0,0,0,0,0,0,0,0,0,0,0,0,1,0,0,0,0,0,0
"06013304005",1,0,0,0,0,0,0,0,0,0,0,0,0,0,0,0,0,0,0,0,0,0,0,1,0,0,0
"06013305000",5,17,3,4,3,3,5,5,6,6,2,8,13,6,8,7,9,16,5,10,3,1,2,9,12,7,4
"06013306002",3,1,0,0,0,0,0,2,1,3,2,1,2,1,0,2,1,5,0,1,0,0,1,0,0,0,0
"06013306003",3,3,4,1,2,0,0,1,5,1,0,2,3,3,3,8,6,3,3,2,2,2,3,2,7,2,2
"06013306004",2,0,0,0,1,1,2,0,2,1,0,0,3,3,2,1,4,2,0,1,1,0,1,2,1,1,0
"06013307101",0,2,0,0,0,2,1,0,1,0,1,1,1,0,0,0,2,0,0,0,0,0,0,0,1,0,0
"06013307102",1,0,0,1,1,0,0,0,0,0,1,1,0,0,1,0,1,0,0,1,0,0,1,1,1,1,0
"06013307201",0,1,0,1,0,0,0,0,1,2,0,0,0,0,0,1,1,2,0,1,1,0,0,0,1,2,0
"06013307202",0,1,1,0,0,1,0,0,0,1,0,0,2,0,0,0,0,0,1,0,1,1,0,0,0,2,0
"06013307204",1,1,0,0,0,0,0,0,0,0,0,1,0,0,0,0,0,0,0,0,0,0,0,0,0,1,0
"06013307205",0,4,0,0,0,0,1,3,3,2,2,7,2,1,1,5,1,0,0,1,1,0,0,0,2,11,2
"06013308001",1,0,1,7,1,1,2,1,0,0,5,0,2,3,3,5,7,3,7,6,1,1,3,1,1,3,0
"06013308002",0,1,0,0,0,0,1,0,0,0,1,1,1,0,1,0,1,0,2,0,0,0,0,3,0,0,0
"06013309000",5,2,3,1,3,0,1,0,3,3,2,1,4,2,4,1,3,8,8,0,1,1,0,0,2,1,0
"06013310000",0,3,0,1,4,0,2,2,2,5,2,2,5,2,5,3,8,1,0,3,1,2,0,3,1,2,0
"06013311000",0,0,5,0,0,0,0,1,0,0,0,0,1,0,1,1,1,0,4,0,1,0,0,0,0,0,0
"06013312000",0,1,0,1,0,1,0,0,0,1,0,1,0,0,2,1,0,1,0,1,1,0,0,0,1,0,0
"06013313101",1,3,2,2,2,0,2,0,2,2,1,2,3,3,4,1,7,4,5,0,2,1,5,2,3,1,0
"06013313102",0,0,0,0,0,0,1,0,0,1,1,0,1,0,1,0,2,3,0,2,2,0,0,0,1,0,0
"06013313103",0,0,0,1,0,0,0,0,0,0,0,0,0,0,0,0,0,1,0,0,0,0,0,0,0,0,0
"06013313204",1,2,1,0,0,0,0,0,0,0,0,0,5,0,0,1,1,0,0,0,0,0,0,0,0,2,0
"06013313206",0,0,0,1,0,0,1,0,0,1,1,0,0,1,0,0,0,0,2,0,3,0,0,1,1,1,0
"06013314102",0,0,0,0,0,0,0,0,0,0,0,0,0,1,0,1,0,0,0,0,0,0,0,0,0,0,0
"06013314103",0,1,0,2,0,0,0,0,1,0,0,5,0,0,2,1,0,0,0,1,0,1,0,0,1,1,0
"06013314104",1,0,5,0,0,2,1,1,16,5,4,0,3,3,3,2,2,3,0,1,4,0,0,0,3,2,1
"06013314200",0,0,0,3,0,0,0,1,2,0,0,0,0,1,0,0,0,2,1,0,0,1,0,0,0,0,0
"06013315000",0,0,0,0,0,0,1,0,2,0,0,0,0,0,0,0,0,0,3,2,0,2,1,1,0,1,0
"06013316000",3,2,8,3,6,2,1,5,3,3,3,6,1,2,2,5,2,7,5,3,0,4,4,0,1,3,2
"06013317000",2,0,1,1,0,0,2,0,3,1,1,0,1,2,1,1,0,0,0,0,0,1,2,1,0,0,0
"06013318000",2,4,0,2,1,2,0,1,1,1,1,0,3,3,2,2,3,1,0,0,2,0,1,0,0,1,1
"06013319000",5,2,0,1,2,0,0,1,0,1,2,0,4,3,4,0,2,6,0,4,3,0,1,0,2,2,2
"06013320001",2,1,4,2,2,5,2,1,3,3,1,0,0,1,0,2,2,0,0,1,1,0,1,0,0,1,1
"06013320003",0,1,1,0,0,0,0,0,1,0,2,0,1,0,0,0,0,0,0,0,0,0,0,1,0,1,0
"06013320004",0,1,1,5,3,2,0,1,1,4,4,0,0,2,1,4,2,1,0,1,0,1,1,0,0,0,1
"06013321101",0,0,0,0,0,0,0,0,0,1,0,0,2,3,1,0,0,3,0,0,0,0,0,1,0,0,0
"06013321102",0,0,0,1,0,0,0,0,0,0,0,0,0,0,0,0,0,0,0,0,0,0,0,0,0,0,0
"06013321103",0,1,4,0,0,0,2,0,0,0,0,1,1,1,0,1,0,0,1,0,0,0,0,0,0,0,1
"06013321200",2,1,1,1,1,0,2,0,3,1,1,0,9,0,5,1,3,3,1,2,1,1,2,2,3,5,0
"06013322000",1,1,1,1,0,0,0,0,2,0,2,2,0,0,0,1,1,2,2,0,0,2,0,2,1,1,0
"06013323000",0,0,1,0,0,0,0,0,1,0,1,1,0,0,1,1,2,2,0,0,1,1,3,1,0,0,0
"06013324001",2,0,1,0,0,3,0,3,0,0,1,1,4,1,0,0,1,4,3,0,0,0,1,3,3,0,1
"06013324002",2,2,1,3,5,1,0,0,1,1,3,2,0,9,1,4,2,1,3,2,1,2,12,1,0,1,0
"06013325000",2,6,1,1,0,0,2,1,0,0,2,2,1,0,1,1,6,0,0,2,0,0,1,0,1,0,0
"06013326000",0,0,0,0,0,0,0,0,0,0,0,0,1,0,1,0,1,0,1,0,0,0,2,0,0,1,0
"06013327000",1,1,2,4,3,2,4,2,1,3,9,5,2,2,7,1,2,5,1,8,2,1,5,8,2,3,5
"06013328000",8,6,4,10,0,1,2,5,7,5,9,8,7,8,6,5,7,13,2,12,6,3,5,8,7,5,3
"06013329000",0,1,1,2,0,0,1,1,0,2,0,2,1,2,3,3,1,1,3,2,3,2,0,5,2,0,0
"06013330000",2,0,1,0,0,2,1,2,0,1,0,1,2,0,1,0,2,4,0,1,0,0,0,0,0,0,1
"06013331000",2,2,1,3,0,1,3,1,1,1,4,2,4,8,1,3,1,6,1,4,2,1,1,1,0,2,1
"06013332000",1,1,0,0,0,0,0,0,0,0,0,0,0,0,0,1,0,1,0,0,0,0,0,0,0,1,0
"06013333101",3,1,3,0,0,1,1,0,0,1,1,2,2,0,4,1,0,1,2,1,0,0,0,2,1,0,0
"06013333102",1,1,0,0,0,0,0,0,1,0,0,0,0,0,0,0,0,1,1,0,0,0,0,0,0,0,0
"06013333200",0,0,0,0,0,0,0,0,0,0,1,1,1,0,1,0,0,0,0,0,0,0,0,0,0,0,2
"06013334001",0,0,0,0,0,1,0,0,2,0,1,0,1,0,0,0,0,5,0,0,0,0,1,1,0,0,0
"06013334004",1,2,0,0,2,1,3,0,2,0,2,3,1,3,2,0,4,4,3,0,1,2,1,1,0,2,0
"06013334006",0,1,0,0,0,0,1,0,0,0,0,0,0,0,0,0,0,1,0,0,1,0,0,0,0,0,0
"06013334200",2,3,1,3,1,0,1,0,0,1,2,2,2,2,2,1,1,2,0,1,0,0,2,2,0,1,0
"06013335000",0,1,0,2,1,1,0,0,2,3,2,0,1,1,0,1,2,1,1,1,3,2,0,3,1,0,0
"06013336101",1,1,0,0,0,0,0,0,1,3,1,3,1,2,2,4,0,5,4,1,0,0,1,0,2,1,0
"06013336102",3,2,0,0,1,0,1,0,0,0,3,1,0,0,0,0,0,1,0,0,2,0,0,1,0,0,0
"06013336201",0,0,0,0,0,0,0,0,0,0,0,0,0,0,0,0,2,0,0,0,0,0,0,0,0,0,0
"06013336202",0,0,1,3,2,1,2,0,0,1,4,0,2,0,1,0,3,2,0,1,2,0,0,2,1,1,0
"06013337200",1,0,1,0,1,1,2,0,1,0,1,1,3,0,0,3,4,0,1,0,0,1,1,0,2,0,0
"06013337300",0,0,0,0,0,1,0,0,0,0,0,0,0,3,0,0,3,1,0,1,1,0,0,0,0,0,0
"06013338101",2,1,0,1,0,1,1,0,1,1,0,2,0,2,2,0,1,1,3,0,2,0,3,1,1,0,0
"06013338102",0,0,0,0,0,1,0,0,0,0,0,0,0,0,0,0,0,0,0,0,0,0,0,0,1,0,0
"06013338201",1,0,1,0,0,0,2,0,2,0,6,0,2,12,1,0,4,3,0,2,1,1,1,1,1,1,2
"06013338203",2,5,0,0,0,1,0,0,0,0,0,0,0,1,0,0,0,1,0,0,0,0,0,0,0,1,0
"06013338204",0,0,0,0,0,0,0,0,0,0,0,0,0,0,0,0,0,1,0,0,0,0,0,0,0,0,0
"06013338301",2,0,0,1,0,0,0,0,0,0,2,0,1,0,2,0,1,0,0,1,0,0,0,0,1,0,0
"06013338302",0,0,0,0,0,0,0,0,0,0,0,0,0,0,0,0,0,3,0,0,0,0,1,0,0,0,0
"06013339001",4,2,3,3,2,1,7,4,3,2,7,3,3,2,0,1,2,3,2,4,4,1,0,1,4,6,1
"06013339002",7,11,9,6,14,8,10,10,10,8,13,14,7,3,12,7,7,4,10,11,13,6,6,5,5,9,2
"06013340001",3,2,1,0,2,0,0,1,8,2,1,4,4,0,2,3,6,1,1,3,3,3,0,0,1,3,0
"06013340002",0,1,1,0,1,0,1,0,0,0,0,1,1,0,0,0,0,0,0,0,0,1,0,0,0,1,0
"06013341000",3,1,1,1,1,0,0,0,0,0,0,0,2,0,5,2,3,0,0,1,2,0,0,2,1,0,1
"06013343001",3,1,2,0,0,0,0,0,0,1,0,8,0,3,1,0,0,3,2,0,0,0,2,1,0,0,1
"06013343002",1,0,0,1,1,0,1,0,0,1,0,1,2,0,1,1,0,0,0,1,1,0,0,1,0,0,0
"06013345101",0,1,0,1,0,0,2,0,1,0,1,0,0,0,0,0,0,0,0,6,0,0,0,0,0,6,0
"06013345103",0,0,0,0,1,1,0,0,0,0,0,0,0,0,0,1,0,0,0,0,2,0,0,0,0,0,0
"06013345105",0,0,1,1,0,0,0,2,0,0,0,1,0,0,0,0,1,1,1,2,2,1,0,1,2,0,0
"06013345108",1,5,0,3,0,1,0,5,1,6,0,0,0,0,0,0,6,14,0,0,0,0,1,14,14,0,0
"06013345111",1,1,0,0,1,0,0,0,0,0,0,0,0,0,0,1,1,0,1,0,0,0,0,0,0,0,0
"06013345113",1,0,0,0,1,0,1,3,0,1,0,0,0,0,0,0,0,0,0,0,0,0,0,0,0,0,0
"06013345115",0,0,0,0,0,0,0,1,0,2,0,0,0,1,0,0,0,0,0,0,0,0,0,0,0,0,0
"06013345116",0,0,0,0,0,0,0,0,1,0,2,0,0,0,0,0,1,0,0,0,0,0,0,0,0,0,0
"06013345202",3,2,2,0,3,2,4,7,5,6,2,1,4,1,3,7,4,6,3,4,2,0,8,4,3,4,5
"06013345203",6,6,16,3,4,4,6,10,8,13,7,11,5,7,8,1,8,7,8,3,8,2,3,5,2,5,2
"06013345204",2,2,0,0,0,0,0,0,0,0,4,0,0,0,1,0,0,1,0,1,1,0,0,1,0,1,0
"06013346101",0,1,0,0,0,0,0,0,0,0,0,0,0,0,0,0,0,0,0,0,0,0,0,0,0,0,0
"06013346102",0,0,0,0,0,1,0,0,0,0,0,0,0,0,0,0,0,0,0,0,0,0,0,0,0,0,0
"06013346201",0,0,0,0,0,0,1,0,1,0,0,0,1,1,0,1,0,0,0,0,0,0,0,0,0,0,0
"06013346203",0,0,0,0,1,1,1,0,0,0,0,0,0,0,0,0,0,0,0,0,0,0,1,0,0,0,0
"06013346204",0,0,0,0,0,0,4,1,0,3,0,0,0,0,0,0,1,0,1,0,0,0,0,0,0,0,0
"06013347000",3,0,0,1,0,0,0,0,0,0,0,1,0,0,0,0,1,0,0,0,2,0,0,0,0,0,0
"06013348000",0,0,0,0,0,0,0,0,0,0,0,1,0,0,0,0,0,0,0,0,0,0,1,0,0,0,0
"06013349000",7,6,3,7,1,1,7,5,7,2,3,6,3,2,6,3,2,3,10,2,3,3,1,4,2,4,1
"06013350000",11,3,4,3,2,0,7,7,6,2,3,8,14,2,4,7,8,6,5,5,4,2,0,3,2,2,2
"06013351102",0,0,0,0,0,0,0,2,0,0,0,0,0,0,0,0,0,0,0,0,0,0,0,0,0,0,0
"06013352101",0,0,1,0,1,0,0,0,0,0,0,0,2,0,0,0,0,0,0,0,0,0,0,1,1,0,0
"06013352102",1,0,0,0,0,0,0,1,0,0,0,0,1,0,1,0,0,1,1,0,0,0,1,0,0,1,0
"06013352201",0,0,0,0,1,0,0,0,1,14,1,0,0,0,1,0,0,0,15,1,0,0,0,1,0,0,1
"06013352202",1,0,1,0,0,1,1,0,0,2,0,0,1,2,0,1,0,2,3,0,0,0,1,0,3,1,0
"06013353001",1,0,0,0,0,0,0,0,0,0,0,0,2,1,0,1,0,0,0,0,0,0,0,0,0,0,0
"06013353002",1,1,2,0,1,0,1,0,2,0,0,0,1,0,0,0,1,0,0,0,4,0,1,1,0,3,0
"06013354002",1,0,1,0,0,1,0,0,2,0,0,0,1,0,1,0,1,0,0,0,1,0,0,0,0,0,0
"06013355108",0,0,0,0,0,0,0,0,0,0,0,1,0,4,1,0,0,1,3,0,0,0,0,0,0,0,0
"06013355109",0,0,0,0,0,0,0,0,0,0,0,0,0,0,0,0,0,1,0,0,0,0,1,0,1,1,0
"06013355110",0,0,0,0,0,0,0,0,0,0,0,1,1,3,2,1,4,1,1,0,1,0,0,0,1,0,0
"06013355111",0,1,0,0,0,0,1,0,0,0,0,0,0,0,0,1,0,0,0,0,0,1,0,0,0,0,0
"06013355112",1,1,1,2,0,0,0,1,0,1,0,0,0,0,0,0,0,0,0,0,0,0,0,0,0,0,0
"06013355113",1,1,0,0,0,0,9,1,0,1,1,1,0,0,60,0,0,0,2,0,0,1,0,0,0,0,0
"06013355114",1,0,0,0,0,0,1,2,0,1,0,1,0,0,0,0,0,0,0,0,0,2,0,0,0,0,0
"06013355115",0,0,0,0,0,0,0,0,0,0,0,0,0,0,0,0,0,0,0,0,0,0,0,0,1,0,0
"06013355200",1,0,0,0,0,0,0,0,0,0,0,0,0,0,0,0,0,0,0,0,0,0,0,0,0,0,0
"06013355301",0,0,0,0,0,0,0,0,0,0,0,1,0,0,0,0,1,0,0,0,0,0,0,0,0,0,0
"06013355304",0,0,0,0,1,0,0,0,2,1,0,0,0,0,1,1,0,0,1,0,0,0,0,0,0,0,1
"06013355306",3,0,0,1,0,0,0,0,1,1,0,1,1,2,0,0,0,0,1,1,0,0,1,0,0,0,0
"06013356002",0,1,1,0,0,0,1,0,0,0,0,0,0,1,0,0,0,0,0,0,0,0,0,0,0,0,0
"06013357000",0,3,3,1,2,1,2,0,0,3,1,1,3,4,5,1,2,4,5,2,2,1,2,2,5,5,2
"06013358000",1,4,2,4,4,2,0,6,4,2,1,1,8,5,1,8,2,5,10,2,3,1,0,4,2,1,3
"06013359102",4,4,2,0,1,0,3,1,1,0,3,0,2,1,2,1,1,6,2,9,1,0,1,2,1,0,0
"06013359103",10,0,0,0,3,3,1,0,4,0,0,1,0,3,0,3,0,1,2,3,6,3,1,3,0,5,0
"06013359104",0,0,0,0,0,1,0,0,0,0,0,0,0,0,0,0,0,0,0,0,0,0,1,0,1,1,0
"06013359202",2,0,0,1,0,0,1,0,0,0,0,0,1,0,2,1,1,0,0,0,0,0,0,0,0,0,0
"06013359203",0,1,0,0,0,0,3,1,0,0,2,0,0,0,0,0,0,1,0,0,1,0,0,1,0,1,0
"06013359204",0,0,0,0,1,0,0,0,0,0,0,0,0,0,0,0,0,0,1,0,0,0,0,0,0,1,0
"06013360101",0,0,0,2,1,1,1,0,1,0,2,0,3,1,2,0,2,0,0,1,1,0,1,0,0,2,0
"06013360200",1,0,0,1,1,1,0,0,0,0,2,0,0,1,3,1,0,1,0,0,1,0,0,0,1,0,0
"06013361000",1,0,1,0,1,0,0,0,1,0,0,0,0,0,1,1,1,1,1,3,0,1,0,0,1,1,0
"06013362000",0,0,0,0,0,0,0,0,0,0,1,0,0,0,0,0,0,0,0,0,0,0,0,0,0,0,0
"06013363000",3,2,1,3,1,2,3,3,0,1,4,2,4,1,3,4,6,3,3,1,2,3,0,3,9,2,3
"06013364002",1,0,0,0,0,0,0,0,0,0,1,2,1,0,0,0,1,0,1,0,0,0,0,0,0,0,0
"06013365002",1,0,3,0,0,0,0,0,0,0,1,0,2,1,0,0,0,0,0,0,2,0,0,0,0,1,0
"06013365003",0,3,1,2,1,0,0,1,1,2,0,1,4,0,2,4,3,2,3,1,0,0,0,3,2,1,0
"06013366001",0,1,0,0,0,0,0,2,0,0,0,0,2,2,0,0,1,1,0,1,0,0,0,0,0,0,0
"06013366002",4,0,0,6,1,0,0,0,0,2,2,1,1,2,0,0,3,0,1,2,0,0,0,0,0,0,1
"06013367100",1,1,0,0,0,0,1,0,0,0,0,1,0,0,1,0,0,0,0,0,0,0,0,0,0,0,0
"06013367200",4,3,1,2,0,1,1,4,1,4,0,4,2,1,2,4,9,0,2,2,2,0,2,0,1,9,2
"06013368001",5,5,4,1,1,1,1,4,1,1,2,3,8,2,4,0,4,0,3,4,1,1,1,0,0,2,1
"06013368002",2,3,1,1,1,3,3,1,3,1,0,2,0,2,5,1,2,3,1,3,1,0,0,0,2,6,2
"06013369001",5,3,5,12,8,7,3,12,0,1,5,5,4,4,17,15,12,1,3,0,9,2,1,1,2,2,0
"06013369002",0,1,1,0,2,0,0,2,1,0,1,1,1,2,2,0,0,0,2,0,1,1,1,2,1,1,0
"06013370000",3,0,4,0,0,3,1,0,0,4,0,1,6,3,6,6,1,3,5,0,1,0,8,4,0,0,1
"06013371000",1,0,7,2,1,5,3,5,1,0,3,0,5,2,3,5,10,4,3,3,4,0,1,2,10,2,2
"06013372000",3,1,1,2,1,2,4,0,0,0,3,2,7,4,2,2,8,2,2,1,0,0,2,2,3,1,0
"06013373000",0,2,5,4,1,1,3,2,2,1,0,1,1,10,3,2,2,6,1,1,1,1,1,1,0,0,1
"06013374000",6,4,0,1,0,0,0,3,5,2,8,8,9,3,8,2,7,2,6,4,5,2,6,2,2,2,0
"06013375000",6,5,3,1,5,0,4,1,6,6,0,3,17,5,2,5,0,2,2,2,3,0,5,2,0,1,1
"06013376000",0,2,5,0,1,1,1,0,0,0,0,0,2,0,0,3,0,5,0,0,6,0,2,4,0,1,0
"06013377000",5,2,3,3,1,7,0,2,2,6,2,3,2,1,6,8,6,5,4,8,2,3,4,1,4,7,3
"06013378000",3,5,2,1,3,0,1,0,1,5,2,2,2,5,4,1,4,3,5,2,1,2,2,5,3,1,5
"06013379000",5,1,3,1,2,0,3,2,1,2,0,11,2,4,1,0,2,2,2,2,1,0,2,4,0,4,2
"06013380000",0,0,0,1,0,0,0,0,0,2,1,3,3,0,3,1,3,3,0,1,0,0,0,1,4,1,0
"06013381000",5,9,5,4,7,4,4,3,4,5,2,7,5,12,1,5,13,4,0,3,1,2,0,4,0,4,2
"06013382000",0,1,0,1,0,2,0,1,3,1,0,2,2,1,0,2,1,0,0,2,0,0,0,2,0,2,1
"06013383000",6,0,3,2,1,3,1,2,1,3,2,1,6,2,5,4,1,1,3,2,4,1,1,0,1,4,1
"06013386000",4,0,1,2,1,1,3,2,2,1,0,3,4,1,1,0,2,1,1,2,6,0,0,9,5,1,1
"06013387000",1,0,0,0,2,0,0,0,0,0,0,0,1,1,0,3,0,0,0,0,1,0,0,0,0,0,0
"06013388000",1,1,0,1,0,0,1,0,1,0,1,0,2,1,0,0,0,0,4,0,0,0,0,1,1,3,2
"06013389100",1,2,0,2,2,3,2,0,2,0,0,0,5,2,0,1,3,3,1,2,0,0,3,0,0,1,0
"06013389200",0,1,0,0,1,0,0,0,0,0,1,1,3,0,0,0,4,0,0,1,1,0,0,0,0,1,0
"06013390200",0,0,0,0,0,0,0,1,0,0,0,0,0,1,0,0,0,0,0,0,0,0,0,0,0,0,0
"06013391000",0,0,0,0,0,0,1,0,1,0,0,0,0,0,0,0,0,1,0,0,0,0,0,0,1,0,1
"06013392000",0,0,0,0,0,0,0,0,1,0,0,0,1,0,0,0,0,0,0,0,0,0,0,0,0,0,0
"06013392200",0,1,0,0,0,0,0,0,0,0,0,0,0,1,0,0,2,1,1,1,0,0,0,0,0,1,2
"06013392300",0,0,0,0,0,0,0,0,0,0,0,0,0,1,0,0,1,0,3,0,0,2,0,0,0,0,0
"06013420200",0,0,0,0,0,0,0,0,0,0,0,0,0,0,0,0,0,0,0,0,0,0,0,0,0,0,1
"06041101100",0,1,1,1,0,1,0,0,1,2,0,0,0,0,1,1,1,0,1,0,0,0,0,3,0,1,0
"06041101200",0,0,0,0,2,1,3,2,1,1,0,1,0,0,0,0,2,3,0,0,0,2,1,1,1,1,0
"06041102100",0,0,0,0,1,0,0,0,1,0,3,1,0,1,0,1,1,0,0,0,2,0,1,0,0,0,0
"06041102202",0,0,1,0,0,0,0,0,0,1,2,0,0,1,0,0,0,0,1,0,2,3,0,0,0,0,0
"06041102203",0,4,5,6,2,3,6,3,4,1,16,5,5,6,4,2,6,8,3,4,7,1,6,4,11,3,2
"06041103100",0,0,0,0,0,0,0,0,0,0,0,0,0,2,0,0,1,0,0,0,0,0,1,0,0,0,0
"06041103200",0,3,2,4,0,0,1,2,1,0,4,3,0,0,0,2,18,9,2,4,2,3,2,0,0,2,0
"06041104101",0,0,0,0,0,0,1,0,3,1,2,1,1,1,0,0,2,3,2,2,0,0,1,0,0,0,1
"06041104102",0,2,3,1,2,0,3,2,0,0,1,1,2,1,0,2,0,3,0,1,2,0,2,0,1,3,2
"06041104200",0,0,0,0,0,1,0,1,0,1,0,0,0,0,1,0,0,0,0,1,1,0,0,0,1,0,1
"06041104300",0,2,0,0,0,0,4,0,0,1,3,1,2,1,1,1,0,0,2,1,3,0,1,0,0,1,0
"06041105000",0,0,0,1,4,1,1,2,5,6,10,10,3,1,0,0,16,5,3,8,2,0,2,1,0,2,2
"06041106001",0,7,5,2,1,0,3,1,1,1,4,2,3,5,5,1,2,2,0,4,1,2,4,3,0,5,0
"06041106002",0,2,0,0,0,0,0,0,0,2,0,0,1,0,1,0,2,0,0,0,0,0,0,0,0,0,0
"06041107000",0,1,0,0,0,0,0,0,0,0,0,1,0,0,1,0,0,1,0,0,0,0,0,0,0,0,0
"06041108100",0,0,0,0,0,0,1,1,0,1,4,1,2,0,0,0,1,6,1,2,0,5,0,1,0,0,0
"06041108200",0,3,0,0,0,1,0,0,3,2,3,3,3,2,3,5,4,0,0,0,2,4,1,1,0,0,1
"06041109001",0,2,1,0,2,1,4,2,2,2,2,0,1,0,1,0,2,4,0,3,1,0,0,0,2,0,3
"06041109002",0,1,2,3,1,1,1,0,2,1,1,0,3,2,1,1,4,2,1,2,0,1,4,0,2,2,1
"06041110100",0,0,3,1,0,2,0,6,2,1,2,2,3,3,4,6,4,6,2,4,1,1,1,2,2,1,1
"06041110200",0,0,0,0,0,0,0,0,0,0,0,0,0,0,0,0,0,2,0,0,0,0,0,0,0,0,0
"06041111000",0,5,4,7,8,6,7,8,10,6,13,16,17,10,15,11,14,16,12,13,7,4,9,9,7,6,11
"06041112100",0,4,0,0,0,0,0,2,2,3,0,1,2,1,2,3,0,2,1,2,2,0,3,0,2,2,4
"06041112201",0,0,0,0,0,0,1,0,0,0,0,0,0,0,0,0,0,0,0,0,0,0,0,0,0,0,0
"06041112202",0,9,15,7,0,5,5,15,11,13,11,17,3,9,17,7,19,13,11,6,2,6,11,1,8,6,6
"06041113000",0,1,4,0,0,2,0,0,1,1,0,2,0,3,1,2,3,1,0,1,0,1,0,0,0,0,1
"06041114100",0,3,1,0,1,0,1,1,2,2,2,3,9,0,5,3,6,0,0,0,2,1,2,1,2,3,0
"06041114200",0,2,1,0,1,0,0,0,1,1,3,1,1,1,0,3,1,0,2,2,1,1,0,0,1,0,0
"06041115000",0,0,0,0,0,0,0,0,0,0,0,1,0,1,0,0,0,0,2,2,2,2,0,0,2,0,0
"06041116000",0,0,0,0,0,0,0,0,0,1,3,2,1,1,0,2,1,0,0,0,0,0,1,0,1,0,0
"06041117000",0,3,10,8,4,4,3,3,5,5,8,7,9,5,5,3,4,8,1,6,4,1,5,2,5,2,2
"06041118100",0,0,0,1,2,0,0,0,0,0,0,1,0,0,0,0,4,0,0,0,0,0,1,0,0,0,0
"06041119100",0,3,3,0,0,0,2,0,1,3,3,2,1,2,2,0,1,1,2,3,0,0,0,0,0,1,0
"06041119201",0,3,2,3,0,0,2,0,2,0,2,1,2,0,1,0,0,2,2,2,2,0,3,1,2,4,1
"06041120000",0,6,1,1,3,2,2,4,2,2,1,1,4,0,0,5,0,0,0,2,0,0,1,1,2,4,0
"06041121100",0,5,10,0,0,3,4,0,1,3,5,1,5,3,1,1,4,5,2,3,1,1,2,0,2,3,0
"06041121200",0,1,2,5,2,1,1,1,1,1,8,2,0,0,3,6,3,1,2,0,1,1,0,2,1,0,1
"06041123000",0,1,0,0,0,1,0,0,0,0,0,0,0,0,0,0,0,0,0,0,0,0,0,0,0,0,0
"06041124100",0,3,0,0,1,0,0,1,1,0,1,2,0,0,0,2,4,4,0,0,1,1,0,1,0,2,0
"06041124200",0,0,1,1,1,3,0,0,7,0,3,0,1,1,0,0,1,0,0,1,0,0,1,2,11,1,0
"06041125000",0,0,0,0,0,2,0,1,1,1,1,0,0,0,0,1,1,1,1,0,1,0,0,0,0,0,0
"06041126100",0,2,1,1,6,5,1,1,4,1,4,1,2,2,2,3,1,2,2,7,0,1,2,1,1,1,0
"06041126200",0,0,0,4,0,1,1,0,0,3,1,1,0,1,0,0,0,1,0,2,0,1,0,4,1,1,1
"06041127000",0,1,3,0,5,6,3,2,3,0,1,4,1,4,2,1,3,10,2,2,1,2,1,0,2,5,0
"06041128100",0,0,1,0,1,0,0,0,1,1,1,0,1,0,2,0,2,0,0,0,1,0,0,0,2,0,0
"06041128200",0,0,0,0,0,1,0,1,0,0,0,0,2,1,0,1,1,0,0,0,1,0,2,0,1,2,1
"06041129000",0,0,0,0,0,0,0,0,0,0,0,0,0,0,0,0,0,0,1,0,0,0,0,0,0,0,0
"06041130201",0,2,3,1,2,0,2,3,1,1,3,0,2,0,2,1,1,4,1,4,4,2,4,0,2,1,0
"06041130202",0,11,5,2,1,2,3,1,4,3,8,6,5,2,3,5,3,5,3,3,3,0,0,2,2,8,2
"06041131100",0,0,0,0,0,0,0,0,0,0,0,0,0,0,0,0,0,0,0,0,0,1,0,0,0,0,0
"06041132100",0,3,4,1,1,0,0,1,0,5,1,3,0,0,3,0,1,2,1,3,0,0,0,1,2,5,1
"06041132200",0,0,2,2,2,0,0,2,0,0,1,1,0,2,4,1,2,1,5,1,0,0,0,0,6,2,1
"06041133000",0,1,1,1,0,1,2,1,5,2,3,7,0,3,1,2,3,4,1,2,3,1,0,3,1,1,0
"06055200201",4,10,12,2,0,5,4,0,3,5,2,3,5,9,2,9,2,4,2,6,3,1,2,2,2,1,1
"06055200202",6,9,9,9,5,0,9,2,17,4,10,23,30,4,10,6,3,10,7,8,22,14,16,11,5,22,4
"06055200203",0,1,3,0,0,1,0,0,0,0,0,1,2,1,1,1,0,1,1,1,1,0,0,0,0,0,1
"06055200301",0,4,4,3,0,1,2,1,2,0,4,3,0,2,5,1,1,0,0,2,2,0,0,1,0,2,3
"06055200302",1,0,0,0,0,0,0,0,0,0,0,0,0,0,0,0,0,0,0,0,0,0,0,0,0,0,0
"06055200400",2,1,1,0,3,0,0,2,4,1,0,3,2,0,1,1,0,2,1,1,3,0,1,1,4,0,1
"06055200501",2,7,3,3,4,1,1,1,4,2,5,8,7,11,2,3,4,7,3,2,4,1,4,2,0,4,1
"06055200503",2,6,4,2,2,1,2,2,4,2,4,4,2,6,5,1,3,2,3,3,11,2,3,1,1,3,2
"06055200504",4,8,5,3,3,10,4,6,6,4,5,11,10,6,9,6,16,9,3,6,4,4,8,2,2,5,1
"06055200505",0,0,1,0,0,0,2,0,1,0,1,0,0,0,0,0,0,0,0,1,1,0,0,0,0,0,0
"06055200601",0,1,0,1,0,0,1,1,2,2,2,4,0,2,0,4,2,1,0,0,0,0,0,0,1,1,1
"06055200602",1,0,1,7,1,1,5,0,0,1,3,2,2,2,0,2,1,2,5,2,0,0,3,0,0,3,0
"06055200704",0,5,3,0,2,0,2,0,0,0,0,1,2,3,3,1,1,0,1,0,1,0,0,1,1,1,0
"06055200705",0,0,2,0,0,2,0,0,0,1,2,0,0,0,0,1,0,0,0,1,0,0,0,0,0,0,0
"06055200706",0,2,0,0,0,0,0,0,0,1,0,0,0,1,0,1,0,0,0,0,0,0,0,2,0,0,0
"06055200707",0,0,0,0,1,0,1,1,0,0,3,0,0,0,1,0,0,0,0,0,0,0,0,1,0,1,0
"06055200802",0,0,0,1,1,0,0,1,0,0,2,4,0,1,0,1,1,0,0,0,0,0,0,0,1,1,0
"06055200803",1,0,0,0,0,0,0,0,1,0,0,0,0,0,1,0,0,0,0,0,0,0,0,0,0,0,0
"06055200804",0,2,2,1,2,3,2,0,0,0,1,0,1,0,1,1,0,2,0,0,0,1,1,0,0,0,1
"06055200900",0,0,0,0,0,0,0,0,0,0,0,0,0,0,0,1,0,0,0,0,0,0,0,0,1,0,0
"06055201003",1,2,0,1,0,0,0,0,0,1,1,2,2,0,1,1,2,5,0,1,1,1,0,0,1,0,1
"06055201004",0,0,0,0,0,0,1,0,0,0,1,0,0,0,0,0,0,0,0,0,0,0,0,0,0,0,0
"06055201005",0,0,3,1,2,0,0,0,1,0,1,0,0,1,2,2,0,3,4,1,1,1,1,0,0,1,0
"06055201006",0,0,0,0,1,0,0,1,0,2,3,0,0,1,0,1,2,1,0,0,1,0,0,0,0,0,1
"06055201102",0,1,0,0,1,0,0,0,1,0,1,1,0,0,0,0,0,0,0,12,11,8,9,14,16,15,6
"06055201200",2,0,0,0,1,3,2,0,0,0,2,1,1,1,0,1,1,1,0,1,0,0,0,1,0,2,1
"06055201300",0,1,3,0,1,3,2,0,2,1,2,2,0,0,0,1,1,0,1,7,0,0,2,0,1,1,0
"06055201401",0,0,0,0,0,0,0,0,0,0,0,2,1,1,0,1,0,0,1,0,0,0,0,0,1,0,0
"06055201402",1,0,0,0,0,0,0,0,0,0,0,0,0,0,0,1,0,0,0,0,0,0,0,0,1,0,1
"06055201403",0,0,0,0,1,0,0,0,0,0,0,0,2,0,0,0,0,0,0,0,0,0,0,0,0,0,0
"06055201500",1,1,1,1,1,0,1,1,3,2,0,3,0,2,1,4,2,0,1,0,2,0,2,2,1,1,0
"06055201601",0,1,1,3,2,1,0,2,2,2,3,4,1,1,0,1,1,0,2,0,0,1,3,0,4,1,2
"06055201602",2,8,6,0,3,1,3,5,4,12,2,1,5,3,2,1,2,2,0,3,0,0,3,2,2,3,0
"06055201700",0,0,0,0,0,1,0,0,0,0,0,1,0,1,1,3,0,0,0,0,0,0,0,1,0,0,0
"06055201800",0,1,0,0,0,0,0,0,0,0,1,2,1,1,3,1,1,5,0,0,1,0,1,0,2,0,0
"06055201900",0,0,0,1,0,0,0,0,0,1,2,1,0,0,2,2,0,1,1,0,0,0,0,1,0,0,1
"06055202000",5,13,9,4,3,4,8,3,5,4,13,10,6,4,7,6,7,9,5,3,5,1,4,0,11,7,3
"06075010100",3,1,3,0,2,0,2,5,4,9,1,2,3,2,4,2,1,2,6,5,4,0,7,7,5,8,1
"06075010200",5,5,1,1,0,2,3,1,4,6,4,3,4,0,4,6,5,4,5,0,3,3,3,1,1,3,1
"06075010300",0,0,0,0,0,2,1,1,0,0,1,1,1,1,2,0,0,2,4,0,1,0,4,4,0,0,0
"06075010400",1,0,0,0,0,1,0,0,0,1,2,0,0,3,3,0,0,5,3,2,6,2,0,1,2,2,2
"06075010500",9,1,0,0,2,0,1,1,2,3,2,2,1,0,0,2,2,2,4,12,4,0,3,6,4,1,1
"06075010600",6,4,2,2,1,4,2,5,7,4,6,6,4,5,5,0,10,2,8,11,6,2,3,1,7,3,1
"06075010700",4,3,6,3,3,3,3,1,4,10,5,9,9,6,3,1,7,10,8,0,1,1,2,2,5,12,3
"06075010800",1,1,1,1,1,0,0,1,0,2,0,1,2,1,0,1,1,2,1,0,1,0,1,0,1,0,1
"06075010900",0,0,0,0,1,0,1,2,1,2,2,4,1,1,1,2,2,1,2,3,0,2,1,1,1,2,1
"06075011000",4,0,4,5,1,0,3,2,5,7,4,3,1,2,2,1,5,2,5,5,4,1,1,2,3,3,0
"06075011100",7,5,1,1,9,2,2,3,0,3,5,5,4,1,5,3,5,1,2,4,2,2,2,4,23,11,5
"06075011200",0,2,1,1,0,0,0,0,0,0,0,0,0,0,1,0,0,0,0,0,0,0,0,0,2,0,0
"06075011300",2,0,1,0,0,0,0,2,0,1,0,2,0,1,1,0,0,1,0,2,0,0,0,0,2,0,3
"06075011700",9,8,2,5,10,14,11,7,9,12,12,22,13,7,12,6,9,19,18,20,13,13,9,14,16,14,11
"06075011800",2,1,0,1,3,1,2,1,0,2,1,2,1,0,1,0,0,1,2,2,1,0,2,0,1,0,0
"06075011901",0,0,0,0,1,0,0,0,0,1,2,1,2,0,0,0,5,1,0,0,0,0,1,0,0,1,0
"06075011902",0,3,0,1,0,1,1,0,0,0,0,0,0,0,0,1,1,0,1,3,0,0,3,3,0,0,1
"06075012000",7,1,2,3,2,2,5,3,2,4,2,4,6,0,3,0,5,4,2,3,0,0,6,3,4,3,2
"06075012100",4,3,1,1,0,5,1,0,2,5,4,4,3,2,5,4,8,5,8,13,20,10,8,12,8,20,5
"06075012201",3,1,2,0,1,1,2,2,2,2,1,1,2,0,4,2,2,0,2,1,0,0,2,2,2,1,0
"06075012202",5,3,2,3,0,2,3,3,3,4,7,6,2,1,1,2,2,2,1,0,1,6,0,1,2,1,1
"06075012301",1,1,2,0,0,0,0,1,0,0,1,0,1,0,0,1,0,0,2,7,1,4,2,5,1,1,0
"06075012302",2,1,1,52,9,0,4,3,1,2,4,1,3,4,0,2,5,6,6,4,2,2,5,2,4,6,2
"06075012401",1,1,2,2,0,0,1,1,2,1,2,0,1,2,1,0,0,5,0,2,1,2,1,3,0,1,3
"06075012402",3,2,3,2,2,2,4,3,7,2,3,7,6,1,0,7,2,1,3,4,0,1,3,10,8,3,3
"06075012501",2,4,0,1,1,2,1,3,2,1,3,8,5,6,3,0,3,4,5,4,4,3,6,3,12,9,2
"06075012502",2,0,0,2,1,1,1,0,0,3,5,5,3,3,2,1,1,1,4,1,0,0,0,0,0,5,1
"06075012601",0,0,0,0,1,0,0,0,0,0,0,1,0,0,0,0,0,0,0,0,0,0,0,0,0,1,0
"06075012602",0,0,0,0,0,1,0,0,0,0,0,1,0,1,0,0,0,0,1,0,0,0,1,0,1,0,0
"06075012800",3,2,1,4,4,1,10,0,11,4,4,4,2,2,3,2,4,8,7,5,0,0,3,2,5,2,0
"06075012901",4,1,0,0,2,0,1,4,2,0,0,1,0,0,1,2,0,0,0,2,0,1,0,0,1,0,1
"06075012902",0,0,0,0,1,0,0,3,3,0,2,0,3,1,0,1,2,3,1,1,0,2,1,2,1,3,0
"06075013000",7,7,3,2,7,9,7,3,2,5,8,5,2,2,4,5,9,6,4,7,4,3,2,2,3,2,1
"06075013101",0,1,0,0,0,0,1,1,0,1,3,1,0,1,2,3,0,1,0,0,0,0,0,0,0,0,1
"06075013102",0,0,0,0,1,0,0,1,0,0,2,0,1,1,0,0,0,1,0,0,0,0,0,0,3,1,1
"06075013200",0,0,0,0,1,0,0,0,0,0,0,0,0,0,0,0,0,0,0,0,1,0,1,2,0,0,0
"06075013300",4,2,1,2,4,4,3,3,2,3,4,1,5,1,1,4,7,2,4,7,3,1,4,1,3,1,3
"06075013400",1,3,0,2,3,0,1,2,1,1,4,2,1,3,2,1,2,4,2,2,0,0,3,0,2,3,1
"06075013500",1,3,1,3,0,2,0,2,0,0,4,1,1,1,4,2,2,0,1,1,1,0,1,0,0,0,1
"06075015100",4,0,0,0,2,1,8,2,3,0,6,3,4,3,1,0,3,5,6,1,1,0,0,0,3,1,2
"06075015200",2,0,1,5,1,4,2,1,6,4,0,0,2,3,0,1,1,5,3,2,0,0,1,2,1,2,0
"06075015300",5,0,3,1,0,0,1,1,2,2,5,4,1,2,0,0,5,2,3,1,0,0,2,2,5,4,1
"06075015400",2,3,0,2,2,2,0,2,5,1,2,2,2,1,2,2,1,2,1,3,0,1,0,1,0,0,1
"06075015500",3,5,4,3,5,1,1,2,2,4,3,5,8,5,3,3,8,8,18,2,3,3,1,5,2,8,7
"06075015600",0,0,0,0,0,1,2,0,0,0,0,1,1,1,1,0,0,2,1,1,0,0,0,1,1,0,0
"06075015700",0,3,1,2,1,2,1,0,1,2,3,1,1,0,2,3,0,2,0,7,0,1,4,1,1,0,0
"06075015801",1,1,0,0,0,0,0,0,0,0,0,0,0,0,2,0,0,2,0,0,0,0,0,2,0,0,0
"06075015802",0,5,0,0,2,0,2,0,1,2,1,1,0,1,0,0,2,1,1,0,1,0,0,0,1,1,0
"06075015900",0,0,0,0,0,0,0,5,0,0,2,0,0,0,1,0,1,1,0,1,0,0,1,0,0,0,0
"06075016000",0,1,0,1,1,2,0,0,0,0,8,2,0,0,1,2,3,0,0,0,2,0,0,3,3,5,3
"06075016100",0,1,0,0,0,0,0,0,0,0,0,0,0,0,0,0,0,0,1,1,0,0,0,0,0,1,0
"06075016200",3,5,2,1,2,0,7,1,1,4,4,3,4,8,4,3,2,1,5,1,0,13,8,4,8,5,1
"06075016300",3,2,1,2,0,1,0,4,5,0,1,1,1,1,0,1,2,0,2,0,1,0,0,2,0,1,0
"06075016400",6,10,4,1,2,3,3,2,1,2,3,0,5,1,0,2,1,0,2,2,0,0,2,0,1,0,1
"06075016500",1,1,0,0,1,1,1,1,2,1,3,4,4,0,0,1,1,2,0,1,1,0,0,0,2,1,0
"06075016600",1,5,3,3,3,3,1,3,2,7,1,3,2,1,1,0,2,1,0,3,1,7,2,4,2,2,0
"06075016700",3,1,1,1,2,2,0,3,4,1,1,1,1,1,3,1,3,2,2,2,0,0,1,1,2,1,1
"06075016801",2,6,2,3,1,5,3,0,3,2,1,2,2,0,1,1,3,1,0,1,1,1,1,3,1,0,0
"06075016802",0,0,4,0,2,2,1,0,3,2,0,4,2,0,0,0,1,4,3,3,0,2,0,1,5,4,0
"06075016900",3,3,1,1,0,2,0,3,3,0,0,1,2,0,1,3,1,3,3,3,2,6,0,3,2,1,1
"06075017000",0,0,1,0,0,0,0,1,0,0,0,1,0,1,1,1,2,0,2,0,0,0,0,0,0,0,0
"06075017101",1,0,0,1,0,0,0,0,0,1,0,0,0,0,0,0,0,0,0,0,1,0,0,0,0,1,0
"06075017102",1,2,3,0,1,1,0,2,3,0,3,2,0,0,0,3,0,2,3,1,3,0,1,0,1,3,2
"06075017601",4,9,10,44,7,5,13,15,9,7,19,11,20,3,12,12,10,12,26,5,5,5,14,10,29,6,8
"06075017700",3,5,4,2,1,0,2,1,3,3,8,11,4,2,5,4,1,3,1,11,3,2,2,5,4,2,1
"06075017801",2,3,0,4,0,2,3,4,1,5,0,2,0,1,1,2,8,2,5,1,1,1,2,11,7,2,0
"06075017802",11,3,4,5,3,2,4,3,7,4,5,4,8,1,5,8,5,21,3,5,2,4,3,6,6,10,3
"06075018000",4,6,5,6,2,4,10,4,9,6,7,7,11,7,2,10,7,6,3,11,3,0,6,10,9,8,6
"06075020100",8,5,5,1,6,3,5,5,5,8,8,4,7,7,8,9,7,6,4,8,4,4,3,2,22,4,4
"06075020200",4,5,2,1,3,2,2,3,6,7,7,2,4,5,7,4,3,5,4,4,2,0,2,1,3,1,1
"06075020300",3,1,0,3,1,0,2,0,5,3,3,1,1,3,1,4,4,0,5,0,0,0,1,4,1,5,1
"06075020401",1,2,0,2,2,3,1,2,0,0,1,1,0,0,0,2,1,2,3,0,0,1,0,0,3,2,0
"06075020402",0,0,0,1,0,0,0,0,0,0,0,0,0,0,0,0,0,0,0,0,0,0,0,0,0,0,0
"06075020500",1,3,2,1,1,0,2,2,2,0,2,2,0,1,3,3,0,1,3,3,2,3,1,0,2,4,0
"06075020600",3,1,1,0,4,1,0,2,1,1,1,1,1,2,2,2,2,0,2,1,2,2,0,0,2,3,1
"06075020700",2,2,2,0,1,1,2,3,2,1,2,0,2,0,2,2,3,4,5,1,1,6,3,0,0,0,0
"06075020800",9,7,4,3,3,4,3,3,2,10,7,13,4,3,5,5,11,8,8,12,5,6,7,11,7,8,3
"06075020900",3,2,4,2,3,3,1,4,0,6,11,8,9,6,2,4,3,4,5,3,6,3,34,5,3,4,5
"06075021000",0,2,1,0,0,0,2,0,1,1,4,3,3,0,1,2,0,2,3,2,1,1,2,0,1,1,0
"06075021100",0,0,2,2,0,2,0,0,2,3,2,2,1,2,0,1,1,2,0,2,1,1,1,1,2,0,1
"06075021200",0,0,0,0,0,1,0,0,1,0,0,1,0,0,0,0,0,1,1,1,0,0,0,0,1,1,0
"06075021300",0,0,2,0,0,0,0,0,0,1,0,4,0,0,0,3,0,0,0,0,1,0,0,0,0,1,0
"06075021400",2,1,0,3,1,2,2,2,1,1,1,1,0,4,0,3,0,4,1,3,1,2,0,1,1,0,0
"06075021500",3,0,0,2,1,3,1,2,1,1,3,2,3,2,5,3,3,0,4,0,1,0,1,3,5,2,1
"06075021600",0,0,0,0,0,0,0,0,0,0,0,0,0,0,0,0,0,0,0,0,0,0,0,0,1,0,0
"06075021700",0,1,0,1,0,0,0,0,0,0,0,0,0,0,0,0,0,0,0,0,0,0,0,0,0,0,0
"06075021800",3,0,2,0,0,1,1,2,2,3,0,3,1,1,2,1,3,0,2,2,3,0,0,2,2,1,1
"06075022600",1,2,1,1,2,1,2,1,0,1,1,1,4,1,0,3,2,2,3,2,0,1,2,3,4,4,0
"06075022702",2,1,0,3,3,1,1,2,1,0,1,0,1,1,3,0,0,0,1,1,0,0,1,0,4,0,1
"06075022704",0,1,1,0,0,0,0,0,0,0,0,2,0,1,2,1,1,0,2,0,0,0,0,1,1,0,0
"06075022801",2,3,2,2,1,1,3,6,4,5,5,4,5,15,14,7,6,8,5,5,5,3,5,3,5,0,1
"06075022802",0,0,1,0,0,0,0,0,0,0,0,0,0,0,0,1,1,0,0,0,1,0,0,0,0,0,0
"06075022803",3,1,2,1,0,2,4,3,1,1,2,4,0,0,3,1,3,2,0,1,1,1,1,0,4,2,2
"06075022901",3,5,1,0,1,2,3,4,2,1,6,3,1,4,0,2,3,2,3,2,2,5,2,4,5,1,3
"06075022902",3,0,0,1,1,1,0,0,0,2,2,0,1,0,0,2,1,0,4,1,4,2,2,1,0,0,1
"06075022903",5,0,0,2,1,2,2,1,0,0,2,4,2,1,1,1,0,0,2,0,1,0,0,1,1,1,0
"06075023001",1,1,0,1,0,0,1,1,0,0,0,0,0,0,1,0,3,1,2,0,1,2,1,1,0,0,0
"06075023003",1,1,0,1,1,0,2,0,2,1,1,0,2,0,0,1,0,2,0,2,0,0,1,0,1,0,1
"06075023102",0,0,0,0,0,0,1,0,0,0,1,0,0,0,0,0,0,0,0,0,0,0,0,0,0,0,0
"06075023103",0,0,0,0,1,0,0,0,0,0,0,1,0,0,0,0,0,1,0,0,0,0,0,0,0,0,0
"06075023200",3,1,0,3,2,2,0,1,1,0,4,2,2,5,3,4,1,3,2,2,1,1,1,0,2,0,0
"06075023300",1,0,2,0,0,0,0,2,1,3,3,1,0,1,0,0,2,1,2,0,0,0,8,12,8,7,2
"06075023400",3,4,1,0,2,2,1,0,0,1,2,3,0,1,0,0,0,4,1,0,3,1,0,0,1,3,0
"06075025100",0,1,1,0,0,0,1,1,0,0,1,1,0,1,0,1,0,0,0,1,0,0,0,0,0,2,1
"06075025200",5,2,4,4,1,1,2,2,2,2,3,1,4,1,1,2,6,3,1,0,2,1,1,1,2,1,2
"06075025300",7,1,3,8,1,4,6,1,2,5,10,10,4,3,1,2,3,6,9,0,1,1,4,1,8,3,0
"06075025401",1,2,3,1,2,1,2,3,2,2,3,0,2,2,3,1,1,2,2,1,2,1,1,1,1,0,0
"06075025402",2,0,0,0,2,1,1,0,1,1,0,3,0,1,0,2,0,0,0,2,1,1,0,0,1,0,0
"06075025403",1,0,0,1,0,0,0,1,1,0,0,1,0,0,0,2,3,1,0,0,1,0,1,0,0,0,0
"06075025500",2,2,2,2,0,4,2,1,3,4,2,3,6,0,5,1,2,1,2,2,3,2,2,0,2,5,7
"06075025600",0,0,0,0,0,0,0,0,0,1,1,0,0,0,0,1,0,0,0,0,0,0,0,0,0,0,0
"06075025701",0,0,0,0,1,0,2,1,0,0,0,0,0,0,0,0,1,2,0,0,0,2,0,0,0,2,2
"06075025702",10,7,2,4,3,2,2,0,1,5,5,7,1,4,2,6,1,3,3,4,0,0,1,1,2,2,1
"06075025800",1,0,0,1,0,0,1,1,0,0,2,0,0,1,0,0,0,0,0,1,1,0,0,0,2,0,0
"06075026001",2,1,0,3,2,2,0,2,3,2,7,2,1,3,2,2,0,5,3,3,2,0,2,2,6,1,0
"06075026002",2,0,1,1,0,0,1,0,0,0,0,0,0,0,0,0,0,0,0,0,0,0,0,0,0,0,0
"06075026003",1,2,0,1,0,0,0,0,0,2,1,0,1,1,0,0,0,0,0,0,2,0,0,0,0,1,0
"06075026004",1,0,1,1,1,3,3,1,4,0,3,1,2,1,1,1,0,2,2,1,0,1,3,2,0,1,0
"06075026100",9,1,6,2,3,3,3,2,2,1,3,7,6,0,4,5,5,3,7,2,5,0,4,3,4,2,0
"06075026200",4,2,0,0,3,0,0,1,1,2,1,3,1,3,3,0,3,0,5,1,1,2,2,0,5,3,4
"06075026301",3,3,0,1,1,4,2,0,2,2,7,9,6,3,3,2,3,1,5,0,0,0,1,2,5,2,0
"06075026302",0,2,0,0,0,0,0,0,0,1,2,0,1,0,0,0,0,0,1,0,1,0,1,5,1,1,0
"06075026303",0,1,1,1,0,0,0,1,0,1,1,0,0,2,0,0,0,0,2,2,3,0,1,1,1,6,0
"06075026401",0,0,1,0,0,0,0,0,1,0,0,0,1,0,1,0,1,0,1,1,0,0,0,0,0,1,0
"06075026402",0,0,0,0,0,1,0,0,1,0,1,1,0,0,0,2,0,0,0,0,0,0,0,0,0,0,1
"06075026403",12,4,4,0,2,1,6,1,5,5,5,2,6,0,1,3,2,0,3,1,1,4,1,2,3,0,0
"06075030101",0,0,0,1,0,0,2,0,1,1,1,2,1,0,2,0,1,0,0,0,0,0,0,0,0,1,0
"06075030102",0,0,0,0,0,0,0,0,0,0,1,0,0,1,0,0,0,1,0,0,0,0,0,0,0,0,0
"06075030201",3,1,0,0,0,2,0,0,1,0,3,4,2,0,0,2,1,1,0,1,0,2,3,1,2,1,0
"06075030202",0,3,2,2,4,3,4,4,4,3,8,5,2,1,1,2,5,4,3,6,7,3,2,0,4,2,1
"06075030301",0,0,0,0,0,0,0,0,0,0,0,1,0,0,0,0,0,0,0,0,0,1,0,0,0,0,0
"06075030302",0,0,0,0,0,0,0,0,0,0,0,1,0,0,0,0,0,0,1,0,0,0,0,0,0,0,0
"06075030400",0,0,0,0,1,1,1,2,2,3,1,1,1,0,4,2,5,2,1,1,0,0,0,1,0,3,1
"06075030600",0,1,1,0,0,1,0,1,0,2,0,2,0,1,0,0,0,0,1,0,0,0,0,1,3,0,0
"06075030800",2,3,3,0,3,1,3,1,3,2,2,2,1,0,1,2,6,3,2,2,2,1,1,1,2,1,1
"06075030900",1,2,2,1,0,0,0,0,0,2,2,1,4,2,4,2,1,1,0,1,0,2,0,0,0,0,0
"06075031000",0,1,1,0,0,0,1,0,4,1,0,4,0,0,0,0,0,3,1,0,0,0,2,0,0,4,0
"06075031100",1,4,0,0,4,2,0,0,2,3,2,5,6,1,4,2,1,2,0,1,5,0,1,1,1,1,3
"06075031201",3,1,4,1,2,0,1,6,0,0,1,6,0,5,3,2,2,6,2,1,3,1,1,1,1,1,0
"06075031301",0,1,1,0,0,0,0,0,0,1,1,0,0,0,0,0,0,0,0,0,0,1,0,0,0,0,0
"06075031302",1,2,0,2,1,0,1,2,0,0,1,0,1,1,0,2,1,1,1,3,2,2,1,1,1,2,0
"06075031400",3,0,0,0,0,0,3,0,0,2,3,0,1,0,1,0,1,2,0,0,1,1,0,0,0,1,1
"06075032601",1,3,3,3,0,0,2,1,2,2,3,1,3,0,0,2,2,6,2,1,1,4,3,1,1,2,1
"06075032602",1,1,1,1,0,0,0,0,0,1,1,0,2,0,1,0,0,2,1,1,2,0,0,0,0,0,0
"06075032700",0,1,1,1,0,1,0,1,0,2,0,0,0,1,0,1,0,0,2,0,2,0,0,1,1,3,0
"06075032801",1,2,2,2,0,0,0,0,2,0,0,0,1,1,0,2,1,1,1,1,2,1,0,1,1,0,0
"06075032802",4,5,3,3,2,3,2,1,2,1,5,3,0,1,1,2,8,1,2,1,1,1,1,2,3,0,1
"06075032901",0,2,1,1,0,0,3,1,0,1,2,4,4,1,2,1,0,0,1,1,0,0,1,0,6,3,2
"06075032902",3,0,0,0,1,1,0,1,0,1,1,1,1,0,0,0,0,0,1,0,0,0,0,0,0,0,0
"06075033000",5,9,2,3,1,5,2,7,2,3,8,5,1,1,3,3,6,5,3,3,0,2,1,1,3,3,0
"06075033100",0,0,1,0,3,0,0,0,0,0,0,0,0,0,0,0,0,0,0,0,0,0,0,0,1,0,0
"06075033201",0,0,0,0,0,0,0,0,0,0,0,0,0,0,0,0,11,0,0,0,0,0,0,0,0,0,0
"06075033203",0,0,0,0,0,0,0,0,0,0,0,0,0,0,0,0,1,0,0,0,0,0,0,0,0,0,0
"06075033204",0,0,0,0,0,0,0,0,0,0,0,0,0,0,0,0,0,1,0,0,0,0,0,0,0,0,0
"06075035100",2,1,1,2,1,0,0,0,0,1,0,1,0,1,1,0,0,0,0,0,1,0,0,1,0,0,2
"06075035201",1,0,0,0,0,1,1,0,0,0,0,2,2,1,3,2,0,1,1,0,0,0,4,1,1,2,1
"06075035202",2,1,0,2,1,0,2,1,0,3,2,2,1,0,4,1,2,0,0,1,1,0,2,0,1,2,0
"06075035300",1,0,2,0,1,0,0,0,0,4,0,1,0,0,0,0,2,1,0,0,4,0,0,0,0,0,0
"06075035400",2,1,1,0,0,1,0,0,0,0,1,1,2,0,2,0,0,1,2,1,5,1,0,1,1,2,0
"06075040100",5,3,0,2,2,3,5,2,3,4,1,3,5,2,7,3,3,11,5,2,3,0,1,2,2,3,4
"06075040200",2,2,0,1,2,2,5,0,2,2,5,4,2,0,4,3,4,5,2,1,4,3,0,2,4,2,2
"06075042601",0,3,4,1,0,0,3,2,3,2,2,3,2,2,3,2,2,0,2,1,2,1,3,6,1,2,1
"06075042602",0,0,0,1,1,0,2,0,0,1,0,0,1,3,2,1,1,1,4,1,0,2,4,1,1,0,2
"06075042700",5,1,1,2,1,1,1,0,1,2,2,3,2,9,2,5,8,3,2,2,2,0,5,3,2,1,2
"06075042800",0,0,0,0,0,0,0,0,0,0,0,0,0,0,0,0,1,1,0,0,0,0,0,1,0,0,0
"06075045100",2,5,1,2,0,0,1,0,0,1,2,4,0,0,2,0,1,1,2,0,0,0,1,1,2,2,0
"06075045200",2,4,0,3,1,0,0,2,4,1,2,1,2,4,2,1,0,1,1,1,1,0,1,2,1,0,4
"06075047600",2,1,2,1,0,1,0,0,2,1,2,2,3,1,1,1,1,2,0,1,1,0,0,0,2,1,0
"06075047701",1,1,0,1,0,0,5,1,0,1,1,2,1,0,1,1,0,0,0,0,0,0,1,0,1,0,1
"06075047702",0,0,0,0,0,0,0,0,0,0,0,0,0,0,0,1,1,0,0,0,1,0,1,0,0,1,0
"06075047801",0,0,0,1,0,0,0,0,0,0,3,0,0,1,1,1,1,1,1,1,0,1,0,0,0,1,0
"06075047802",0,0,0,0,0,0,1,0,0,0,6,1,1,1,2,0,0,2,3,1,0,0,0,1,0,1,1
"06075047901",1,0,1,0,1,3,4,1,3,1,4,1,2,0,7,1,3,2,2,0,2,0,1,1,0,1,0
"06075047902",0,0,0,0,0,0,1,0,0,0,0,0,0,0,0,0,0,0,0,0,0,0,0,0,0,0,0
"06075060100",0,0,0,0,0,0,0,0,0,0,0,0,0,0,0,0,0,0,0,6,0,0,0,0,0,0,0
"06075060700",1,3,2,3,0,2,2,1,3,3,8,3,13,2,1,4,5,9,10,10,8,7,3,4,7,4,2
"06075061000",0,1,0,0,0,0,0,0,0,0,0,1,0,0,0,0,0,0,1,0,0,0,0,0,3,1,0
"06075061100",8,5,3,4,3,7,6,7,11,10,11,14,9,6,3,6,10,17,8,7,10,6,10,6,7,15,3
"06075061200",0,1,0,0,1,2,3,5,3,9,3,2,6,2,3,1,1,2,6,4,1,2,2,3,6,7,0
"06075061400",0,0,0,0,0,1,0,0,1,0,1,1,0,0,0,0,0,0,2,5,1,1,1,2,3,0,0
"06075061500",4,6,4,7,4,4,8,19,17,16,12,10,26,7,12,11,33,32,19,26,6,10,36,50,25,18,6
"06075980300",1,0,0,0,0,0,0,1,0,0,0,0,0,0,0,0,0,0,0,0,0,0,0,0,0,0,0
"06075980900",1,4,3,1,1,1,2,2,0,1,4,5,3,4,3,3,3,0,0,5,6,1,12,10,5,9,0
"06081600100",0,2,2,9,1,0,1,0,3,0,3,7,2,0,2,2,2,7,4,3,1,0,3,0,1,4,1
"06081600200",3,0,0,0,0,0,1,0,1,0,0,0,0,2,0,0,1,0,4,1,2,1,2,0,0,0,1
"06081600402",0,0,0,0,0,0,0,1,0,1,0,0,0,0,0,1,0,0,0,0,0,0,0,0,0,0,0
"06081600500",1,0,0,0,0,0,0,0,0,0,0,0,0,0,0,0,0,0,0,0,1,0,0,0,0,0,0
"06081600600",3,4,4,0,0,0,4,4,4,6,4,3,2,8,5,1,6,4,4,7,3,4,3,1,4,2,1
"06081600700",5,3,2,4,1,4,8,5,0,2,9,10,5,2,4,5,12,8,2,1,7,5,2,1,3,2,5
"06081600800",0,0,0,0,0,0,0,0,1,0,0,0,0,0,0,0,0,0,1,0,0,0,0,0,0,0,0
"06081600900",0,0,0,0,0,0,0,0,0,0,0,0,0,0,0,0,0,0,0,1,0,0,0,0,0,0,1
"06081601000",1,0,0,0,0,0,0,0,0,0,1,0,0,0,0,1,2,0,0,0,0,0,0,0,0,1,0
"06081601200",2,1,0,0,1,1,0,0,4,0,1,6,1,2,0,0,1,1,0,1,0,0,0,0,1,0,0
"06081601300",1,3,2,1,1,3,3,4,3,4,3,4,2,2,7,4,1,5,2,2,1,3,2,4,6,3,0
"06081601400",1,0,4,0,0,0,3,1,0,1,1,1,0,1,0,0,2,0,0,0,0,3,0,0,0,2,0
"06081601501",0,0,0,0,0,0,0,0,0,0,0,0,0,0,0,0,0,0,0,0,0,4,0,0,0,0,0
"06081601502",0,2,0,0,0,0,0,0,0,0,0,1,0,0,0,0,0,0,0,0,0,0,0,0,0,0,0
"06081601601",11,2,0,2,3,0,3,4,1,2,0,2,1,8,3,4,2,2,1,0,3,4,1,0,1,2,0
"06081601603",1,0,0,0,4,0,0,0,1,0,0,1,2,1,0,1,1,0,0,0,0,1,1,0,0,0,0
"06081601604",0,1,1,0,0,0,0,0,0,1,3,0,0,0,21,2,4,5,0,0,0,0,2,0,1,2,0
"06081601605",0,0,0,0,0,0,0,0,0,0,1,0,0,0,1,0,0,0,0,0,0,0,0,0,0,0,0
"06081601700",0,0,0,2,0,0,0,0,3,0,0,0,1,0,0,0,0,0,0,0,0,0,0,0,0,0,0
"06081601800",0,0,0,1,0,0,2,0,0,0,0,1,0,0,1,10,1,0,0,0,1,0,3,0,0,0,0
"06081601902",2,2,0,1,1,0,0,1,0,2,0,3,1,0,0,0,0,3,5,1,2,1,0,0,0,1,0
"06081602100",0,1,2,0,0,3,1,0,4,2,2,1,1,4,2,1,1,1,5,2,5,3,0,1,0,0,1
"06081602200",3,11,4,2,1,2,3,4,2,0,6,5,6,3,9,7,5,6,5,1,3,3,4,1,3,5,1
"06081602300",2,7,5,5,2,3,4,3,12,8,9,7,12,7,2,7,16,6,8,10,3,3,2,6,6,10,2
"06081602400",0,3,0,0,0,0,0,0,0,4,0,0,1,1,0,0,0,0,1,0,1,1,1,0,1,0,0
"06081602500",0,0,1,0,0,0,0,0,0,0,0,0,0,0,0,0,1,0,1,0,0,0,0,0,1,0,0
"06081602600",1,0,0,0,0,0,0,0,0,2,1,0,2,2,0,0,2,2,0,0,0,1,0,0,2,0,1
"06081602700",0,2,0,0,0,0,1,0,0,0,0,1,0,0,0,0,1,2,0,0,0,0,0,0,0,0,0
"06081602800",0,0,0,0,0,0,0,0,0,0,1,0,0,0,0,0,0,0,4,0,0,0,1,0,0,0,0
"06081602900",2,2,1,1,2,1,3,0,0,2,5,1,1,0,2,0,1,2,0,0,0,0,1,0,0,1,1
"06081603000",3,5,2,0,2,4,6,3,3,5,6,1,5,3,2,4,4,4,2,1,3,2,4,2,4,1,2
"06081603100",0,1,1,0,0,1,0,0,2,1,0,1,0,0,0,0,0,1,1,0,0,0,2,0,0,0,0
"06081603200",1,5,3,0,0,1,3,1,1,0,0,9,3,4,3,0,1,1,3,0,3,0,1,1,1,1,0
"06081603300",2,2,0,0,0,0,1,0,0,1,0,1,2,3,3,0,0,1,1,0,1,1,0,1,0,0,0
"06081603400",0,0,0,0,0,0,0,0,0,0,0,0,0,1,1,0,0,0,0,0,0,0,0,0,0,0,1
"06081603700",0,3,1,0,0,0,2,0,0,0,0,0,0,1,1,3,1,2,0,3,1,0,1,0,0,0,1
"06081603801",0,0,0,0,0,0,0,0,0,0,0,0,0,1,0,0,0,0,0,0,0,0,0,0,0,0,0
"06081603802",0,0,0,0,0,0,0,0,0,0,0,0,0,0,0,0,0,0,0,1,0,0,0,0,0,0,0
"06081603900",0,0,1,0,0,0,0,2,0,1,2,2,1,2,0,0,3,1,2,7,4,2,0,12,3,1,1
"06081604000",0,0,0,0,0,0,0,0,0,1,0,2,1,0,0,0,1,5,1,0,1,0,0,0,0,1,0
"06081604101",5,9,5,2,4,7,1,6,2,7,7,7,6,3,6,4,11,6,9,7,1,0,6,7,5,5,1
"06081604102",0,1,0,0,5,1,0,0,2,0,3,3,1,0,3,1,0,2,1,1,1,0,0,1,2,1,0
"06081604200",1,4,2,1,0,2,3,2,2,0,4,2,1,2,1,2,1,2,5,2,0,1,1,0,1,1,0
"06081604400",4,5,8,3,4,2,2,2,4,7,7,4,4,1,2,7,4,4,10,6,3,3,4,1,6,19,1
"06081604500",0,0,0,0,1,0,0,0,0,0,1,0,0,1,0,0,0,0,0,1,1,0,0,0,0,0,0
"06081604700",0,0,0,0,0,0,1,0,0,0,0,0,0,0,0,0,0,0,0,0,0,0,0,0,0,0,0
"06081604800",0,0,0,1,0,0,0,1,0,0,0,0,0,0,0,0,0,0,1,0,0,0,0,0,0,0,0
"06081604900",0,0,0,1,0,0,0,0,0,0,0,0,0,0,0,0,0,0,0,0,0,0,0,0,0,0,0
"06081605000",0,2,2,2,4,0,1,0,3,3,3,0,1,2,3,0,0,3,0,3,1,0,1,0,2,1,0
"06081605100",14,9,2,6,5,4,4,7,8,7,6,4,3,1,1,4,3,3,2,7,9,5,3,4,13,3,3
"06081605300",1,1,0,0,2,5,1,2,1,0,3,1,0,2,1,0,1,2,1,0,0,0,0,0,0,2,1
"06081605400",0,7,2,3,2,6,0,1,2,2,2,3,1,1,1,0,0,1,3,2,3,1,0,5,2,4,0
"06081605500",10,9,12,6,5,8,4,6,4,7,4,5,5,12,3,3,12,5,1,7,2,4,1,3,2,8,4
"06081605900",3,2,3,1,1,1,5,3,3,4,4,5,3,0,3,3,1,3,2,3,4,2,4,4,5,1,1
"06081606000",1,2,2,0,0,1,1,1,3,4,2,1,1,0,0,1,3,3,2,1,2,0,1,1,1,0,0
"06081606100",6,0,0,2,1,0,0,0,0,3,0,2,3,0,1,0,1,1,2,1,0,0,0,0,0,1,0
"06081606200",3,2,1,1,1,0,0,0,1,3,2,1,0,1,2,3,0,0,2,1,1,0,1,0,0,2,1
"06081606300",13,10,4,4,9,6,4,8,3,15,9,14,9,4,10,9,9,5,16,14,9,4,4,10,8,9,2
"06081606400",0,2,3,0,4,0,4,0,0,4,1,2,3,1,1,2,0,2,2,3,1,0,1,1,0,3,1
"06081606500",0,0,0,0,0,0,0,0,0,0,0,0,0,0,1,0,0,0,0,0,0,0,0,1,0,0,0
"06081606600",2,1,2,0,1,1,1,2,2,5,1,4,1,1,1,1,3,3,1,2,1,2,2,2,0,0,1
"06081606700",0,0,0,0,0,0,0,0,0,0,0,0,0,0,0,0,0,2,0,0,0,0,0,0,0,0,0
"06081606800",0,0,1,0,0,0,1,0,1,0,0,0,0,1,0,0,0,1,1,0,0,0,0,0,0,0,0
"06081606900",0,0,0,0,0,0,0,0,0,0,2,1,0,0,0,1,0,0,0,0,0,0,0,0,0,0,0
"06081607200",2,2,0,1,1,0,0,1,1,1,1,3,0,1,0,3,0,4,2,1,2,0,0,1,2,1,0
"06081607300",0,0,0,0,0,0,0,0,0,0,1,0,0,0,0,0,0,0,0,0,0,0,0,0,0,0,0
"06081607400",6,3,1,1,3,0,4,3,0,1,2,3,0,0,4,2,1,6,2,4,1,2,1,5,2,4,1
"06081607500",3,2,0,3,1,1,1,3,3,2,2,4,5,1,0,0,4,0,7,5,3,3,2,6,1,3,2
"06081607600",0,1,0,1,3,1,0,0,3,2,0,1,1,0,2,1,0,2,5,1,1,0,2,1,2,3,1
"06081607701",1,0,2,0,0,0,1,0,0,1,0,1,0,0,2,1,0,2,0,0,0,0,0,0,1,0,0
"06081607800",1,0,0,1,0,0,0,0,0,0,0,2,2,0,0,0,0,0,1,0,0,0,0,0,0,0,0
"06081607900",3,3,0,1,1,1,1,2,1,4,0,2,0,0,2,0,3,0,1,1,18,1,1,1,0,4,2
"06081608001",0,0,0,0,0,0,0,0,0,0,0,0,0,0,0,0,0,0,0,0,0,0,0,0,1,0,0
"06081608002",0,0,1,0,0,0,0,0,0,0,0,0,0,0,0,0,0,0,0,0,0,0,0,0,0,0,0
"06081608004",1,2,2,1,1,3,2,2,12,3,1,2,9,7,0,0,8,10,8,2,1,2,1,2,1,0,6
"06081608200",0,0,1,0,0,0,1,0,0,1,1,2,1,0,0,0,0,0,3,0,0,0,0,2,0,0,1
"06081608400",1,0,0,0,2,0,0,1,1,0,1,1,0,0,1,0,0,0,0,1,0,0,2,1,0,0,0
"06081608501",0,2,0,0,0,3,0,0,1,0,3,3,0,0,1,2,1,1,3,3,0,0,0,0,0,1,1
"06081608502",0,0,0,0,0,0,0,0,0,0,1,0,0,1,0,1,0,1,0,1,0,0,0,0,0,0,0
"06081608600",2,0,0,1,1,1,2,0,3,1,1,3,1,1,1,0,3,2,0,0,2,0,0,1,2,0,0
"06081608700",4,2,6,1,1,2,3,1,0,2,5,0,1,2,1,3,0,1,4,0,0,1,11,1,3,3,1
"06081608800",0,0,0,0,0,1,0,0,0,0,1,0,0,0,0,0,0,0,0,0,0,0,0,0,0,0,0
"06081608900",0,0,0,0,0,0,0,0,0,0,0,0,0,0,0,0,0,0,0,0,0,0,0,0,0,1,0
"06081609000",4,2,1,0,4,1,3,1,0,1,2,4,1,3,0,2,2,1,2,1,0,0,2,1,2,2,0
"06081609100",0,2,0,3,2,0,3,4,1,4,3,3,2,1,1,2,1,4,4,5,2,3,0,3,1,2,0
"06081609201",12,10,6,4,2,3,6,0,7,5,3,11,2,5,3,9,4,6,5,2,3,6,9,2,4,2,1
"06081609202",4,6,2,3,0,4,7,4,3,10,7,3,2,2,6,1,6,10,3,3,5,2,3,2,2,3,1
"06081609300",2,2,3,2,1,1,5,1,2,6,5,2,3,4,2,5,6,6,3,0,3,1,2,1,3,4,3
"06081609601",0,0,0,0,0,0,0,0,0,0,0,0,0,0,0,0,0,0,0,0,0,0,0,0,2,0,0
"06081609800",1,0,1,7,0,0,1,0,0,1,3,0,1,0,0,0,2,1,1,1,0,0,0,0,1,1,1
"06081610000",3,1,1,2,0,1,0,3,2,3,2,3,2,1,0,1,5,1,2,2,2,2,1,2,2,1,0
"06081610100",1,0,2,0,0,2,1,1,1,0,1,0,0,0,0,0,0,0,0,0,0,0,0,0,0,0,1
"06081610201",7,5,2,0,1,2,0,3,9,3,1,2,2,2,4,5,0,12,1,2,1,0,1,2,2,4,1
"06081610202",22,15,12,10,3,11,11,8,12,10,14,20,12,3,13,11,11,14,12,10,8,9,11,14,15,12,7
"06081610203",2,3,1,2,0,3,3,1,2,3,3,2,5,0,0,2,1,1,4,5,0,0,2,0,2,0,1
"06081610302",0,0,0,0,2,0,2,0,1,1,1,1,0,0,0,1,3,0,1,3,0,0,0,0,4,0,0
"06081610303",0,0,0,0,0,0,0,0,0,0,2,0,1,0,0,0,0,0,0,0,0,0,4,0,0,1,0
"06081610304",0,3,1,0,0,1,2,1,1,1,0,1,1,1,1,0,0,5,2,24,2,3,0,0,1,3,0
"06081610400",0,3,1,1,0,0,0,1,0,0,0,1,0,0,1,0,1,2,0,0,0,0,0,0,0,0,0
"06081610500",3,2,4,5,0,1,1,1,3,3,4,1,1,3,0,3,0,4,3,0,1,0,3,1,0,2,0
"06081610601",7,7,5,0,3,0,4,3,5,1,6,9,11,1,5,3,6,6,3,6,2,4,3,3,5,10,2
"06081610602",0,2,3,0,0,1,2,1,2,3,3,1,4,2,1,1,0,1,1,1,0,0,0,0,1,4,0
"06081610700",2,4,0,2,4,1,1,6,4,1,4,4,2,6,5,1,4,1,1,0,2,0,0,1,1,1,3
"06081610800",1,0,1,0,0,0,0,2,0,0,1,0,0,0,1,2,1,0,0,0,0,0,3,0,2,0,0
"06081610900",1,0,0,1,0,0,1,0,0,1,0,0,1,0,1,0,1,0,0,2,0,0,0,0,0,0,0
"06081611000",1,0,0,0,0,0,0,1,1,0,1,0,0,0,0,0,1,0,1,0,0,0,2,0,0,1,0
"06081611100",0,0,0,0,0,0,0,1,0,1,2,0,0,0,0,1,0,4,0,0,0,4,1,0,1,0,0
"06081611200",0,1,0,1,0,0,0,0,0,0,0,0,0,0,1,1,0,0,0,0,0,0,0,0,0,0,0
"06081611300",1,1,0,0,0,2,0,1,0,3,2,0,0,1,2,1,2,0,0,3,2,0,0,0,1,2,2
"06081611500",0,1,0,0,0,0,0,0,0,0,0,0,0,0,0,0,0,0,0,0,0,0,0,0,0,0,0
"06081611600",0,0,0,0,1,0,0,0,0,0,0,1,0,0,0,0,0,0,0,0,0,0,1,0,0,1,0
"06081611700",3,1,0,1,0,1,0,0,1,4,0,3,1,1,2,0,1,1,0,2,0,4,1,4,4,5,0
"06081611800",1,0,0,1,0,0,0,0,0,0,1,1,1,0,0,0,1,0,0,0,0,1,0,0,0,1,1
"06081611900",1,1,0,0,0,2,1,0,0,0,1,1,0,0,0,1,0,1,1,0,4,0,0,1,0,0,1
"06081612000",0,2,1,0,2,2,1,1,1,0,0,2,1,0,2,2,2,2,2,1,1,1,1,4,0,1,0
"06081612100",0,0,0,0,0,0,0,0,0,0,0,0,1,0,2,2,0,2,2,1,0,0,1,1,0,0,0
"06081612500",1,1,2,0,0,1,4,1,3,4,2,4,4,1,0,3,0,2,4,1,0,0,2,1,6,4,0
"06081612600",3,4,2,10,2,2,5,5,7,6,10,4,7,1,6,1,5,7,9,9,5,6,4,7,7,2,2
"06081612800",0,1,0,0,0,0,0,0,0,0,0,0,0,0,0,0,0,0,0,0,0,0,0,0,0,0,0
"06081612900",0,1,0,0,1,2,1,0,0,0,0,2,0,0,1,0,1,0,0,0,0,0,0,0,0,0,0
"06081613000",0,0,0,0,1,0,0,0,0,0,0,0,0,0,0,0,0,1,1,0,0,0,0,0,0,0,0
"06081613200",0,0,0,0,1,0,0,2,0,0,0,0,0,0,0,0,3,1,1,2,0,0,0,0,1,1,0
"06081613300",0,0,0,0,0,1,2,0,0,0,0,0,0,0,0,0,0,0,0,0,0,0,0,0,2,0,0
"06081613400",2,1,1,1,0,0,1,2,1,1,1,0,0,0,2,0,0,2,2,1,0,0,0,0,0,2,0
"06081613501",0,0,1,2,2,1,0,1,1,2,1,2,2,0,1,3,2,1,2,0,0,0,2,3,1,2,0
"06081613502",2,2,2,2,1,1,1,1,1,25,0,15,6,3,1,3,3,4,6,2,0,1,0,0,7,1,4
"06081613600",4,2,1,1,3,2,1,3,4,3,9,10,2,12,5,2,13,4,2,0,2,2,1,3,1,2,1
"06081613700",6,6,8,6,9,2,1,3,7,7,8,8,2,1,1,1,9,7,4,6,4,4,3,0,3,13,1
"06081613800",0,0,0,1,0,1,3,2,0,0,1,0,2,1,0,1,3,0,0,1,1,0,0,0,2,1,1
"06081613900",0,5,1,0,1,1,0,1,3,2,0,2,2,1,2,1,1,3,3,1,2,0,1,1,1,1,1
"06081614000",0,0,0,0,0,0,0,0,0,0,0,1,1,0,0,1,0,0,0,0,0,0,0,0,0,0,0
"06085500100",2,3,2,2,3,1,1,5,5,7,3,5,2,2,4,2,5,1,2,3,1,2,3,1,3,5,0
"06085500200",6,3,6,2,0,7,6,5,3,3,1,2,7,0,4,11,3,2,6,2,10,0,2,1,1,3,2
"06085500300",0,5,6,2,3,1,2,4,2,1,3,6,7,3,6,3,7,3,3,8,1,2,19,2,5,5,3
"06085500400",4,3,1,1,1,1,2,2,1,4,4,3,0,2,5,2,4,5,1,2,3,2,0,1,4,1,0
"06085500500",1,4,2,2,0,2,3,10,3,5,4,1,10,3,1,2,2,5,1,3,3,3,5,1,7,1,1
"06085500600",0,5,3,5,1,1,4,7,1,8,7,7,0,6,3,0,5,4,7,3,2,3,3,0,1,4,1
"06085500800",6,7,6,10,0,4,5,19,9,4,14,5,3,7,8,3,4,15,57,21,5,1,5,20,19,11,0
"06085500901",5,5,1,1,3,4,1,2,33,11,7,9,3,1,0,3,7,7,3,6,3,0,0,17,10,3,0
"06085500902",0,1,0,0,0,1,0,2,0,0,0,0,0,1,0,1,0,3,0,0,0,0,0,0,0,2,0
"06085501000",5,1,2,1,2,6,6,15,5,14,7,5,5,2,0,2,3,5,4,1,4,0,3,2,4,9,1
"06085501101",1,0,1,0,0,0,0,2,0,3,0,2,2,0,0,0,1,2,2,0,2,1,1,1,2,1,1
"06085501102",2,1,0,1,1,1,3,0,2,0,1,1,1,0,1,1,2,3,0,0,1,1,0,1,1,1,0
"06085501200",3,2,0,2,0,2,3,0,0,1,6,3,0,3,2,0,3,1,2,0,1,0,1,1,0,2,3
"06085501300",2,2,0,0,1,5,2,2,2,3,3,2,1,0,1,2,6,3,0,2,0,1,0,1,1,2,0
"06085501401",1,1,1,0,1,2,0,0,2,5,0,2,0,0,1,1,1,0,4,2,1,0,1,0,0,0,2
"06085501402",1,1,1,0,0,1,1,1,1,2,0,2,1,1,1,0,2,1,1,2,1,2,0,2,0,1,0
"06085501501",0,0,0,1,0,0,0,1,0,0,0,0,0,0,0,1,0,0,0,0,0,0,0,0,0,0,0
"06085501502",0,1,0,1,2,0,4,2,1,0,1,0,0,3,0,2,1,1,0,0,0,0,0,0,2,1,0
"06085501600",1,2,0,1,2,0,3,1,1,0,3,6,2,5,0,3,3,3,2,4,1,0,3,0,1,2,0
"06085501700",7,3,0,3,1,1,3,6,1,2,1,3,5,4,6,0,5,8,3,1,5,0,3,1,4,5,4
"06085501800",1,1,1,0,3,2,0,1,1,4,3,3,3,2,2,1,1,4,1,1,0,1,0,2,1,3,0
"06085501900",4,7,3,4,2,0,12,6,1,2,10,7,3,2,3,3,5,7,4,1,1,3,4,3,11,2,0
"06085502001",6,3,7,2,3,3,4,0,7,4,6,10,4,9,4,3,5,6,8,9,2,1,2,6,4,6,3
"06085502002",1,0,0,0,0,1,1,0,2,1,2,0,1,0,3,0,2,0,0,0,0,0,1,0,0,4,1
"06085502101",2,0,3,0,1,0,2,1,0,1,3,1,1,0,0,2,7,0,1,4,0,0,1,5,0,0,5
"06085502102",5,1,1,1,1,0,0,2,2,0,0,3,1,1,1,1,0,4,0,4,2,0,0,0,1,5,1
"06085502201",1,2,0,0,0,0,0,0,1,0,0,0,3,2,0,0,3,0,1,0,0,0,0,1,0,1,0
"06085502202",0,5,2,1,1,0,0,3,2,4,3,2,5,3,0,2,0,4,0,3,2,1,1,2,0,0,0
"06085502301",3,2,0,0,0,4,3,4,0,1,1,2,0,2,3,0,2,7,0,3,2,0,0,0,3,0,0
"06085502302",1,2,0,1,0,1,0,0,3,0,2,0,0,0,0,0,1,0,0,0,0,1,0,0,0,0,0
"06085502400",4,1,0,0,0,0,3,1,1,3,5,1,2,0,1,2,0,0,0,1,1,2,0,1,1,2,0
"06085502500",3,1,0,0,4,1,1,2,1,3,0,0,0,2,1,0,1,0,3,1,0,0,1,1,1,1,0
"06085502601",0,3,0,1,0,2,0,0,0,1,1,2,1,1,0,0,0,1,0,2,0,1,2,1,2,0,0
"06085502603",1,2,1,1,1,0,0,0,2,1,3,0,2,2,3,2,5,2,4,0,1,0,1,10,1,2,2
"06085502604",0,2,1,6,0,2,1,1,1,3,8,3,1,0,4,1,3,2,0,5,3,2,3,1,3,1,2
"06085502701",5,1,0,5,3,1,2,1,3,2,6,6,1,2,2,0,6,0,3,3,2,0,4,5,4,3,1
"06085502702",3,4,2,4,2,0,1,0,9,0,5,1,4,1,1,1,1,0,0,2,1,1,1,3,1,7,1
"06085502800",0,0,0,0,0,0,0,1,0,0,0,1,0,0,0,0,1,0,1,1,2,0,0,0,0,2,0
"06085502901",4,2,3,1,1,0,1,0,0,2,0,0,0,1,0,1,0,2,21,4,1,10,3,1,1,0,0
"06085502902",0,0,0,0,0,0,0,0,1,0,3,4,0,1,1,0,0,3,0,1,0,0,0,5,0,0,0
"06085502903",0,0,0,0,0,0,0,2,0,0,0,1,1,0,0,0,0,0,0,0,0,0,0,0,0,0,0
"06085502906",1,1,0,0,0,0,0,0,0,1,0,0,0,0,0,0,0,0,0,0,0,0,1,0,0,0,1
"06085502907",1,0,0,0,0,0,0,0,2,0,0,0,0,0,0,0,0,0,0,0,0,0,0,0,1,0,0
"06085502908",0,0,0,0,1,0,0,0,0,0,1,0,0,0,2,2,1,0,0,0,0,0,1,1,0,2,0
"06085502909",1,0,0,1,0,0,0,1,0,0,1,1,1,0,0,0,1,2,0,3,1,1,0,0,1,0,0
"06085502910",0,0,0,0,0,0,0,0,0,0,1,1,9,0,0,0,1,1,1,2,0,0,1,0,0,3,0
"06085503001",0,0,1,0,1,0,0,0,1,0,2,0,0,0,0,1,0,0,0,0,0,0,0,0,0,0,0
"06085503002",1,0,0,0,0,0,0,1,0,3,0,1,0,0,0,1,0,1,0,0,0,3,0,0,0,1,0
"06085503003",1,0,3,0,0,3,1,1,1,4,1,2,1,1,0,1,0,0,0,0,0,0,1,3,3,0,0
"06085503105",1,0,1,0,1,0,0,3,0,2,0,0,0,0,1,0,0,1,0,0,0,0,0,17,9,18,60
"06085503108",0,0,2,0,0,1,0,2,1,0,1,0,0,0,0,0,1,0,0,0,0,0,0,1,3,0,0
"06085503110",0,1,0,0,0,1,0,0,1,0,1,0,2,0,1,3,0,0,0,0,1,0,0,1,0,0,0
"06085503112",4,3,2,3,2,5,2,0,3,2,3,1,2,0,3,0,1,2,1,1,1,1,1,1,1,2,1
"06085503113",1,0,1,0,2,0,0,4,1,4,0,3,3,2,3,0,0,3,2,1,0,0,2,4,5,2,0
"06085503115",0,0,0,0,0,0,1,1,1,0,0,0,1,1,0,1,2,0,4,0,0,1,4,0,1,1,1
"06085503116",0,0,0,0,0,0,0,0,0,0,0,0,0,1,0,0,1,1,2,0,1,1,1,0,1,1,1
"06085503117",0,0,1,0,0,0,0,0,0,0,0,0,1,2,2,0,0,0,0,2,0,1,1,0,0,3,0
"06085503118",0,0,0,0,0,0,0,0,0,0,4,0,0,0,0,0,4,0,0,0,0,0,0,0,0,0,0
"06085503121",1,4,3,4,4,1,1,2,1,2,3,5,2,3,0,2,0,4,8,2,2,0,3,6,8,12,0
"06085503122",0,0,1,0,3,7,8,6,9,6,4,19,2,6,2,2,2,7,15,3,2,7,3,3,5,4,2
"06085503123",1,0,0,0,0,0,1,0,0,1,0,1,2,0,0,1,1,0,0,1,0,0,0,0,0,1,1
"06085503204",0,2,1,2,1,0,2,2,0,3,2,0,1,0,2,1,0,0,2,0,0,1,1,0,1,0,1
"06085503208",1,0,1,0,0,0,0,0,0,0,0,0,0,0,0,0,0,0,0,0,0,0,0,0,0,0,0
"06085503211",0,0,0,0,0,0,0,0,0,0,0,0,0,0,0,0,0,0,0,0,1,0,0,0,0,0,0
"06085503213",0,0,0,1,0,0,0,0,0,1,0,1,2,1,0,0,0,0,0,0,0,1,0,0,0,0,0
"06085503214",1,0,3,1,1,0,4,0,1,4,2,1,1,1,0,0,1,1,1,0,1,0,1,0,1,0,0
"06085503217",2,2,0,0,0,0,0,0,2,0,0,0,0,0,0,0,0,3,0,0,1,0,1,0,0,0,0
"06085503218",0,0,1,0,0,0,0,0,0,0,0,0,0,0,0,0,0,0,0,0,0,0,0,0,0,0,0
"06085503304",3,3,4,0,1,2,0,0,1,0,8,4,4,2,1,2,1,1,55,21,7,10,8,3,14,11,4
"06085503305",0,2,0,0,0,0,1,1,0,1,1,10,0,0,0,1,0,0,2,0,2,0,1,2,1,4,0
"06085503306",1,0,1,0,0,0,1,1,2,0,1,0,2,1,0,0,0,1,1,1,0,0,0,0,0,0,0
"06085503312",0,0,0,0,0,0,0,0,0,0,0,0,0,0,0,0,0,0,0,0,0,0,0,0,1,0,1
"06085503315",0,0,1,0,0,0,0,0,0,0,0,0,2,0,1,0,0,0,0,0,1,0,0,1,1,1,0
"06085503321",0,0,0,0,0,0,0,0,0,0,1,0,0,0,0,0,0,0,0,0,0,0,0,0,0,0,0
"06085503323",0,0,0,1,0,0,0,2,0,0,0,0,0,0,0,0,0,0,0,0,0,0,0,0,0,0,0
"06085503325",1,0,1,0,0,0,0,0,2,0,3,0,1,0,0,1,1,0,0,0,1,0,0,0,2,0,0
"06085503327",0,0,0,0,0,0,0,0,0,0,0,0,1,1,0,0,0,0,1,1,0,0,0,0,0,0,0
"06085503329",0,0,0,0,0,0,0,0,0,0,0,0,0,0,0,1,0,0,0,0,0,0,0,0,0,0,0
"06085503331",0,0,0,0,0,0,0,0,0,0,0,1,4,0,1,0,0,0,0,0,0,0,0,0,0,0,0
"06085503336",0,0,0,0,0,0,0,0,0,0,1,0,0,0,0,0,0,0,0,0,0,0,0,0,0,0,0
"06085503337",1,0,0,0,0,0,0,0,0,0,0,0,0,0,0,0,0,0,0,0,0,0,0,0,0,0,0
"06085503401",0,0,0,0,0,0,0,0,0,0,0,0,1,0,0,0,1,1,0,0,0,0,0,0,0,0,0
"06085503402",2,0,0,0,3,0,3,0,0,0,0,0,0,0,0,0,1,1,0,0,0,0,0,0,0,0,0
"06085503504",0,0,1,0,0,0,0,0,0,0,0,0,0,0,0,0,5,0,1,0,0,0,0,0,0,0,0
"06085503506",0,1,2,0,0,0,4,0,0,0,0,1,1,0,1,0,0,1,2,1,0,0,0,0,0,2,0
"06085503507",0,0,0,1,0,0,1,0,0,3,1,0,2,0,0,0,1,1,1,0,0,0,0,1,0,0,0
"06085503508",2,1,1,1,2,1,0,1,0,1,0,2,0,1,1,0,0,1,0,3,0,0,2,1,0,1,1
"06085503509",0,0,0,0,0,0,0,0,0,0,0,0,0,0,0,0,0,0,0,0,0,0,0,0,0,1,0
"06085503510",2,2,0,1,0,0,0,0,0,1,0,1,0,1,3,0,0,0,1,0,0,0,1,0,0,1,0
"06085503601",1,2,0,1,0,0,0,0,0,3,2,2,0,0,2,2,1,1,1,2,0,0,0,2,2,1,0
"06085503602",0,0,1,2,1,0,0,0,0,0,0,0,2,0,0,0,0,1,0,1,0,0,0,1,1,1,0
"06085503703",0,2,0,1,1,0,1,0,1,0,4,0,1,2,1,0,0,0,0,1,1,1,1,0,2,1,0
"06085503707",1,0,0,0,0,1,1,3,0,0,1,0,0,1,2,1,1,3,0,3,0,0,0,1,1,1,0
"06085503708",3,0,0,0,0,0,0,0,0,0,0,0,1,0,0,0,0,0,0,0,0,0,1,1,0,0,0
"06085503709",0,0,0,0,0,1,0,0,0,0,0,0,0,0,1,0,0,0,0,0,0,0,0,0,0,0,0
"06085503710",2,1,0,1,0,0,1,2,1,1,0,2,1,1,1,0,1,3,1,1,0,1,1,0,0,0,1
"06085503711",0,0,0,0,0,0,1,0,0,0,0,0,0,0,0,0,0,0,0,0,0,0,0,0,0,0,0
"06085503712",11,14,2,1,1,2,4,7,2,3,8,10,6,1,1,7,4,0,0,32,4,3,3,5,4,10,3
"06085503713",0,0,0,0,0,0,1,0,0,0,1,0,0,0,0,0,0,0,0,0,0,0,0,0,0,0,0
"06085503802",0,0,0,0,0,0,0,2,0,0,0,0,0,0,0,0,0,0,0,0,0,0,0,0,0,0,0
"06085503804",1,1,0,0,1,0,2,0,1,2,0,0,0,0,0,0,0,0,0,0,0,0,1,0,0,0,1
"06085503902",1,1,1,0,0,2,0,0,0,3,0,2,4,0,0,2,6,2,9,1,0,0,2,0,2,3,1
"06085503903",0,0,0,0,0,0,0,0,0,0,0,0,0,0,0,2,0,2,4,0,0,0,0,0,2,1,0
"06085504001",1,1,1,0,0,3,1,5,2,0,1,1,2,0,0,1,0,1,0,0,1,4,2,1,2,1,1
"06085504002",1,0,0,1,0,1,0,1,2,1,1,1,0,1,0,1,0,0,0,0,0,1,1,0,1,1,0
"06085504101",1,0,1,0,3,0,1,3,0,0,1,0,0,1,0,0,1,2,2,0,1,1,1,0,2,1,0
"06085504102",0,0,0,0,1,0,0,0,0,0,0,1,0,1,0,0,1,0,0,0,1,1,0,0,0,0,0
"06085504201",1,0,0,0,0,0,0,0,0,1,0,0,1,0,0,1,0,0,0,1,1,0,0,1,0,0,0
"06085504202",0,0,0,0,0,0,0,1,0,0,0,0,0,0,0,0,0,0,0,0,0,0,0,0,0,0,0
"06085504307",0,0,1,0,0,0,0,0,1,0,0,1,1,0,0,1,0,0,0,0,0,0,2,0,0,0,0
"06085504308",1,1,0,0,0,0,0,1,0,1,0,1,0,0,0,0,1,0,0,0,0,1,0,0,1,0,0
"06085504311",0,0,0,0,0,0,0,1,0,0,0,0,0,0,0,0,0,0,0,0,0,0,0,0,0,0,0
"06085504314",1,1,0,0,0,0,2,0,0,0,1,0,2,0,0,0,0,0,0,1,0,0,1,0,0,0,0
"06085504317",0,0,0,0,0,0,0,0,0,0,0,0,1,0,0,0,0,1,0,0,0,0,0,0,0,0,0
"06085504318",1,1,1,1,0,1,1,2,1,2,1,0,2,2,0,1,2,1,0,4,0,2,0,1,2,3,5
"06085504319",2,0,1,0,0,0,0,0,0,1,0,1,1,0,0,0,0,0,0,0,1,0,0,0,0,0,0
"06085504321",0,0,0,0,0,0,0,0,0,0,2,3,0,0,0,0,0,0,0,0,1,1,1,2,1,1,0
"06085504322",1,0,0,1,0,0,0,0,1,0,0,0,0,0,0,0,0,1,1,2,9,9,9,5,6,6,10
"06085504323",0,0,0,0,0,0,0,0,1,0,0,0,0,0,0,0,0,0,2,0,0,0,0,0,0,0,0
"06085504410",1,0,0,0,0,0,1,0,1,1,3,2,0,0,1,0,2,1,0,0,0,0,0,0,0,0,4
"06085504411",0,0,0,0,0,1,0,0,0,0,0,0,0,0,0,0,0,0,0,1,0,0,0,1,0,0,0
"06085504412",1,0,0,0,0,0,0,0,0,1,0,0,1,0,0,0,0,1,0,0,0,0,0,1,0,2,0
"06085504414",1,0,0,2,0,0,0,0,2,0,0,0,3,0,0,0,1,0,1,0,4,0,1,0,0,0,1
"06085504416",2,1,0,2,1,2,1,0,1,3,4,1,0,0,0,0,1,1,1,0,3,0,0,1,5,0,1
"06085504418",1,0,0,0,0,0,0,0,0,0,14,0,0,0,1,0,0,1,0,1,0,0,0,0,8,0,0
"06085504420",1,0,1,0,0,0,0,1,0,0,1,1,1,0,1,0,0,0,0,0,0,0,0,0,0,0,0
"06085504421",0,0,1,0,0,0,0,0,0,1,0,0,0,0,0,0,0,0,0,0,0,0,0,0,1,0,0
"06085504422",1,0,0,1,0,0,0,2,0,0,0,0,0,0,0,1,0,0,1,0,0,0,0,0,0,0,0
"06085504504",3,3,6,3,0,1,3,17,3,5,18,8,17,4,4,1,6,7,22,13,18,2,3,2,6,7,5
"06085504505",2,0,0,2,1,2,2,3,0,0,1,1,0,0,1,2,1,2,0,0,0,0,1,1,2,3,2
"06085504506",0,0,0,0,0,0,1,1,0,0,0,0,0,1,3,1,0,0,0,0,0,1,0,0,0,1,0
"06085504507",0,0,0,0,1,0,1,1,2,1,0,0,0,0,2,0,0,1,2,1,0,1,0,0,0,0,0
"06085504601",0,1,1,1,0,4,3,2,1,5,4,3,0,1,1,0,1,1,3,0,3,0,3,2,4,2,3
"06085504602",0,0,0,1,0,0,2,7,2,3,0,1,3,2,0,1,2,3,2,1,0,1,0,1,7,2,0
"06085504802",1,0,1,0,0,0,0,0,0,0,0,1,0,0,0,0,1,1,0,0,0,0,0,0,1,0,0
"06085504803",2,2,0,1,0,1,0,2,0,0,2,0,0,0,0,0,1,0,0,1,0,0,0,0,0,1,2
"06085504805",0,1,0,0,0,0,0,0,0,1,0,1,0,0,0,0,0,0,0,0,0,0,0,0,0,0,0
"06085504806",0,0,0,0,0,0,0,0,0,0,0,0,0,0,0,0,0,0,0,0,0,0,1,0,0,0,0
"06085504901",0,0,0,0,0,0,0,0,0,0,0,0,0,0,1,0,0,0,0,0,0,0,0,2,0,0,1
"06085505001",5,1,3,2,3,3,2,4,6,3,2,1,6,2,2,2,4,2,4,5,2,0,2,2,4,4,4
"06085505006",0,1,0,0,0,0,2,2,1,3,4,10,0,2,2,0,3,64,20,13,8,8,10,6,13,9,2
"06085505007",1,2,1,1,2,2,2,1,2,2,0,0,3,1,0,0,2,1,2,0,0,0,0,4,0,1,0
"06085505008",0,0,0,0,0,0,0,0,0,0,0,0,0,0,0,0,0,0,0,0,0,1,0,0,0,0,0
"06085505009",0,0,0,0,0,0,0,0,0,0,0,0,0,0,0,0,0,0,0,0,1,1,0,1,0,7,1
"06085505100",1,2,0,2,3,3,3,1,2,2,4,2,3,6,2,0,10,13,10,10,1,4,8,2,6,7,1
"06085505202",2,4,2,2,3,3,7,12,2,5,7,8,11,2,3,1,11,5,6,5,4,3,6,6,8,4,0
"06085505203",4,6,3,7,3,2,3,5,3,9,5,4,2,8,1,4,2,5,1,1,2,0,3,2,8,0,2
"06085505302",0,1,0,0,0,0,1,0,1,2,0,1,0,0,0,0,2,0,0,1,0,0,0,0,0,1,1
"06085505303",2,1,0,1,0,0,0,0,0,3,1,1,0,0,0,0,0,0,0,0,1,1,0,0,0,0,0
"06085505304",0,0,0,0,0,1,0,2,0,0,0,0,0,1,0,0,0,0,2,0,0,2,2,0,0,0,0
"06085505305",0,2,2,0,0,3,0,3,1,0,4,0,1,1,1,1,0,1,1,0,1,1,1,0,1,2,0
"06085505401",1,2,1,1,1,0,0,1,5,2,2,0,1,3,0,0,1,0,1,1,3,2,1,2,2,1,0
"06085505402",1,0,0,0,0,0,0,0,1,0,2,0,0,0,0,0,1,0,0,0,0,0,1,0,0,0,0
"06085505403",1,2,0,0,0,0,0,0,0,2,3,0,1,0,0,0,0,0,0,0,0,0,0,1,0,0,1
"06085505500",1,0,0,0,1,1,0,0,0,0,0,0,0,1,4,0,1,1,0,0,0,0,0,2,0,1,0
"06085505600",1,0,2,1,0,2,1,2,3,2,0,2,3,5,1,2,1,5,1,3,1,3,2,1,3,2,1
"06085505700",1,0,3,1,0,1,1,0,2,1,1,1,1,0,0,0,5,1,1,2,0,0,0,1,2,2,0
"06085505800",0,2,1,0,2,1,1,4,2,3,1,2,3,0,3,3,3,2,0,2,0,2,0,0,1,2,0
"06085505900",1,4,3,5,1,1,1,2,1,2,5,11,2,2,4,2,0,2,3,4,1,0,2,2,0,4,0
"06085506000",1,1,0,0,0,0,0,0,0,0,0,0,0,0,0,0,0,0,0,0,0,0,0,0,0,0,0
"06085506101",1,0,1,1,0,1,0,0,0,1,1,0,0,1,0,0,0,0,0,0,1,0,0,0,1,1,0
"06085506102",2,1,0,0,0,0,0,2,1,2,0,3,1,3,0,0,1,3,1,0,0,0,1,1,1,0,0
"06085506103",0,0,0,0,1,0,0,0,0,0,0,1,0,0,0,1,0,1,0,0,0,0,1,1,1,1,0
"06085506202",2,1,1,1,2,0,0,2,1,1,1,0,1,2,8,6,1,8,0,2,0,1,1,1,2,1,1
"06085506203",0,1,2,1,0,1,3,0,0,0,1,1,2,1,0,0,3,1,4,1,0,1,0,2,0,1,0
"06085506204",0,0,0,1,0,1,0,1,0,0,0,0,1,0,0,0,0,0,0,0,1,0,0,0,0,0,1
"06085506301",3,0,1,0,1,2,0,1,0,2,1,4,2,0,1,1,2,5,1,0,0,1,11,1,0,0,0
"06085506302",1,1,0,0,0,0,0,0,0,1,1,0,1,1,0,1,2,2,0,0,0,0,1,0,0,1,0
"06085506304",3,2,1,0,0,0,0,0,1,1,3,2,0,2,1,2,4,1,0,0,0,1,0,1,3,2,0
"06085506305",0,0,0,0,0,0,0,1,1,0,1,3,0,0,0,0,0,1,1,0,0,0,0,0,0,0,1
"06085506401",2,3,2,2,1,6,2,2,7,7,8,4,8,1,2,2,4,4,1,0,0,7,2,1,1,7,1
"06085506402",3,2,2,2,0,2,0,1,3,2,2,2,0,2,2,1,0,3,1,1,1,0,4,3,2,1,2
"06085506501",2,1,1,0,1,1,1,1,0,0,0,3,1,0,0,0,0,1,1,0,1,1,0,5,1,1,3
"06085506502",7,8,3,5,7,2,4,7,4,5,6,17,5,3,7,2,6,21,11,7,6,5,1,5,8,2,19
"06085506503",6,1,4,0,0,0,2,1,0,1,12,1,0,2,0,3,2,1,1,2,3,1,0,3,1,0,0
"06085506601",1,2,0,2,0,0,0,17,1,2,6,3,1,0,0,3,2,0,0,3,1,0,0,0,0,0,1
"06085506603",0,0,1,1,0,1,0,0,1,0,0,0,1,1,0,0,0,0,0,0,0,0,0,0,0,0,0
"06085506604",1,0,0,0,0,0,1,0,1,0,0,0,1,0,0,0,0,1,0,0,1,0,1,1,0,1,0
"06085506605",0,0,0,1,0,1,0,0,0,0,2,0,1,0,0,0,1,0,0,1,1,0,0,1,3,1,0
"06085506606",2,0,0,0,0,0,1,0,0,2,0,1,0,0,0,0,0,0,1,0,1,1,0,0,0,1,0
"06085506701",0,0,0,0,0,0,1,0,0,0,0,0,0,0,0,0,0,0,0,0,0,0,0,0,0,0,0
"06085506702",2,0,0,1,0,0,1,1,0,0,1,0,2,1,0,0,1,4,1,0,3,0,0,1,0,0,0
"06085506703",1,0,0,2,0,2,1,1,1,0,4,4,2,2,10,0,3,0,2,2,0,3,0,4,0,2,4
"06085506801",3,0,1,4,1,2,1,2,4,7,4,3,5,3,5,5,3,2,4,1,2,7,2,6,7,2,1
"06085506802",2,0,1,0,0,0,0,0,0,0,2,2,3,0,1,0,3,2,1,4,1,0,0,0,0,2,0
"06085506803",0,2,0,1,1,0,0,1,1,1,1,2,0,0,0,0,1,1,0,0,0,0,1,1,0,0,0
"06085506804",0,0,0,0,0,0,0,0,1,0,3,0,0,0,0,0,0,0,0,0,0,0,0,0,0,1,0
"06085506900",0,1,0,0,0,0,0,0,1,1,0,0,1,1,1,0,1,2,0,0,0,0,0,0,1,0,0
"06085507001",9,5,2,3,8,5,8,9,5,9,4,4,6,3,2,5,7,3,10,5,15,2,2,7,6,3,3
"06085507002",0,0,0,0,0,0,1,0,0,2,0,1,0,0,0,0,0,0,0,0,0,0,0,1,0,4,0
"06085507100",2,6,4,4,1,2,2,8,3,4,7,6,3,2,4,8,5,3,1,2,1,1,4,0,4,2,1
"06085507203",0,0,0,0,0,0,0,0,0,1,0,0,2,1,0,0,0,0,0,0,0,0,0,4,0,0,0
"06085507205",1,0,0,0,0,0,0,0,0,0,0,0,0,0,0,0,0,0,0,0,0,0,0,0,0,0,0
"06085507301",0,0,0,0,0,0,0,2,1,0,0,1,0,0,1,0,0,0,0,0,0,0,0,1,0,0,0
"06085507302",3,2,3,2,0,1,1,2,0,3,0,0,8,1,2,0,5,5,5,2,3,0,0,1,2,6,2
"06085507401",3,8,10,2,1,0,0,0,4,4,0,5,4,2,1,6,1,1,0,1,0,0,2,3,6,0,0
"06085507402",0,0,0,0,0,1,2,0,0,2,0,1,3,1,0,1,1,0,1,0,2,0,1,2,2,0,1
"06085507500",0,1,0,0,0,0,0,0,6,1,2,0,0,0,0,0,0,0,1,0,0,0,0,0,1,0,0
"06085507701",5,2,1,2,0,0,2,2,9,3,6,3,8,1,3,4,3,6,4,3,1,3,2,1,2,7,1
"06085507702",0,0,0,0,0,0,0,0,0,0,0,0,0,0,0,0,0,1,0,0,0,0,0,0,1,0,0
"06085507703",1,2,0,1,2,2,0,2,4,0,2,1,0,0,3,2,1,0,0,3,1,0,0,1,2,1,0
"06085507805",3,3,0,0,1,0,0,1,3,4,0,1,1,5,0,0,2,1,2,0,0,0,1,0,2,0,0
"06085507806",2,0,2,0,0,1,0,3,1,0,0,2,0,0,0,1,3,2,1,1,2,0,1,3,0,0,1
"06085507807",2,2,0,0,0,0,0,3,1,1,0,0,0,0,0,0,2,0,0,0,0,0,0,0,0,0,0
"06085507808",1,0,0,4,0,0,0,0,0,0,5,1,0,1,0,0,7,1,1,0,0,3,5,0,2,1,0
"06085507903",0,0,0,0,0,0,0,0,0,0,0,0,9,0,0,0,0,0,0,0,0,1,0,0,0,0,0
"06085507905",1,5,3,0,0,0,2,12,2,0,2,6,1,0,3,0,2,0,3,1,21,0,4,0,0,1,1
"06085508001",0,2,1,0,0,0,2,3,0,5,2,1,2,3,1,3,4,8,2,3,12,5,3,7,0,1,0
"06085508003",0,1,0,1,0,0,0,2,1,0,0,0,2,0,0,0,1,0,1,0,1,0,0,0,0,0,0
"06085508004",1,0,0,0,0,0,0,0,0,1,0,0,0,0,0,2,0,0,1,0,0,0,1,1,0,3,0
"06085508101",1,1,1,0,0,0,2,5,5,4,2,0,2,2,0,6,1,0,4,1,1,8,1,1,4,0,2
"06085508102",0,0,0,0,0,1,0,0,0,0,0,0,1,0,0,0,0,0,2,3,3,6,2,3,1,3,0
"06085508202",1,3,1,0,0,1,0,1,1,3,3,1,1,0,0,0,3,0,4,1,0,2,1,0,0,1,0
"06085508203",0,0,0,0,0,0,0,0,0,0,0,0,2,1,0,0,0,0,0,0,0,1,1,0,0,1,0
"06085508204",1,2,1,0,0,0,0,0,0,0,0,0,0,0,0,0,0,0,0,1,0,0,2,0,0,0,0
"06085508301",0,0,0,0,0,2,2,0,0,4,0,0,1,1,0,1,0,0,0,0,0,0,1,0,0,0,0
"06085508303",0,0,0,0,0,0,0,1,0,0,0,0,0,0,1,0,0,0,6,1,1,0,0,0,2,1,0
"06085508304",1,0,0,0,0,0,0,1,0,1,0,0,0,1,0,0,0,2,1,1,0,0,0,1,1,1,0
"06085508401",0,2,0,0,1,0,3,0,2,0,0,1,2,3,2,1,2,3,1,0,1,0,0,2,1,0,1
"06085508404",1,1,1,0,0,0,1,1,3,2,0,3,2,0,0,0,1,2,1,0,1,0,1,1,0,2,2
"06085508503",0,1,0,0,1,1,0,1,1,6,0,3,1,1,0,2,0,1,2,2,1,1,1,2,3,2,0
"06085508504",0,0,0,1,1,0,1,0,0,0,0,0,0,0,1,0,1,0,0,1,1,0,1,1,1,1,1
"06085508505",0,0,0,0,0,0,0,0,0,0,1,2,0,0,1,0,0,1,0,0,0,0,0,1,0,0,0
"06085508507",1,0,0,0,0,0,0,0,0,1,1,1,1,1,0,0,0,1,0,0,0,2,0,0,0,0,0
"06085508508",0,0,0,1,0,0,1,0,5,1,1,0,0,2,0,0,0,0,1,0,0,0,0,0,0,0,0
"06085508601",0,0,1,1,0,0,2,0,2,1,0,2,0,2,0,0,1,0,0,4,0,1,0,1,0,2,0
"06085508602",2,1,3,3,1,4,0,2,0,4,6,7,4,1,3,1,4,5,3,2,5,1,3,1,1,4,2
"06085508703",3,1,0,0,0,0,1,0,0,1,1,1,3,0,1,0,3,0,2,1,1,0,0,0,0,0,0
"06085508704",3,2,4,2,0,3,5,2,2,2,7,3,1,2,1,2,3,10,29,42,23,11,5,7,14,11,3
"06085508800",0,0,0,0,0,0,1,0,0,1,1,1,1,0,0,0,0,0,0,0,0,0,0,0,0,0,0
"06085508900",1,0,0,0,0,0,0,0,0,0,0,0,1,0,0,0,0,0,0,0,2,0,0,0,0,0,0
"06085509000",0,3,2,0,0,2,5,0,2,1,2,1,3,1,0,4,4,2,0,2,2,0,0,2,3,2,3
"06085509102",0,0,0,0,0,0,0,4,2,0,3,0,0,0,0,0,0,0,0,1,3,0,3,3,3,0,0
"06085509105",0,0,1,0,0,0,0,0,0,1,0,0,1,0,0,0,1,0,2,1,0,0,2,0,0,2,0
"06085509106",0,0,0,1,0,2,0,1,1,0,1,0,1,0,0,1,0,0,0,1,1,0,1,1,0,0,0
"06085509107",0,0,0,1,0,0,0,0,0,1,0,0,0,0,0,0,1,0,0,1,0,0,0,1,0,0,0
"06085509108",0,0,0,1,0,1,3,1,1,1,1,4,1,1,0,0,0,1,25,17,10,4,8,3,8,8,4
"06085509109",0,1,0,0,1,0,0,1,1,0,0,2,0,0,0,0,0,1,1,0,1,2,0,1,1,0,1
"06085509201",0,1,4,0,3,0,0,1,14,14,0,2,4,4,1,0,4,9,2,21,1,0,4,0,0,3,0
"06085509202",0,0,0,1,1,0,0,0,0,0,0,0,1,0,0,0,0,0,0,0,0,0,0,0,1,1,0
"06085509302",0,0,0,0,0,1,0,0,0,0,3,0,0,0,0,1,1,1,0,0,2,0,0,9,8,0,0
"06085509304",2,1,1,2,2,2,4,4,1,10,6,3,7,5,3,4,5,6,8,8,0,2,3,8,6,9,4
"06085509401",0,2,0,0,0,0,0,0,0,0,1,0,1,1,0,0,0,0,2,0,1,2,1,0,5,1,0
"06085509403",0,0,0,1,0,1,0,0,1,0,1,1,0,0,0,0,0,1,0,1,0,0,0,0,1,4,0
"06085509404",2,1,1,0,1,0,0,5,1,1,0,1,1,0,0,9,0,2,0,2,0,0,6,2,2,4,0
"06085509500",0,1,1,0,0,0,1,1,0,0,4,0,2,2,0,3,0,3,0,5,2,2,5,1,2,3,0
"06085509600",4,1,0,1,4,6,13,8,9,7,14,6,9,0,4,13,8,6,8,3,7,3,3,7,6,9,4
"06085509700",0,1,0,2,2,0,2,2,1,1,2,2,2,1,1,7,3,3,1,2,0,3,1,0,1,0,2
"06085509801",3,0,3,2,0,0,1,0,4,0,1,2,1,0,2,2,3,0,12,3,0,1,1,5,1,0,0
"06085509802",0,1,0,0,0,0,0,0,0,0,0,0,0,1,1,1,1,1,0,1,1,0,0,0,2,0,0
"06085509901",2,0,0,1,0,0,1,1,0,0,1,2,4,1,1,1,0,0,0,17,3,4,3,3,0,0,0
"06085509902",1,2,1,0,0,0,0,0,1,1,1,1,3,1,0,2,3,3,0,1,0,2,1,2,2,0,0
"06085510001",1,1,1,2,0,0,1,0,3,5,4,2,0,1,0,3,4,2,0,3,2,0,2,1,4,1,1
"06085510002",1,0,0,1,0,0,1,1,0,0,0,1,1,0,0,0,1,2,0,0,0,0,0,0,0,1,0
"06085510200",0,0,0,0,0,0,0,0,0,0,0,0,0,0,0,0,0,0,1,0,0,0,0,0,0,0,0
"06085510300",8,3,6,6,7,4,4,9,5,11,19,4,4,4,2,3,9,14,3,13,6,2,6,0,6,4,1
"06085510400",0,4,0,0,3,8,7,5,4,16,2,0,17,2,0,7,5,6,7,4,2,0,13,0,4,5,13
"06085510500",1,0,0,0,1,0,0,0,1,0,0,0,0,3,0,0,2,0,0,1,0,3,0,1,1,1,0
"06085510600",4,0,5,2,0,0,1,4,4,1,1,1,7,2,2,1,2,1,2,0,0,0,0,0,2,1,1
"06085510700",7,7,1,4,1,4,2,10,3,3,3,16,3,1,2,0,2,4,5,3,0,3,2,10,9,6,3
"06085510801",2,2,0,0,0,1,0,0,4,1,3,2,1,0,4,1,2,1,2,0,1,0,0,1,1,2,0
"06085510802",0,0,0,0,0,0,0,0,0,0,0,0,0,0,0,0,0,0,0,0,0,0,0,0,0,1,0
"06085510803",0,0,0,0,0,0,0,0,0,0,0,0,0,0,0,0,0,0,0,5,0,1,0,0,0,2,0
"06085510900",0,0,0,1,0,1,1,0,0,0,0,1,0,0,0,0,1,0,0,0,0,0,0,0,0,0,0
"06085511000",1,0,0,2,0,0,0,0,1,0,3,0,0,1,0,0,1,0,2,0,1,0,2,0,2,0,0
"06085511100",0,0,0,0,0,0,0,0,1,0,0,0,1,0,0,0,0,0,0,0,0,0,1,0,0,1,0
"06085511200",1,0,0,0,0,0,2,0,1,1,1,0,0,0,0,0,0,0,0,1,0,0,0,0,2,1,0
"06085511301",2,3,7,2,2,1,0,1,4,2,2,0,6,3,1,1,2,2,1,3,2,1,1,0,0,4,0
"06085511302",9,12,8,4,3,3,5,5,5,3,12,4,8,3,5,2,6,10,3,5,6,2,5,6,11,7,2
"06085511400",0,0,0,0,0,0,0,0,0,0,0,0,0,0,1,0,0,1,0,0,0,0,1,1,0,0,0
"06085511500",8,0,6,4,4,2,1,6,4,4,12,6,6,6,3,6,13,7,11,4,5,4,4,10,6,3,4
"06085511608",0,0,0,0,0,0,0,0,0,0,0,0,0,0,0,1,0,0,0,0,0,0,0,0,0,0,0
"06085511609",0,0,1,1,0,0,0,0,1,0,0,0,0,0,0,5,1,0,1,0,3,0,0,0,0,0,0
"06085511705",0,0,0,1,1,0,0,2,1,3,0,1,0,0,0,0,2,0,0,0,0,0,0,0,0,1,0
"06085511707",0,0,0,0,0,0,0,0,0,0,0,0,0,0,0,0,0,0,0,0,1,0,0,0,0,0,0
"06085511800",0,0,0,1,0,3,0,0,0,0,0,0,0,0,0,0,0,0,1,0,0,0,0,0,1,0,0
"06085511905",0,0,0,0,0,0,0,0,0,0,0,0,1,0,0,0,0,0,0,1,0,0,0,0,1,1,0
"06085511911",0,0,1,0,0,0,0,2,0,0,0,0,0,0,0,0,0,0,0,0,0,0,0,0,0,0,0
"06085511913",0,0,0,0,0,0,0,0,0,0,0,0,0,0,0,0,0,0,0,0,1,0,0,0,0,0,0
"06085511914",0,0,0,0,0,0,0,0,0,0,0,0,0,1,0,0,0,0,0,0,0,0,0,0,0,0,0
"06085511915",0,0,0,0,1,0,0,0,0,0,0,0,3,0,0,0,0,0,0,0,0,0,1,0,0,1,0
"06085512001",0,0,0,0,0,0,0,0,0,0,0,0,2,0,0,0,23,4,12,9,1,10,26,10,1,8,3
"06085512005",2,0,0,0,0,1,0,0,0,0,0,0,1,0,0,0,0,0,0,0,0,0,0,1,0,0,0
"06085512017",1,0,3,0,0,0,0,1,0,0,0,0,1,0,0,0,1,1,1,0,1,0,0,0,1,0,0
"06085512019",0,2,0,0,0,0,2,0,0,0,0,0,0,0,0,0,0,0,0,0,0,2,0,2,0,0,0
"06085512020",0,0,0,0,0,0,0,0,0,0,0,0,0,0,0,0,0,7,0,0,0,0,0,0,0,0,0
"06085512022",0,0,0,0,0,0,0,0,0,1,0,0,0,0,0,0,0,0,0,0,0,0,0,1,0,0,0
"06085512023",1,0,0,0,0,1,0,0,0,0,0,0,0,0,0,0,0,0,0,0,0,0,0,0,0,0,0
"06085512024",0,0,1,0,0,0,2,0,0,0,0,0,0,0,1,0,1,0,0,1,0,1,0,1,0,0,0
"06085512025",0,0,0,0,0,0,0,0,0,0,1,0,0,0,0,0,0,0,0,0,0,0,0,0,0,0,0
"06085512026",0,0,0,0,1,0,0,0,0,0,0,0,2,1,1,0,0,0,0,0,0,0,0,0,0,0,0
"06085512027",0,3,3,1,0,0,2,1,1,1,3,6,3,2,0,1,1,0,1,0,1,0,2,0,2,0,0
"06085512029",0,0,0,0,0,0,0,0,0,0,0,0,0,0,0,0,0,0,0,1,0,0,0,0,1,0,0
"06085512031",0,0,0,0,0,0,0,0,0,0,2,0,0,0,0,0,0,0,0,0,0,0,0,0,0,0,0
"06085512032",0,1,0,1,0,1,2,1,4,3,1,0,0,1,0,1,1,2,4,0,1,0,0,2,2,0,1
"06085512033",0,0,0,0,0,0,1,0,0,1,2,0,0,0,0,2,0,0,0,0,1,0,5,0,5,0,0
"06085512034",0,1,0,0,0,0,2,0,0,0,1,0,0,0,0,0,0,0,0,0,0,0,0,0,0,0,0
"06085512038",0,0,0,0,0,0,0,0,0,1,0,0,0,0,0,0,0,0,0,0,0,0,0,0,0,0,0
"06085512042",1,0,1,0,0,0,0,0,0,0,0,0,1,1,0,1,1,0,0,0,0,0,0,0,1,0,0
"06085512043",0,1,0,0,0,0,0,0,1,1,0,0,0,0,0,0,0,0,0,0,0,0,2,0,0,0,0
"06085512045",0,0,0,0,0,0,0,0,0,0,0,1,1,0,0,0,0,0,1,0,0,0,0,1,0,1,0
"06085512047",0,0,0,0,0,0,0,0,0,0,0,5,0,0,0,0,0,0,0,0,1,0,0,0,0,0,0
"06085512052",0,0,0,0,0,0,0,0,0,0,0,0,0,0,0,0,0,1,2,0,1,0,0,0,1,0,0
"06085512053",0,0,0,0,0,0,1,0,0,0,1,0,1,0,1,0,0,1,0,0,0,1,0,0,0,0,0
"06085512100",0,0,0,0,0,0,0,0,0,1,0,0,1,0,1,0,0,0,0,0,1,0,0,1,0,0,0
"06085512200",0,0,0,0,0,0,0,0,0,1,0,0,0,0,0,0,0,0,0,0,0,0,0,0,0,0,0
"06085512305",0,0,0,0,0,0,0,0,0,0,0,0,1,0,0,1,0,0,2,0,0,0,0,0,0,0,0
"06085512307",0,0,0,0,0,1,1,0,1,0,1,1,1,2,1,0,0,0,0,0,1,2,1,0,0,0,0
"06085512308",1,0,0,0,0,0,0,0,0,3,0,0,1,0,0,0,0,1,8,1,0,0,0,1,0,0,0
"06085512309",0,0,1,1,0,0,0,0,0,0,0,0,2,0,1,0,4,0,1,0,0,0,0,3,1,0,0
"06085512310",0,0,0,1,2,0,0,0,1,2,1,1,3,3,0,0,2,1,1,1,1,0,2,5,7,1,2
"06085512311",0,0,1,0,1,0,5,1,4,1,0,1,1,0,1,1,3,3,3,10,2,2,0,1,8,2,1
"06085512312",1,1,0,0,2,0,0,0,1,0,1,0,0,0,1,1,0,0,0,1,1,0,0,1,0,0,0
"06085512313",6,4,2,3,1,1,2,5,1,4,5,4,2,2,3,3,5,4,3,0,3,2,0,1,2,4,0
"06085512314",10,6,4,3,3,1,4,9,4,7,3,10,5,4,4,7,1,4,5,7,4,0,3,2,2,3,1
"06085512401",0,0,0,1,1,0,1,2,1,2,0,2,3,2,0,1,4,1,3,0,1,0,0,0,1,1,2
"06085512402",1,1,0,0,0,1,2,1,0,1,0,0,0,1,0,0,0,1,0,1,0,0,0,0,0,0,0
"06085512505",1,0,1,0,0,0,0,0,0,1,0,1,0,1,0,0,0,0,0,0,0,0,0,0,0,0,0
"06085512506",4,2,2,1,1,2,1,3,4,2,2,1,6,1,2,1,2,1,1,4,1,1,1,4,2,4,2
"06085512508",3,0,0,0,0,1,2,0,0,0,1,1,0,0,1,1,2,1,0,0,0,2,0,0,1,1,0
"06085512509",0,0,0,0,0,0,0,0,0,0,0,0,0,0,0,0,0,0,0,0,0,0,0,1,0,0,0
"06085512510",1,2,1,0,0,0,0,0,0,0,1,2,2,0,0,9,0,0,1,0,0,0,0,0,0,0,0
"06085512602",0,0,0,0,1,1,2,0,0,2,2,1,2,2,1,0,3,9,4,1,1,3,2,4,1,0,1
"06085512603",9,7,5,4,3,3,6,6,9,7,4,6,9,2,4,7,5,8,6,7,5,2,12,4,5,6,1
"06085512604",3,2,2,1,4,0,7,4,5,3,3,10,4,0,4,4,8,6,8,4,0,0,4,1,0,0,0
"06095201007",0,0,0,0,0,0,0,0,0,0,0,0,4,0,0,1,0,0,0,0,0,0,0,0,0,0,0
"06095250103",0,0,2,0,0,1,0,0,1,0,0,0,2,1,2,1,0,1,0,0,0,1,1,0,0,0,0
"06095250105",4,3,3,2,1,0,0,10,0,3,2,4,3,0,0,10,1,1,1,0,0,0,2,1,0,1,0
"06095250106",0,0,0,0,0,0,0,0,0,0,0,0,0,0,0,0,0,0,1,0,0,0,0,0,0,0,0
"06095250200",2,2,4,0,2,3,1,2,1,1,3,2,4,1,1,2,2,3,1,0,0,3,1,2,2,0,0
"06095250300",2,4,3,8,4,0,2,2,3,4,2,3,1,2,1,4,4,3,0,1,1,0,1,6,2,3,2
"06095250400",1,1,1,0,1,1,0,0,1,0,1,1,0,1,0,2,1,2,0,1,1,1,0,0,1,0,0
"06095250501",0,0,0,0,0,1,0,0,0,0,0,0,0,0,0,1,0,1,1,0,0,0,0,0,0,0,0
"06095250502",0,0,0,0,0,0,0,2,0,0,0,0,0,0,0,1,0,0,1,0,0,0,0,0,0,0,0
"06095250601",2,0,0,0,0,0,0,0,0,0,0,2,2,0,1,0,2,0,0,0,0,0,0,0,0,0,0
"06095250604",0,0,0,0,0,2,0,0,0,0,0,0,0,0,0,0,0,0,0,0,0,0,0,0,0,0,0
"06095250605",0,0,0,0,0,4,4,0,0,0,0,0,0,0,0,0,0,0,0,8,0,0,0,0,0,0,0
"06095250701",3,2,4,2,2,2,2,0,1,1,1,0,4,1,1,0,6,8,2,2,0,1,2,0,2,3,1
"06095250801",0,0,0,0,0,0,0,0,0,0,0,0,0,0,0,0,2,0,0,1,0,0,0,0,0,4,2
"06095250900",3,8,12,10,1,4,3,7,7,3,5,17,14,15,11,9,10,9,3,4,2,5,3,6,7,7,6
"06095251000",0,1,0,2,0,0,0,1,2,1,0,0,3,2,2,0,2,2,4,1,0,0,0,1,1,1,0
"06095251100",0,0,3,4,0,1,3,0,2,0,3,1,2,1,2,3,4,3,0,2,0,0,1,2,4,0,2
"06095251200",0,1,5,5,2,2,3,4,6,3,5,7,8,4,7,5,4,1,0,0,0,3,2,4,2,6,3
"06095251300",0,1,0,1,0,0,0,1,0,0,0,0,1,0,0,0,0,1,1,0,1,0,1,0,1,0,0
"06095251400",0,1,2,1,1,0,1,2,0,0,0,2,2,1,0,1,1,0,0,1,0,0,1,3,0,4,1
"06095251500",1,12,9,7,6,1,7,9,1,7,8,11,16,8,13,20,10,17,5,9,2,3,7,9,12,22,3
"06095251600",1,2,4,3,4,4,5,3,3,3,5,6,4,4,7,4,5,6,2,4,1,0,3,3,1,5,3
"06095251701",0,2,1,0,0,0,0,1,3,2,1,1,1,1,3,1,1,0,2,1,0,1,1,1,3,0,0
"06095251802",1,4,8,6,0,2,1,6,3,7,3,3,3,7,9,6,12,10,2,9,4,1,1,2,7,6,5
"06095251803",0,0,2,0,0,0,0,0,2,0,1,0,5,0,1,1,0,4,1,2,0,0,0,0,0,0,1
"06095251901",0,0,2,0,0,0,0,0,1,1,0,0,0,0,0,0,0,2,0,0,0,0,0,0,1,0,0
"06095251902",0,0,1,0,0,0,0,0,0,1,1,1,0,0,1,1,0,1,1,0,0,0,0,0,0,0,0
"06095251903",1,0,0,0,1,0,0,0,0,1,2,3,2,0,0,0,0,0,0,0,0,0,2,0,1,2,0
"06095252000",5,6,5,4,3,1,3,3,1,3,9,5,5,5,3,3,5,2,7,9,1,0,4,8,3,2,2
"06095252102",0,18,12,4,5,5,16,2,7,1,2,3,8,4,5,4,3,18,5,3,3,0,1,5,1,2,2
"06095252104",0,0,0,1,0,0,0,0,1,1,0,1,0,0,0,0,0,0,0,0,0,0,0,0,0,0,0
"06095252105",0,0,2,0,1,1,1,0,0,0,0,1,0,1,0,0,0,1,0,0,0,0,0,0,1,0,0
"06095252107",0,0,0,0,0,0,0,0,0,0,1,0,1,0,0,1,0,1,1,0,0,0,0,0,0,0,0
"06095252108",0,0,0,1,0,0,0,0,0,0,0,0,0,2,0,0,1,1,0,0,0,0,0,0,0,0,0
"06095252201",0,1,1,1,4,1,0,1,3,1,1,0,1,0,4,0,0,5,12,5,1,8,0,4,0,4,0
"06095252202",0,1,0,3,0,3,0,0,0,0,0,5,0,1,1,2,5,4,1,5,1,2,0,0,0,1,1
"06095252305",0,0,0,1,0,0,0,0,5,4,2,3,2,1,3,5,5,3,7,1,0,1,4,2,0,1,2
"06095252306",1,1,2,0,1,2,1,0,3,0,1,2,2,1,0,1,0,0,0,1,0,0,1,0,5,0,0
"06095252310",1,0,0,0,0,0,0,0,0,0,1,0,0,1,1,0,0,0,0,1,0,1,1,0,0,0,0
"06095252311",0,0,0,0,0,0,0,0,0,0,0,0,0,0,0,0,0,2,0,0,0,2,0,0,0,1,0
"06095252312",0,0,0,0,0,0,2,0,2,1,0,0,1,1,0,0,1,0,0,3,1,0,0,2,0,0,0
"06095252313",0,1,0,0,0,0,0,0,0,1,0,2,0,0,0,1,0,1,0,0,2,0,1,2,0,0,0
"06095252314",0,0,0,2,0,0,0,0,0,1,0,1,1,0,0,0,0,1,2,2,0,0,0,0,1,0,1
"06095252316",0,0,0,1,0,0,0,0,0,0,0,2,0,0,0,2,0,0,0,0,0,0,3,0,0,1,0
"06095252317",0,0,0,6,0,0,0,0,0,0,0,0,0,0,0,0,0,0,0,0,0,1,0,0,0,0,0
"06095252401",2,0,3,2,4,2,1,3,1,1,1,4,4,3,2,0,0,1,0,0,1,2,0,3,1,1,0
"06095252402",0,3,2,6,1,3,2,7,1,0,4,2,1,4,1,2,3,4,6,3,1,0,2,3,1,2,4
"06095252501",1,3,2,0,4,1,0,4,2,0,2,1,0,1,0,0,0,4,1,1,1,1,0,2,0,0,3
"06095252502",2,3,3,1,3,0,1,1,3,0,4,5,9,8,5,2,7,10,3,3,4,2,1,2,1,1,2
"06095252604",0,1,1,0,0,0,0,2,3,0,1,3,2,1,3,0,1,3,0,0,0,2,3,2,0,0,0
"06095252605",0,0,1,2,0,0,1,0,0,2,2,3,1,2,4,1,2,2,2,3,1,0,3,0,1,1,0
"06095252606",1,6,2,1,0,1,1,1,0,3,2,0,1,3,1,2,4,0,1,3,1,1,1,2,0,2,2
"06095252607",0,0,1,1,0,0,1,3,2,1,13,1,1,1,3,0,0,1,0,2,0,1,0,1,0,2,1
"06095252608",0,0,0,0,0,0,0,0,0,0,1,1,0,1,1,0,0,0,0,5,0,0,0,1,1,1,0
"06095252611",0,0,0,0,0,0,0,1,0,0,0,0,0,0,0,0,0,1,0,0,0,0,0,0,0,0,0
"06095252702",3,4,1,1,1,0,2,1,0,5,4,2,0,4,3,2,1,7,5,11,1,1,0,1,1,1,2
"06095252703",0,5,5,0,0,0,0,1,0,0,1,0,0,0,0,0,0,0,0,0,0,1,1,0,0,0,0
"06095252704",0,0,1,0,0,0,0,0,1,6,0,1,1,1,0,0,1,0,2,0,0,0,0,0,1,2,0
"06095252706",0,0,0,0,1,0,0,0,0,0,1,0,1,0,0,0,1,0,0,0,0,0,0,0,0,0,0
"06095252707",0,0,0,1,0,0,2,0,2,0,1,0,0,1,1,0,0,0,0,0,0,0,1,0,0,0,0
"06095252802",0,0,2,0,0,0,2,1,1,1,2,1,0,1,1,2,2,1,1,1,0,0,0,2,0,0,3
"06095252903",0,2,5,2,1,1,1,1,0,6,3,0,0,1,1,0,0,3,0,0,0,0,0,0,0,0,0
"06095252904",0,1,1,0,0,0,0,1,1,0,1,1,0,1,1,1,1,1,2,2,1,0,0,2,2,0,0
"06095252908",0,0,0,0,0,0,0,0,0,2,0,0,0,0,0,0,0,0,0,0,0,0,0,0,0,0,0
"06095252909",0,2,0,0,0,0,0,0,0,0,0,0,0,0,0,0,0,0,1,0,0,0,0,0,0,0,0
"06095252910",2,1,0,0,0,0,0,0,0,0,0,1,0,0,1,0,0,0,0,0,0,0,0,0,0,0,0
"06095252911",0,1,2,3,7,0,2,2,2,5,3,4,4,4,3,2,3,4,4,3,4,3,5,6,7,3,1
"06095252912",0,0,0,0,0,0,4,1,0,0,0,1,0,0,1,0,4,3,0,1,2,0,1,0,1,0,0
"06095252913",0,0,0,0,0,0,0,0,0,0,0,0,0,0,0,0,0,0,0,0,0,0,0,0,1,0,0
"06095252914",0,0,0,0,0,2,0,0,0,0,0,1,0,0,0,0,0,0,0,0,1,0,0,1,0,1,1
"06095253101",3,14,4,13,3,16,9,6,11,14,12,8,21,10,3,9,13,19,6,7,0,7,4,3,6,4,4
"06095253105",0,0,0,0,0,0,0,0,0,3,4,0,2,2,2,2,3,3,1,2,1,0,1,2,3,2,0
"06095253106",0,0,0,0,1,0,2,4,0,0,0,0,1,2,0,0,4,1,1,1,0,0,0,0,2,0,0
"06095253107",1,1,0,1,2,0,1,1,1,2,0,2,5,4,3,3,4,0,3,0,1,1,1,1,0,1,1
"06095253108",1,2,0,0,1,2,1,0,2,1,2,0,8,5,1,3,1,5,0,1,1,0,2,3,1,1,0
"06095253201",1,0,0,0,0,0,0,0,0,0,0,0,0,0,0,0,1,0,3,0,0,0,0,0,0,0,0
"06095253203",0,1,2,0,0,2,6,0,0,2,4,1,4,5,5,0,3,2,1,2,0,0,0,1,0,0,1
"06095253204",1,0,2,0,0,2,0,0,1,4,0,0,0,0,0,1,7,0,1,2,0,0,0,0,0,0,0
"06095253205",3,3,1,2,5,2,12,2,1,4,1,7,5,5,2,1,1,3,2,2,2,2,1,0,2,2,0
"06095253300",1,0,1,0,0,1,0,1,2,4,1,0,1,0,0,0,0,0,1,0,0,4,0,0,0,0,0
"06095253402",5,3,2,1,0,2,3,5,4,4,4,4,4,10,6,2,8,5,2,6,5,1,0,4,1,5,0
"06095253403",1,0,0,5,2,1,0,0,0,4,2,2,5,1,1,2,2,5,3,1,0,0,3,1,2,0,0
"06095253404",0,1,7,2,0,3,1,0,2,2,3,4,4,4,8,2,4,3,6,8,3,0,4,4,0,1,1
"06095253500",2,1,3,2,2,3,2,1,9,2,7,2,1,1,1,7,11,4,6,1,1,0,1,2,1,2,0
"06097150100",0,1,3,0,1,1,0,1,1,1,1,1,2,2,0,0,1,0,1,1,1,1,0,0,1,0,0
"06097150202",0,8,3,5,7,7,8,5,3,11,8,8,2,0,6,8,3,7,5,2,0,0,7,3,3,4,4
"06097150203",0,2,3,1,2,0,0,2,3,2,4,5,4,1,0,4,1,4,3,1,1,0,2,1,2,0,0
"06097150204",0,5,1,7,4,2,3,5,8,3,5,7,6,5,5,6,5,10,5,1,3,0,4,2,8,4,4
"06097150303",0,0,0,0,1,1,3,0,0,0,1,1,0,0,0,0,0,0,0,0,0,0,0,0,0,0,0
"06097150304",0,0,3,0,0,0,1,1,0,1,1,0,0,2,1,0,1,0,0,1,0,0,0,0,3,0,2
"06097150305",0,0,1,2,1,1,0,5,1,2,2,2,4,1,1,0,2,4,1,1,2,1,1,1,0,1,0
"06097150306",0,4,1,0,3,0,0,3,0,3,3,2,1,5,4,1,3,1,1,1,0,0,1,0,1,1,1
"06097150500",0,2,3,1,2,0,2,0,2,0,3,3,3,1,0,2,2,4,2,3,0,1,0,0,4,1,2
"06097150601",0,0,0,1,0,0,0,1,0,2,2,1,0,0,0,0,0,0,0,0,0,0,0,0,0,0,0
"06097150603",0,1,1,0,0,1,0,0,0,1,5,1,0,2,0,0,1,0,1,0,0,0,0,0,3,1,0
"06097150607",0,1,0,0,3,0,1,0,0,1,0,3,24,6,1,0,1,1,8,2,0,1,1,24,0,6,0
"06097150609",0,4,0,3,5,2,1,14,4,8,3,6,8,1,2,3,0,2,6,1,1,1,2,2,0,1,1
"06097150610",0,0,0,0,1,0,0,0,0,0,1,0,0,0,1,0,1,0,0,0,0,0,0,0,0,0,0
"06097150611",0,0,1,0,0,0,0,0,0,0,1,4,0,0,0,0,0,2,0,0,0,0,0,0,0,0,0
"06097150612",0,1,0,0,1,0,0,0,0,1,0,0,0,1,2,2,0,24,0,15,9,1,1,3,3,5,3
"06097150701",0,10,21,10,8,4,5,7,5,7,11,14,20,7,6,11,15,2,7,8,8,4,6,4,6,6,6
"06097150702",0,0,0,0,0,1,0,0,0,0,0,0,0,0,0,0,0,0,0,0,0,0,0,0,0,0,0
"06097150800",0,1,0,0,1,0,2,2,0,2,0,1,1,0,0,1,1,3,0,1,0,1,0,2,0,0,0
"06097150901",0,10,4,2,1,2,4,2,1,9,3,7,7,5,5,3,9,5,4,5,3,6,2,2,7,5,0
"06097150902",0,2,0,0,1,0,1,0,0,0,1,0,0,1,1,0,0,0,0,2,0,0,0,0,2,0,0
"06097151000",0,0,1,0,0,0,2,0,0,2,3,0,0,1,3,1,4,1,1,1,2,2,0,0,2,2,0
"06097151100",0,0,0,0,0,0,0,0,0,0,0,1,1,0,0,0,0,0,0,0,0,0,0,2,0,0,0
"06097151201",0,3,2,4,4,2,4,3,5,3,5,7,7,9,9,10,5,7,8,4,2,5,3,13,7,1,0
"06097151203",0,0,0,0,0,0,0,0,0,0,3,1,0,0,1,0,1,0,1,0,0,2,0,2,0,0,0
"06097151204",0,1,1,1,1,2,2,3,3,1,0,2,3,4,2,3,2,3,4,2,2,2,1,2,2,1,2
"06097151301",0,2,6,0,1,0,2,0,3,0,0,0,2,4,0,3,0,1,0,0,0,0,2,0,0,0,0
"06097151305",0,15,12,4,0,1,1,1,2,2,1,3,5,6,4,3,4,6,3,5,5,2,2,1,6,3,1
"06097151306",0,0,0,1,0,0,0,0,0,0,0,2,0,0,1,1,0,1,0,0,0,0,0,0,0,0,0
"06097151307",0,0,0,0,0,0,0,0,0,1,0,0,1,7,0,0,0,0,1,1,2,4,1,0,0,0,0
"06097151308",0,3,0,1,0,2,2,0,1,3,1,3,1,0,2,5,3,4,5,2,1,3,0,1,2,0,2
"06097151309",0,1,1,2,0,0,0,0,0,0,0,0,1,0,1,1,0,3,2,1,0,0,0,0,0,0,0
"06097151310",0,0,0,0,0,0,1,10,0,0,1,2,2,0,0,0,0,1,1,0,0,0,0,0,0,0,0
"06097151311",0,0,0,0,0,0,0,0,0,0,6,3,3,1,0,2,3,0,1,1,0,0,0,1,2,0,0
"06097151401",0,0,1,0,1,0,0,3,2,1,1,4,1,0,0,3,0,3,0,0,2,1,0,0,1,0,1
"06097151402",0,7,3,6,7,3,7,5,3,8,8,9,8,7,14,11,12,7,8,4,4,2,2,6,7,9,1
"06097151502",0,1,0,3,1,5,1,0,0,2,4,2,2,1,3,2,2,2,1,0,1,0,0,0,1,1,0
"06097151503",0,0,0,0,0,0,0,0,0,0,0,1,0,0,0,0,0,0,0,1,0,0,0,0,0,0,0
"06097151504",0,0,1,1,0,2,0,2,0,0,1,1,1,0,1,0,3,0,0,1,2,0,5,0,0,1,0
"06097151601",0,1,0,0,1,0,1,1,0,3,0,1,0,0,1,0,1,0,1,0,0,2,0,0,1,1,0
"06097151602",0,0,0,0,0,0,0,0,0,2,3,0,0,0,0,2,1,0,0,0,0,0,0,0,0,0,0
"06097151700",0,0,2,2,0,1,3,5,9,3,1,2,4,0,2,4,4,5,3,4,2,0,1,0,0,3,0
"06097151800",0,7,2,0,2,1,3,4,3,6,7,5,2,3,2,4,5,3,3,20,4,1,4,2,14,2,2
"06097151900",0,4,4,1,3,2,3,3,1,1,2,5,1,10,4,3,6,0,3,1,2,1,1,1,2,0,1
"06097152000",0,10,10,10,11,11,14,9,10,11,21,16,17,11,15,19,16,9,8,15,13,4,9,6,16,7,8
"06097152100",0,5,3,3,1,3,2,3,0,2,5,5,3,7,7,4,3,4,3,4,1,2,3,0,2,2,2
"06097152201",0,2,0,1,1,0,0,2,2,0,5,0,2,2,3,1,1,8,0,1,1,0,1,3,1,2,0
"06097152202",0,0,0,0,0,2,0,0,2,6,4,0,5,2,0,0,1,1,1,2,0,1,2,0,0,1,0
"06097152203",0,5,10,4,4,2,5,5,8,7,11,9,12,14,8,10,9,13,8,2,1,4,4,1,7,4,5
"06097152300",0,2,0,0,0,0,2,2,1,2,3,1,1,3,2,2,0,1,0,0,0,1,0,0,1,2,0
"06097152400",0,1,1,2,3,2,2,2,1,2,4,3,4,6,4,11,13,10,4,6,4,1,2,3,6,1,4
"06097152501",0,1,0,0,0,2,1,0,0,3,0,0,4,2,1,3,4,1,0,1,0,1,1,0,1,0,0
"06097152600",0,0,1,0,0,0,0,0,1,1,0,0,0,1,1,0,0,0,1,0,0,0,0,1,1,0,0
"06097152701",0,2,1,0,0,0,0,4,3,2,1,0,6,3,2,5,1,0,1,0,1,0,0,1,3,1,0
"06097152702",0,2,1,3,3,5,4,2,1,6,3,1,8,4,6,2,6,6,19,5,4,6,2,9,5,4,1
"06097152801",0,1,1,2,3,0,2,2,7,0,6,4,4,7,4,2,5,4,2,2,3,1,3,3,2,2,1
"06097152802",0,6,3,3,2,1,5,5,1,8,2,2,6,3,0,5,8,5,1,5,1,0,3,2,1,3,3
"06097152903",0,0,1,1,2,0,0,0,0,1,2,0,0,5,0,1,2,0,0,0,0,0,1,0,0,2,0
"06097152904",0,0,1,0,0,1,0,0,1,0,0,1,1,0,0,0,0,1,0,1,0,0,0,0,0,1,0
"06097152905",0,0,0,0,0,0,1,0,0,0,0,0,1,0,0,0,0,0,0,0,0,1,0,0,0,0,0
"06097152906",0,1,2,0,2,0,0,1,1,0,0,2,0,0,0,0,4,3,1,0,5,0,2,0,1,0,0
"06097153001",0,7,4,3,5,4,7,5,3,6,7,10,5,8,5,4,17,6,5,6,5,1,5,6,5,5,0
"06097153002",0,7,7,0,0,1,9,2,5,6,4,11,5,11,5,5,4,9,5,7,1,1,0,2,0,4,2
"06097153003",0,2,0,0,1,1,1,0,1,2,1,2,0,0,1,1,1,0,3,2,0,0,0,0,1,2,0
"06097153005",0,0,0,0,0,1,4,2,1,0,3,1,3,0,1,3,2,0,0,2,1,1,0,2,1,1,0
"06097153006",0,0,1,0,1,0,0,0,1,0,0,2,1,0,0,0,0,0,0,0,1,2,0,0,0,1,2
"06097153102",0,1,0,0,2,0,0,0,0,1,1,0,0,0,0,1,0,1,0,0,0,1,0,0,0,0,0
"06097153103",0,0,0,0,0,0,0,0,0,0,0,0,1,0,1,0,1,0,0,0,0,0,0,0,1,0,0
"06097153104",0,1,3,2,1,1,2,1,3,3,4,4,4,2,3,2,3,1,10,1,3,1,3,2,2,3,1
"06097153200",0,1,0,3,2,1,1,1,3,0,1,1,1,3,1,1,2,1,1,5,0,1,0,0,1,0,0
"06097153300",0,0,1,2,1,0,0,7,1,1,5,1,2,0,3,9,0,2,2,3,2,0,16,0,21,8,0
"06097153401",0,6,7,6,1,7,5,3,5,10,11,11,7,6,10,8,9,2,7,6,5,5,5,2,5,2,4
"06097153403",0,3,1,1,4,2,2,4,4,2,8,3,4,4,5,4,5,7,6,8,5,0,1,6,11,1,0
"06097153404",0,0,1,0,0,1,1,0,2,0,1,0,1,0,2,0,1,1,0,2,0,1,0,0,1,1,0
"06097153501",0,0,0,0,0,0,0,0,0,0,0,2,0,1,0,0,2,1,0,0,1,1,0,0,0,0,0
"06097153502",0,0,0,1,0,1,0,0,0,1,0,2,1,1,0,0,2,0,3,0,1,0,0,1,1,0,0
"06097153600",0,2,2,1,1,2,6,1,0,2,3,1,1,2,2,1,0,4,2,3,1,1,0,2,2,2,2
"06097153703",0,1,1,1,4,1,10,4,4,1,2,5,4,4,5,1,4,3,6,0,1,1,2,2,2,3,1
"06097153704",0,13,4,5,2,6,5,7,6,7,7,10,5,16,15,12,8,9,12,3,7,3,5,3,2,6,4
"06097153705",0,2,4,0,1,1,1,5,2,1,3,1,3,2,4,3,3,2,2,1,0,0,2,2,2,3,0
"06097153706",0,5,0,2,1,3,0,0,0,5,0,0,1,0,1,2,2,0,1,1,2,0,1,3,0,0,0
"06097153801",0,0,1,0,0,0,0,0,0,0,0,0,0,2,1,1,2,1,0,1,0,0,0,0,1,0,0
"06097153804",0,0,0,0,0,0,0,0,1,3,1,0,0,1,1,0,0,0,1,0,0,0,0,0,0,0,0
"06097153806",0,0,0,0,0,0,1,1,0,2,3,0,0,1,0,0,1,0,10,0,0,0,0,0,1,0,0
"06097153807",0,0,0,1,0,0,0,0,0,0,0,0,0,1,0,2,0,0,0,0,0,0,0,0,0,0,0
"06097153808",0,0,0,0,1,2,1,1,1,2,7,1,4,2,5,11,21,33,14,25,22,10,2,22,50,5,1
"06097153809",0,1,0,0,1,0,1,0,0,0,1,1,1,1,2,1,3,2,9,0,0,0,0,0,0,1,0
"06097153901",0,1,3,2,2,2,0,0,2,2,2,0,0,2,1,0,0,1,1,1,2,0,0,2,1,0,0
"06097153902",0,12,17,8,4,4,9,4,12,18,12,8,20,8,9,9,8,13,16,10,6,10,8,3,6,10,4
"06097153903",0,0,0,1,0,0,0,0,1,0,1,0,1,0,1,1,0,1,0,1,0,0,0,0,5,3,0
"06097154000",0,0,0,0,0,1,0,0,1,0,0,0,0,0,1,0,0,0,0,0,0,0,0,0,0,0,0
"06097154100",0,2,3,1,0,0,0,0,1,2,0,3,1,1,0,1,0,3,3,0,0,4,0,6,2,1,0
"06097154201",0,6,4,3,0,2,2,1,2,4,7,4,16,3,3,1,2,5,20,1,2,2,1,1,0,3,3
"06097154202",0,6,4,0,2,1,1,3,1,4,1,6,1,2,2,0,0,1,1,1,2,0,0,2,1,0,3
"06097154302",0,5,1,0,1,4,1,0,1,3,0,4,2,5,0,4,7,0,3,1,1,1,1,2,6,4,0
"06097154303",0,0,0,0,2,2,0,0,1,0,0,0,0,0,0,1,1,0,0,0,1,0,1,0,1,1,0
"06097154304",0,3,0,0,0,0,0,2,2,1,2,6,1,0,2,4,2,0,1,4,3,1,0,0,1,0,0
